,start_time,ambient_temperature,battery_id,test_id,uid,filename,cycle_number
0,[2008. 4. 2. 13. 8. 17.921],24,B0005,0,1,00001.csv,1
2,[2008. 4. 2. 16. 37. 51.984],24,B0005,2,3,00003.csv,2
4,[2008. 4. 2. 20. 55. 40.812],24,B0005,4,5,00005.csv,3
6,[2008. 4. 3. 1. 12. 38.671],24,B0005,6,7,00007.csv,4
8,[2008. 4. 3. 5. 27. 49.125],24,B0005,8,9,00009.csv,5
10,[2008. 4. 3. 9. 44. 35.078],24,B0005,10,11,00011.csv,6
12,[2008. 4. 3. 14. 6. 43.234],24,B0005,12,13,00013.csv,7
14,[2008. 4. 3. 18. 28. 47.125],24,B0005,14,15,00015.csv,8
16,[2008. 4. 3. 22. 38. 27.453],24,B0005,16,17,00017.csv,9
18,[2008. 4. 4. 2. 48. 6.156],24,B0005,18,19,00019.csv,10
20,[2008. 4. 4. 6. 58. 0.296],24,B0005,20,21,00021.csv,11
22,[2008. 4. 4. 11. 6. 50.375],24,B0005,22,23,00023.csv,12
23,[2008. 4. 4. 15. 5. 59.906],24,B0005,23,24,00024.csv,13
25,[2008. 4. 4. 19. 5. 19.234],24,B0005,25,26,00026.csv,14
27,[2008. 4. 4. 23. 10. 25.421],24,B0005,27,28,00028.csv,15
29,[2008. 4. 5. 3. 28. 57.234],24,B0005,29,30,00030.csv,16
31,[2008. 4. 5. 7. 33. 12.734],24,B0005,31,32,00032.csv,17
33,[2008. 4. 5. 11. 38. 22.140],24,B0005,33,34,00034.csv,18
35,[2008. 4. 5. 15. 42. 11.531],24,B0005,35,36,00036.csv,19
37,[2008. 4. 5. 19. 46. 36.125],24,B0005,37,38,00038.csv,20
39,[2008. 4. 18. 17. 34. 22.890],24,B0005,39,40,00040.csv,21
43,[2008. 4. 18. 22. 53. 58.343],24,B0005,43,44,00044.csv,22
47,[2008. 4. 19. 4. 12. 6.343],24,B0005,47,48,00048.csv,23
51,[2008. 4. 19. 9. 29. 52.703],24,B0005,51,52,00052.csv,24
55,[2008. 4. 19. 14. 43. 41.265],24,B0005,55,56,00056.csv,25
59,[2008. 4. 19. 20. 9. 47.750],24,B0005,59,60,00060.csv,26
63,[2008. 4. 20. 1. 22. 53.953],24,B0005,63,64,00064.csv,27
67,[2008. 4. 20. 6. 35. 39.765],24,B0005,67,68,00068.csv,28
71,[2008. 4. 20. 11. 57. 8.765],24,B0005,71,72,00072.csv,29
75,[2008. 4. 20. 17. 17. 44.031],24,B0005,75,76,00076.csv,30
79,[2008. 4. 20. 22. 31. 18.046],24,B0005,79,80,00080.csv,31
83,[2008. 4. 21. 17. 51. 26.312],24,B0005,83,84,00084.csv,32
84,[2008. 4. 22. 14. 15. 41.187],24,B0005,84,85,00085.csv,33
87,[2008. 4. 22. 17. 4. 53.218],24,B0005,87,88,00088.csv,34
91,[2008. 4. 22. 21. 56. 21.406],24,B0005,91,92,00092.csv,35
95,[2008. 4. 23. 2. 47. 55.453],24,B0005,95,96,00096.csv,36
99,[2008. 4. 23. 7. 47. 54.718],24,B0005,99,100,00100.csv,37
103,[2008. 4. 23. 12. 37. 17.515],24,B0005,103,104,00104.csv,38
107,[2008. 4. 23. 17. 35. 42.828],24,B0005,107,108,00108.csv,39
111,[2008. 4. 23. 22. 32. 6.671],24,B0005,111,112,00112.csv,40
115,[2008. 4. 24. 3. 20. 23.359],24,B0005,115,116,00116.csv,41
119,[2008. 4. 24. 8. 18. 41.703],24,B0005,119,120,00120.csv,42
123,[2008. 4. 24. 13. 17. 56.250],24,B0005,123,124,00124.csv,43
127,[2008. 4. 24. 18. 14. 28.937],24,B0005,127,128,00128.csv,44
131,[2008. 4. 24. 23. 6. 34.156],24,B0005,131,132,00132.csv,45
134,[2008. 4. 25. 17. 2. 35.703],24,B0005,134,135,00135.csv,46
137,[2008. 4. 25. 21. 32. 20.468],24,B0005,137,138,00138.csv,47
141,[2008. 4. 26. 2. 32. 41.093],24,B0005,141,142,00142.csv,48
145,[2008. 4. 26. 7. 25. 23.031],24,B0005,145,146,00146.csv,49
148,[2008. 4. 28. 17. 20. 47.859],24,B0005,148,149,00149.csv,50
151,[2008. 4. 29. 13. 44. 46.546],24,B0005,151,152,00152.csv,51
155,[2008. 4. 29. 18. 34. 10.656],24,B0005,155,156,00156.csv,52
159,[2008. 4. 29. 23. 28. 20.218],24,B0005,159,160,00160.csv,53
163,[2008. 4. 30. 4. 11. 53.078],24,B0005,163,164,00164.csv,54
167,[2008. 4. 30. 9. 9. 32.281],24,B0005,167,168,00168.csv,55
171,[2008. 4. 30. 13. 56. 29.843],24,B0005,171,172,00172.csv,56
175,[2008. 4. 30. 18. 47. 57.390],24,B0005,175,176,00176.csv,57
179,[2008. 4. 30. 23. 42. 27.250],24,B0005,179,180,00180.csv,58
183,[2008. 5. 1. 4. 42. 57.703],24,B0005,183,184,00184.csv,59
187,[2008. 5. 1. 9. 43. 18.359],24,B0005,187,188,00188.csv,60
191,[2008. 5. 1. 14. 41. 41.578],24,B0005,191,192,00192.csv,61
195,[2008. 5. 1. 19. 38. 17.968],24,B0005,195,196,00196.csv,62
199,[2008. 5. 2. 0. 37. 22.234],24,B0005,199,200,00200.csv,63
203,[2008. 5. 2. 5. 20. 24.687],24,B0005,203,204,00204.csv,64
207,[2008. 5. 2. 10. 11. 31.921],24,B0005,207,208,00208.csv,65
211,[2008. 5. 2. 15. 9. 46.812],24,B0005,211,212,00212.csv,66
214,[2008. 5. 2. 20. 28. 25.781],24,B0005,214,215,00215.csv,67
217,[2008. 5. 3. 0. 50. 52.187],24,B0005,217,218,00218.csv,68
221,[2008. 5. 3. 5. 39. 33.921],24,B0005,221,222,00222.csv,69
225,[2008. 5. 3. 10. 36. 35.781],24,B0005,225,226,00226.csv,70
229,[2008. 5. 3. 15. 30. 41.640],24,B0005,229,230,00230.csv,71
233,[2008. 5. 3. 20. 24. 21.312],24,B0005,233,234,00234.csv,72
237,[2008. 5. 4. 1. 8. 29.578],24,B0005,237,238,00238.csv,73
241,[2008. 5. 4. 6. 7. 29.546],24,B0005,241,242,00242.csv,74
245,[2008. 5. 4. 11. 6. 2.078],24,B0005,245,246,00246.csv,75
249,[2008. 5. 4. 16. 3. 55.281],24,B0005,249,250,00250.csv,76
253,[2008. 5. 4. 21. 2. 41.203],24,B0005,253,254,00254.csv,77
257,[2008. 5. 5. 2. 1. 17.890],24,B0005,257,258,00258.csv,78
261,[2008. 5. 5. 6. 53. 38.406],24,B0005,261,262,00262.csv,79
264,[2008. 5. 5. 17. 40. 16.687],24,B0005,264,265,00265.csv,80
267,[2008. 5. 5. 22. 5. 32.500],24,B0005,267,268,00268.csv,81
271,[2008. 5. 6. 3. 3. 53.390],24,B0005,271,272,00272.csv,82
275,[2008. 5. 6. 8. 2. 5.062],24,B0005,275,276,00276.csv,83
279,[2008. 5. 6. 12. 50. 20.781],24,B0005,279,280,00280.csv,84
283,[2008. 5. 6. 17. 48. 34.906],24,B0005,283,284,00284.csv,85
287,[2008. 5. 6. 22. 46. 40.375],24,B0005,287,288,00288.csv,86
291,[2008. 5. 7. 3. 42. 15.750],24,B0005,291,292,00292.csv,87
295,[2008. 5. 7. 8. 28. 34.453],24,B0005,295,296,00296.csv,88
299,[2008. 5. 7. 13. 26. 13.671],24,B0005,299,300,00300.csv,89
303,[2008. 5. 7. 18. 23. 54.687],24,B0005,303,304,00304.csv,90
307,[2008. 5. 7. 23. 20. 34.515],24,B0005,307,308,00308.csv,91
314,[2008. 5. 9. 17. 26. 51.968],24,B0005,314,315,00315.csv,92
317,[2008. 5. 9. 21. 53. 0.281],24,B0005,317,318,00318.csv,93
321,[2008. 5. 10. 2. 46. 38.734],24,B0005,321,322,00322.csv,94
325,[2008. 5. 10. 7. 42. 46.312],24,B0005,325,326,00326.csv,95
329,[2008. 5. 10. 12. 40. 29.890],24,B0005,329,330,00330.csv,96
333,[2008. 5. 10. 17. 36. 13.062],24,B0005,333,334,00334.csv,97
337,[2008. 5. 10. 22. 32. 2.937],24,B0005,337,338,00338.csv,98
341,[2008. 5. 11. 3. 29. 30.359],24,B0005,341,342,00342.csv,99
345,[2008. 5. 11. 8. 19. 27.953],24,B0005,345,346,00346.csv,100
349,[2008. 5. 11. 13. 16. 38.640],24,B0005,349,350,00350.csv,101
353,[2008. 5. 11. 18. 13. 51.109],24,B0005,353,354,00354.csv,102
357,[2008. 5. 11. 23. 10. 55.875],24,B0005,357,358,00358.csv,103
361,[2008. 5. 12. 4. 0. 32.718],24,B0005,361,362,00362.csv,104
365,[2008. 5. 12. 16. 11. 11.140],24,B0005,365,366,00366.csv,105
368,[2008. 5. 12. 20. 23. 51.828],24,B0005,368,369,00369.csv,106
372,[2008. 5. 13. 1. 16. 51.859],24,B0005,372,373,00373.csv,107
376,[2008. 5. 13. 5. 58. 50.796],24,B0005,376,377,00377.csv,108
380,[2008. 5. 13. 10. 47. 1.828],24,B0005,380,381,00381.csv,109
384,[2008. 5. 13. 15. 43. 41.296],24,B0005,384,385,00385.csv,110
388,[2008. 5. 13. 20. 27. 29.109],24,B0005,388,389,00389.csv,111
392,[2008. 5. 14. 1. 22. 34.765],24,B0005,392,393,00393.csv,112
396,[2008. 5. 14. 6. 18. 57.625],24,B0005,396,397,00397.csv,113
400,[2008. 5. 14. 11. 15. 12.671],24,B0005,400,401,00401.csv,114
404,[2008. 5. 14. 15. 58. 13.406],24,B0005,404,405,00405.csv,115
408,[2008. 5. 14. 20. 54. 30.671],24,B0005,408,409,00409.csv,116
412,[2008. 5. 15. 1. 50. 38.062],24,B0005,412,413,00413.csv,117
416,[2008. 5. 15. 6. 46. 38.500],24,B0005,416,417,00417.csv,118
420,[2008. 5. 15. 11. 42. 28.859],24,B0005,420,421,00421.csv,119
424,[2008. 5. 15. 16. 33. 24.093],24,B0005,424,425,00425.csv,120
428,[2008. 5. 15. 21. 19. 13.234],24,B0005,428,429,00429.csv,121
431,[2008. 5. 16. 18. 43. 58.906],24,B0005,431,432,00432.csv,122
434,[2008. 5. 16. 23. 0. 32.515],24,B0005,434,435,00435.csv,123
438,[2008. 5. 17. 3. 54. 49.125],24,B0005,438,439,00439.csv,124
442,[2008. 5. 17. 8. 47. 46.703],24,B0005,442,443,00443.csv,125
446,[2008. 5. 17. 13. 43. 32.281],24,B0005,446,447,00447.csv,126
450,[2008. 5. 17. 18. 37. 55.593],24,B0005,450,451,00451.csv,127
454,[2008. 5. 17. 23. 32. 50.468],24,B0005,454,455,00455.csv,128
458,[2008. 5. 18. 4. 27. 19.656],24,B0005,458,459,00459.csv,129
462,[2008. 5. 18. 9. 22. 51.046],24,B0005,462,463,00463.csv,130
466,[2008. 5. 18. 14. 6. 39.921],24,B0005,466,467,00467.csv,131
470,[2008. 5. 18. 18. 58. 12.609],24,B0005,470,471,00471.csv,132
474,[2008. 5. 18. 23. 53. 33.781],24,B0005,474,475,00475.csv,133
478,[2008. 5. 19. 4. 48. 55.437],24,B0005,478,479,00479.csv,134
481,[2008. 5. 19. 17. 58. 12.687],24,B0005,481,482,00482.csv,135
483,[2008. 5. 19. 22. 8. 37.250],24,B0005,483,484,00484.csv,136
486,[2008. 5. 20. 2. 38. 35.343],24,B0005,486,487,00487.csv,137
490,[2008. 5. 20. 7. 33. 50.828],24,B0005,490,491,00491.csv,138
494,[2008. 5. 20. 12. 28. 58.687],24,B0005,494,495,00495.csv,139
498,[2008. 5. 20. 17. 19. 3.375],24,B0005,498,499,00499.csv,140
502,[2008. 5. 20. 22. 12. 15.984],24,B0005,502,503,00503.csv,141
506,[2008. 5. 21. 3. 1. 6.687],24,B0005,506,507,00507.csv,142
510,[2008. 5. 21. 7. 45. 45.343],24,B0005,510,511,00511.csv,143
514,[2008. 5. 21. 12. 39. 25.421],24,B0005,514,515,00515.csv,144
518,[2008. 5. 21. 17. 31. 40.671],24,B0005,518,519,00519.csv,145
522,[2008. 5. 21. 22. 23. 21.421],24,B0005,522,523,00523.csv,146
526,[2008. 5. 22. 3. 4. 11.015],24,B0005,526,527,00527.csv,147
530,[2008. 5. 22. 7. 53. 42.703],24,B0005,530,531,00531.csv,148
534,[2008. 5. 22. 12. 44. 24.687],24,B0005,534,535,00535.csv,149
538,[2008. 5. 22. 17. 39. 2.953],24,B0005,538,539,00539.csv,150
542,[2008. 5. 22. 22. 20. 44.390],24,B0005,542,543,00543.csv,151
546,[2008. 5. 23. 17. 12. 57.796],24,B0005,546,547,00547.csv,152
549,[2008. 5. 23. 21. 36. 0.750],24,B0005,549,550,00550.csv,153
553,[2008. 5. 24. 2. 30. 34.593],24,B0005,553,554,00554.csv,154
557,[2008. 5. 24. 7. 21. 25.140],24,B0005,557,558,00558.csv,155
561,[2008. 5. 24. 12. 3. 55.937],24,B0005,561,562,00562.csv,156
565,[2008. 5. 24. 16. 52. 7.875],24,B0005,565,566,00566.csv,157
569,[2008. 5. 24. 21. 42. 10.750],24,B0005,569,570,00570.csv,158
573,[2008. 5. 25. 2. 27. 37.250],24,B0005,573,574,00574.csv,159
577,[2008. 5. 25. 7. 18. 6.015],24,B0005,577,578,00578.csv,160
581,[2008. 5. 25. 12. 12. 16.578],24,B0005,581,582,00582.csv,161
585,[2008. 5. 25. 16. 57. 49.359],24,B0005,585,586,00586.csv,162
589,[2008. 5. 25. 21. 43. 40.953],24,B0005,589,590,00590.csv,163
593,[2008. 5. 26. 2. 33. 39.031],24,B0005,593,594,00594.csv,164
597,[2008. 5. 26. 7. 21. 44.953],24,B0005,597,598,00598.csv,165
601,[2008. 5. 26. 12. 5. 7.078],24,B0005,601,602,00602.csv,166
605,[2008. 5. 26. 16. 51. 13.375],24,B0005,605,606,00606.csv,167
609,[2008. 5. 26. 21. 41. 33.468],24,B0005,609,610,00610.csv,168
612,[2008. 5. 27. 17. 53. 59.765],24,B0005,612,613,00613.csv,169
615,[2008. 5. 28. 11. 9. 42.046],24,B0005,615,616,00616.csv,170
616,[2008. 4. 2. 13. 8. 17.921],24,B0006,0,617,00617.csv,1
618,[2008. 4. 2. 16. 37. 51.984],24,B0006,2,619,00619.csv,2
620,[2008. 4. 2. 20. 55. 40.812],24,B0006,4,621,00621.csv,3
622,[2008. 4. 3. 1. 12. 38.671],24,B0006,6,623,00623.csv,4
624,[2008. 4. 3. 5. 27. 49.125],24,B0006,8,625,00625.csv,5
626,[2008. 4. 3. 9. 44. 35.078],24,B0006,10,627,00627.csv,6
628,[2008. 4. 3. 14. 6. 43.234],24,B0006,12,629,00629.csv,7
630,[2008. 4. 3. 18. 28. 47.125],24,B0006,14,631,00631.csv,8
632,[2008. 4. 3. 22. 38. 27.453],24,B0006,16,633,00633.csv,9
634,[2008. 4. 4. 2. 48. 6.156],24,B0006,18,635,00635.csv,10
636,[2008. 4. 4. 6. 58. 0.296],24,B0006,20,637,00637.csv,11
638,[2008. 4. 4. 11. 6. 50.375],24,B0006,22,639,00639.csv,12
639,[2008. 4. 4. 15. 5. 59.906],24,B0006,23,640,00640.csv,13
641,[2008. 4. 4. 19. 5. 19.234],24,B0006,25,642,00642.csv,14
643,[2008. 4. 4. 23. 10. 25.421],24,B0006,27,644,00644.csv,15
645,[2008. 4. 5. 3. 28. 57.234],24,B0006,29,646,00646.csv,16
647,[2008. 4. 5. 7. 33. 12.734],24,B0006,31,648,00648.csv,17
649,[2008. 4. 5. 11. 38. 22.140],24,B0006,33,650,00650.csv,18
651,[2008. 4. 5. 15. 42. 11.531],24,B0006,35,652,00652.csv,19
653,[2008. 4. 5. 19. 46. 36.125],24,B0006,37,654,00654.csv,20
655,[2008. 4. 18. 17. 34. 22.890],24,B0006,39,656,00656.csv,21
659,[2008. 4. 18. 22. 53. 58.343],24,B0006,43,660,00660.csv,22
663,[2008. 4. 19. 4. 12. 6.343],24,B0006,47,664,00664.csv,23
667,[2008. 4. 19. 9. 29. 52.703],24,B0006,51,668,00668.csv,24
671,[2008. 4. 19. 14. 43. 41.265],24,B0006,55,672,00672.csv,25
675,[2008. 4. 19. 20. 9. 47.750],24,B0006,59,676,00676.csv,26
679,[2008. 4. 20. 1. 22. 53.953],24,B0006,63,680,00680.csv,27
683,[2008. 4. 20. 6. 35. 39.765],24,B0006,67,684,00684.csv,28
687,[2008. 4. 20. 11. 57. 8.765],24,B0006,71,688,00688.csv,29
691,[2008. 4. 20. 17. 17. 44.031],24,B0006,75,692,00692.csv,30
695,[2008. 4. 20. 22. 31. 18.046],24,B0006,79,696,00696.csv,31
699,[2008. 4. 21. 17. 51. 26.312],24,B0006,83,700,00700.csv,32
700,[2008. 4. 22. 14. 15. 41.187],24,B0006,84,701,00701.csv,33
703,[2008. 4. 22. 17. 4. 53.218],24,B0006,87,704,00704.csv,34
707,[2008. 4. 22. 21. 56. 21.406],24,B0006,91,708,00708.csv,35
711,[2008. 4. 23. 2. 47. 55.453],24,B0006,95,712,00712.csv,36
715,[2008. 4. 23. 7. 47. 54.718],24,B0006,99,716,00716.csv,37
719,[2008. 4. 23. 12. 37. 17.515],24,B0006,103,720,00720.csv,38
723,[2008. 4. 23. 17. 35. 42.828],24,B0006,107,724,00724.csv,39
727,[2008. 4. 23. 22. 32. 6.671],24,B0006,111,728,00728.csv,40
731,[2008. 4. 24. 3. 20. 23.359],24,B0006,115,732,00732.csv,41
735,[2008. 4. 24. 8. 18. 41.703],24,B0006,119,736,00736.csv,42
739,[2008. 4. 24. 13. 17. 56.250],24,B0006,123,740,00740.csv,43
743,[2008. 4. 24. 18. 14. 28.937],24,B0006,127,744,00744.csv,44
747,[2008. 4. 24. 23. 6. 34.156],24,B0006,131,748,00748.csv,45
750,[2008. 4. 25. 17. 2. 35.703],24,B0006,134,751,00751.csv,46
753,[2008. 4. 25. 21. 32. 20.468],24,B0006,137,754,00754.csv,47
757,[2008. 4. 26. 2. 32. 41.093],24,B0006,141,758,00758.csv,48
761,[2008. 4. 26. 7. 25. 23.031],24,B0006,145,762,00762.csv,49
764,[2008. 4. 28. 17. 20. 47.859],24,B0006,148,765,00765.csv,50
767,[2008. 4. 29. 13. 44. 46.546],24,B0006,151,768,00768.csv,51
771,[2008. 4. 29. 18. 34. 10.656],24,B0006,155,772,00772.csv,52
775,[2008. 4. 29. 23. 28. 20.218],24,B0006,159,776,00776.csv,53
779,[2008. 4. 30. 4. 11. 53.078],24,B0006,163,780,00780.csv,54
783,[2008. 4. 30. 9. 9. 32.281],24,B0006,167,784,00784.csv,55
787,[2008. 4. 30. 13. 56. 29.843],24,B0006,171,788,00788.csv,56
791,[2008. 4. 30. 18. 47. 57.390],24,B0006,175,792,00792.csv,57
795,[2008. 4. 30. 23. 42. 27.250],24,B0006,179,796,00796.csv,58
799,[2008. 5. 1. 4. 42. 57.703],24,B0006,183,800,00800.csv,59
803,[2008. 5. 1. 9. 43. 18.359],24,B0006,187,804,00804.csv,60
807,[2008. 5. 1. 14. 41. 41.578],24,B0006,191,808,00808.csv,61
811,[2008. 5. 1. 19. 38. 17.968],24,B0006,195,812,00812.csv,62
815,[2008. 5. 2. 0. 37. 22.234],24,B0006,199,816,00816.csv,63
819,[2008. 5. 2. 5. 20. 24.687],24,B0006,203,820,00820.csv,64
823,[2008. 5. 2. 10. 11. 31.921],24,B0006,207,824,00824.csv,65
827,[2008. 5. 2. 15. 9. 46.812],24,B0006,211,828,00828.csv,66
830,[2008. 5. 2. 20. 28. 25.781],24,B0006,214,831,00831.csv,67
833,[2008. 5. 3. 0. 50. 52.187],24,B0006,217,834,00834.csv,68
837,[2008. 5. 3. 5. 39. 33.921],24,B0006,221,838,00838.csv,69
841,[2008. 5. 3. 10. 36. 35.781],24,B0006,225,842,00842.csv,70
845,[2008. 5. 3. 15. 30. 41.640],24,B0006,229,846,00846.csv,71
849,[2008. 5. 3. 20. 24. 21.312],24,B0006,233,850,00850.csv,72
853,[2008. 5. 4. 1. 8. 29.578],24,B0006,237,854,00854.csv,73
857,[2008. 5. 4. 6. 7. 29.546],24,B0006,241,858,00858.csv,74
861,[2008. 5. 4. 11. 6. 2.078],24,B0006,245,862,00862.csv,75
865,[2008. 5. 4. 16. 3. 55.281],24,B0006,249,866,00866.csv,76
869,[2008. 5. 4. 21. 2. 41.203],24,B0006,253,870,00870.csv,77
873,[2008. 5. 5. 2. 1. 17.890],24,B0006,257,874,00874.csv,78
877,[2008. 5. 5. 6. 53. 38.406],24,B0006,261,878,00878.csv,79
880,[2008. 5. 5. 17. 40. 16.687],24,B0006,264,881,00881.csv,80
883,[2008. 5. 5. 22. 5. 32.500],24,B0006,267,884,00884.csv,81
887,[2008. 5. 6. 3. 3. 53.390],24,B0006,271,888,00888.csv,82
891,[2008. 5. 6. 8. 2. 5.062],24,B0006,275,892,00892.csv,83
895,[2008. 5. 6. 12. 50. 20.781],24,B0006,279,896,00896.csv,84
899,[2008. 5. 6. 17. 48. 34.906],24,B0006,283,900,00900.csv,85
903,[2008. 5. 6. 22. 46. 40.375],24,B0006,287,904,00904.csv,86
907,[2008. 5. 7. 3. 42. 15.750],24,B0006,291,908,00908.csv,87
911,[2008. 5. 7. 8. 28. 34.453],24,B0006,295,912,00912.csv,88
915,[2008. 5. 7. 13. 26. 13.671],24,B0006,299,916,00916.csv,89
919,[2008. 5. 7. 18. 23. 54.687],24,B0006,303,920,00920.csv,90
923,[2008. 5. 7. 23. 20. 34.515],24,B0006,307,924,00924.csv,91
930,[2008. 5. 9. 17. 26. 51.968],24,B0006,314,931,00931.csv,92
933,[2008. 5. 9. 21. 53. 0.281],24,B0006,317,934,00934.csv,93
937,[2008. 5. 10. 2. 46. 38.734],24,B0006,321,938,00938.csv,94
941,[2008. 5. 10. 7. 42. 46.312],24,B0006,325,942,00942.csv,95
945,[2008. 5. 10. 12. 40. 29.890],24,B0006,329,946,00946.csv,96
949,[2008. 5. 10. 17. 36. 13.062],24,B0006,333,950,00950.csv,97
953,[2008. 5. 10. 22. 32. 2.937],24,B0006,337,954,00954.csv,98
957,[2008. 5. 11. 3. 29. 30.359],24,B0006,341,958,00958.csv,99
961,[2008. 5. 11. 8. 19. 27.953],24,B0006,345,962,00962.csv,100
965,[2008. 5. 11. 13. 16. 38.640],24,B0006,349,966,00966.csv,101
969,[2008. 5. 11. 18. 13. 51.109],24,B0006,353,970,00970.csv,102
973,[2008. 5. 11. 23. 10. 55.875],24,B0006,357,974,00974.csv,103
977,[2008. 5. 12. 4. 0. 32.718],24,B0006,361,978,00978.csv,104
981,[2008. 5. 12. 16. 11. 11.140],24,B0006,365,982,00982.csv,105
984,[2008. 5. 12. 20. 23. 51.828],24,B0006,368,985,00985.csv,106
988,[2008. 5. 13. 1. 16. 51.859],24,B0006,372,989,00989.csv,107
992,[2008. 5. 13. 5. 58. 50.796],24,B0006,376,993,00993.csv,108
996,[2008. 5. 13. 10. 47. 1.828],24,B0006,380,997,00997.csv,109
1000,[2008. 5. 13. 15. 43. 41.296],24,B0006,384,1001,01001.csv,110
1004,[2008. 5. 13. 20. 27. 29.109],24,B0006,388,1005,01005.csv,111
1008,[2008. 5. 14. 1. 22. 34.765],24,B0006,392,1009,01009.csv,112
1012,[2008. 5. 14. 6. 18. 57.625],24,B0006,396,1013,01013.csv,113
1016,[2008. 5. 14. 11. 15. 12.671],24,B0006,400,1017,01017.csv,114
1020,[2008. 5. 14. 15. 58. 13.406],24,B0006,404,1021,01021.csv,115
1024,[2008. 5. 14. 20. 54. 30.671],24,B0006,408,1025,01025.csv,116
1028,[2008. 5. 15. 1. 50. 38.062],24,B0006,412,1029,01029.csv,117
1032,[2008. 5. 15. 6. 46. 38.500],24,B0006,416,1033,01033.csv,118
1036,[2008. 5. 15. 11. 42. 28.859],24,B0006,420,1037,01037.csv,119
1040,[2008. 5. 15. 16. 33. 24.093],24,B0006,424,1041,01041.csv,120
1044,[2008. 5. 15. 21. 19. 13.234],24,B0006,428,1045,01045.csv,121
1047,[2008. 5. 16. 18. 43. 58.906],24,B0006,431,1048,01048.csv,122
1050,[2008. 5. 16. 23. 0. 32.515],24,B0006,434,1051,01051.csv,123
1054,[2008. 5. 17. 3. 54. 49.125],24,B0006,438,1055,01055.csv,124
1058,[2008. 5. 17. 8. 47. 46.703],24,B0006,442,1059,01059.csv,125
1062,[2008. 5. 17. 13. 43. 32.281],24,B0006,446,1063,01063.csv,126
1066,[2008. 5. 17. 18. 37. 55.593],24,B0006,450,1067,01067.csv,127
1070,[2008. 5. 17. 23. 32. 50.468],24,B0006,454,1071,01071.csv,128
1074,[2008. 5. 18. 4. 27. 19.656],24,B0006,458,1075,01075.csv,129
1078,[2008. 5. 18. 9. 22. 51.046],24,B0006,462,1079,01079.csv,130
1082,[2008. 5. 18. 14. 6. 39.921],24,B0006,466,1083,01083.csv,131
1086,[2008. 5. 18. 18. 58. 12.609],24,B0006,470,1087,01087.csv,132
1090,[2008. 5. 18. 23. 53. 33.781],24,B0006,474,1091,01091.csv,133
1094,[2008. 5. 19. 4. 48. 55.437],24,B0006,478,1095,01095.csv,134
1097,[2008. 5. 19. 17. 58. 12.687],24,B0006,481,1098,01098.csv,135
1099,[2008. 5. 19. 22. 8. 37.250],24,B0006,483,1100,01100.csv,136
1102,[2008. 5. 20. 2. 38. 35.343],24,B0006,486,1103,01103.csv,137
1106,[2008. 5. 20. 7. 33. 50.828],24,B0006,490,1107,01107.csv,138
1110,[2008. 5. 20. 12. 28. 58.687],24,B0006,494,1111,01111.csv,139
1114,[2008. 5. 20. 17. 19. 3.375],24,B0006,498,1115,01115.csv,140
1118,[2008. 5. 20. 22. 12. 15.984],24,B0006,502,1119,01119.csv,141
1122,[2008. 5. 21. 3. 1. 6.687],24,B0006,506,1123,01123.csv,142
1126,[2008. 5. 21. 7. 45. 45.343],24,B0006,510,1127,01127.csv,143
1130,[2008. 5. 21. 12. 39. 25.421],24,B0006,514,1131,01131.csv,144
1134,[2008. 5. 21. 17. 31. 40.671],24,B0006,518,1135,01135.csv,145
1138,[2008. 5. 21. 22. 23. 21.421],24,B0006,522,1139,01139.csv,146
1142,[2008. 5. 22. 3. 4. 11.015],24,B0006,526,1143,01143.csv,147
1146,[2008. 5. 22. 7. 53. 42.703],24,B0006,530,1147,01147.csv,148
1150,[2008. 5. 22. 12. 44. 24.687],24,B0006,534,1151,01151.csv,149
1154,[2008. 5. 22. 17. 39. 2.953],24,B0006,538,1155,01155.csv,150
1158,[2008. 5. 22. 22. 20. 44.390],24,B0006,542,1159,01159.csv,151
1162,[2008. 5. 23. 17. 12. 57.796],24,B0006,546,1163,01163.csv,152
1165,[2008. 5. 23. 21. 36. 0.750],24,B0006,549,1166,01166.csv,153
1169,[2008. 5. 24. 2. 30. 34.593],24,B0006,553,1170,01170.csv,154
1173,[2008. 5. 24. 7. 21. 25.140],24,B0006,557,1174,01174.csv,155
1177,[2008. 5. 24. 12. 3. 55.937],24,B0006,561,1178,01178.csv,156
1181,[2008. 5. 24. 16. 52. 7.875],24,B0006,565,1182,01182.csv,157
1185,[2008. 5. 24. 21. 42. 10.750],24,B0006,569,1186,01186.csv,158
1189,[2008. 5. 25. 2. 27. 37.250],24,B0006,573,1190,01190.csv,159
1193,[2008. 5. 25. 7. 18. 6.015],24,B0006,577,1194,01194.csv,160
1197,[2008. 5. 25. 12. 12. 16.578],24,B0006,581,1198,01198.csv,161
1201,[2008. 5. 25. 16. 57. 49.359],24,B0006,585,1202,01202.csv,162
1205,[2008. 5. 25. 21. 43. 40.953],24,B0006,589,1206,01206.csv,163
1209,[2008. 5. 26. 2. 33. 39.031],24,B0006,593,1210,01210.csv,164
1213,[2008. 5. 26. 7. 21. 44.953],24,B0006,597,1214,01214.csv,165
1217,[2008. 5. 26. 12. 5. 7.078],24,B0006,601,1218,01218.csv,166
1221,[2008. 5. 26. 16. 51. 13.375],24,B0006,605,1222,01222.csv,167
1225,[2008. 5. 26. 21. 41. 33.468],24,B0006,609,1226,01226.csv,168
1228,[2008. 5. 27. 17. 53. 59.765],24,B0006,612,1229,01229.csv,169
1231,[2008. 5. 28. 11. 9. 42.046],24,B0006,615,1232,01232.csv,170
1232,[2008. 4. 2. 13. 8. 17.921],24,B0007,0,1233,01233.csv,1
1234,[2008. 4. 2. 16. 37. 51.984],24,B0007,2,1235,01235.csv,2
1236,[2008. 4. 2. 20. 55. 40.812],24,B0007,4,1237,01237.csv,3
1238,[2008. 4. 3. 1. 12. 38.671],24,B0007,6,1239,01239.csv,4
1240,[2008. 4. 3. 5. 27. 49.125],24,B0007,8,1241,01241.csv,5
1242,[2008. 4. 3. 9. 44. 35.078],24,B0007,10,1243,01243.csv,6
1244,[2008. 4. 3. 14. 6. 43.234],24,B0007,12,1245,01245.csv,7
1246,[2008. 4. 3. 18. 28. 47.125],24,B0007,14,1247,01247.csv,8
1248,[2008. 4. 3. 22. 38. 27.453],24,B0007,16,1249,01249.csv,9
1250,[2008. 4. 4. 2. 48. 6.156],24,B0007,18,1251,01251.csv,10
1252,[2008. 4. 4. 6. 58. 0.296],24,B0007,20,1253,01253.csv,11
1254,[2008. 4. 4. 11. 6. 50.375],24,B0007,22,1255,01255.csv,12
1255,[2008. 4. 4. 15. 5. 59.906],24,B0007,23,1256,01256.csv,13
1257,[2008. 4. 4. 19. 5. 19.234],24,B0007,25,1258,01258.csv,14
1259,[2008. 4. 4. 23. 10. 25.421],24,B0007,27,1260,01260.csv,15
1261,[2008. 4. 5. 3. 28. 57.234],24,B0007,29,1262,01262.csv,16
1263,[2008. 4. 5. 7. 33. 12.734],24,B0007,31,1264,01264.csv,17
1265,[2008. 4. 5. 11. 38. 22.140],24,B0007,33,1266,01266.csv,18
1267,[2008. 4. 5. 15. 42. 11.531],24,B0007,35,1268,01268.csv,19
1269,[2008. 4. 5. 19. 46. 36.125],24,B0007,37,1270,01270.csv,20
1271,[2008. 4. 18. 17. 34. 22.890],24,B0007,39,1272,01272.csv,21
1275,[2008. 4. 18. 22. 53. 58.343],24,B0007,43,1276,01276.csv,22
1279,[2008. 4. 19. 4. 12. 6.343],24,B0007,47,1280,01280.csv,23
1283,[2008. 4. 19. 9. 29. 52.703],24,B0007,51,1284,01284.csv,24
1287,[2008. 4. 19. 14. 43. 41.265],24,B0007,55,1288,01288.csv,25
1291,[2008. 4. 19. 20. 9. 47.750],24,B0007,59,1292,01292.csv,26
1295,[2008. 4. 20. 1. 22. 53.953],24,B0007,63,1296,01296.csv,27
1299,[2008. 4. 20. 6. 35. 39.765],24,B0007,67,1300,01300.csv,28
1303,[2008. 4. 20. 11. 57. 8.765],24,B0007,71,1304,01304.csv,29
1307,[2008. 4. 20. 17. 17. 44.031],24,B0007,75,1308,01308.csv,30
1311,[2008. 4. 20. 22. 31. 18.046],24,B0007,79,1312,01312.csv,31
1315,[2008. 4. 21. 17. 51. 26.312],24,B0007,83,1316,01316.csv,32
1316,[2008. 4. 22. 14. 15. 41.187],24,B0007,84,1317,01317.csv,33
1319,[2008. 4. 22. 17. 4. 53.218],24,B0007,87,1320,01320.csv,34
1323,[2008. 4. 22. 21. 56. 21.406],24,B0007,91,1324,01324.csv,35
1327,[2008. 4. 23. 2. 47. 55.453],24,B0007,95,1328,01328.csv,36
1331,[2008. 4. 23. 7. 47. 54.718],24,B0007,99,1332,01332.csv,37
1335,[2008. 4. 23. 12. 37. 17.515],24,B0007,103,1336,01336.csv,38
1339,[2008. 4. 23. 17. 35. 42.828],24,B0007,107,1340,01340.csv,39
1343,[2008. 4. 23. 22. 32. 6.671],24,B0007,111,1344,01344.csv,40
1347,[2008. 4. 24. 3. 20. 23.359],24,B0007,115,1348,01348.csv,41
1351,[2008. 4. 24. 8. 18. 41.703],24,B0007,119,1352,01352.csv,42
1355,[2008. 4. 24. 13. 17. 56.250],24,B0007,123,1356,01356.csv,43
1359,[2008. 4. 24. 18. 14. 28.937],24,B0007,127,1360,01360.csv,44
1363,[2008. 4. 24. 23. 6. 34.156],24,B0007,131,1364,01364.csv,45
1366,[2008. 4. 25. 17. 2. 35.703],24,B0007,134,1367,01367.csv,46
1369,[2008. 4. 25. 21. 32. 20.468],24,B0007,137,1370,01370.csv,47
1373,[2008. 4. 26. 2. 32. 41.093],24,B0007,141,1374,01374.csv,48
1377,[2008. 4. 26. 7. 25. 23.031],24,B0007,145,1378,01378.csv,49
1380,[2008. 4. 28. 17. 20. 47.859],24,B0007,148,1381,01381.csv,50
1383,[2008. 4. 29. 13. 44. 46.546],24,B0007,151,1384,01384.csv,51
1387,[2008. 4. 29. 18. 34. 10.656],24,B0007,155,1388,01388.csv,52
1391,[2008. 4. 29. 23. 28. 20.218],24,B0007,159,1392,01392.csv,53
1395,[2008. 4. 30. 4. 11. 53.078],24,B0007,163,1396,01396.csv,54
1399,[2008. 4. 30. 9. 9. 32.281],24,B0007,167,1400,01400.csv,55
1403,[2008. 4. 30. 13. 56. 29.843],24,B0007,171,1404,01404.csv,56
1407,[2008. 4. 30. 18. 47. 57.390],24,B0007,175,1408,01408.csv,57
1411,[2008. 4. 30. 23. 42. 27.250],24,B0007,179,1412,01412.csv,58
1415,[2008. 5. 1. 4. 42. 57.703],24,B0007,183,1416,01416.csv,59
1419,[2008. 5. 1. 9. 43. 18.359],24,B0007,187,1420,01420.csv,60
1423,[2008. 5. 1. 14. 41. 41.578],24,B0007,191,1424,01424.csv,61
1427,[2008. 5. 1. 19. 38. 17.968],24,B0007,195,1428,01428.csv,62
1431,[2008. 5. 2. 0. 37. 22.234],24,B0007,199,1432,01432.csv,63
1435,[2008. 5. 2. 5. 20. 24.687],24,B0007,203,1436,01436.csv,64
1439,[2008. 5. 2. 10. 11. 31.921],24,B0007,207,1440,01440.csv,65
1443,[2008. 5. 2. 15. 9. 46.812],24,B0007,211,1444,01444.csv,66
1446,[2008. 5. 2. 20. 28. 25.781],24,B0007,214,1447,01447.csv,67
1449,[2008. 5. 3. 0. 50. 52.187],24,B0007,217,1450,01450.csv,68
1453,[2008. 5. 3. 5. 39. 33.921],24,B0007,221,1454,01454.csv,69
1457,[2008. 5. 3. 10. 36. 35.781],24,B0007,225,1458,01458.csv,70
1461,[2008. 5. 3. 15. 30. 41.640],24,B0007,229,1462,01462.csv,71
1465,[2008. 5. 3. 20. 24. 21.312],24,B0007,233,1466,01466.csv,72
1469,[2008. 5. 4. 1. 8. 29.578],24,B0007,237,1470,01470.csv,73
1473,[2008. 5. 4. 6. 7. 29.546],24,B0007,241,1474,01474.csv,74
1477,[2008. 5. 4. 11. 6. 2.078],24,B0007,245,1478,01478.csv,75
1481,[2008. 5. 4. 16. 3. 55.281],24,B0007,249,1482,01482.csv,76
1485,[2008. 5. 4. 21. 2. 41.203],24,B0007,253,1486,01486.csv,77
1489,[2008. 5. 5. 2. 1. 17.890],24,B0007,257,1490,01490.csv,78
1493,[2008. 5. 5. 6. 53. 38.406],24,B0007,261,1494,01494.csv,79
1496,[2008. 5. 5. 17. 40. 16.687],24,B0007,264,1497,01497.csv,80
1499,[2008. 5. 5. 22. 5. 32.500],24,B0007,267,1500,01500.csv,81
1503,[2008. 5. 6. 3. 3. 53.390],24,B0007,271,1504,01504.csv,82
1507,[2008. 5. 6. 8. 2. 5.062],24,B0007,275,1508,01508.csv,83
1511,[2008. 5. 6. 12. 50. 20.781],24,B0007,279,1512,01512.csv,84
1515,[2008. 5. 6. 17. 48. 34.906],24,B0007,283,1516,01516.csv,85
1519,[2008. 5. 6. 22. 46. 40.375],24,B0007,287,1520,01520.csv,86
1523,[2008. 5. 7. 3. 42. 15.750],24,B0007,291,1524,01524.csv,87
1527,[2008. 5. 7. 8. 28. 34.453],24,B0007,295,1528,01528.csv,88
1531,[2008. 5. 7. 13. 26. 13.671],24,B0007,299,1532,01532.csv,89
1535,[2008. 5. 7. 18. 23. 54.687],24,B0007,303,1536,01536.csv,90
1539,[2008. 5. 7. 23. 20. 34.515],24,B0007,307,1540,01540.csv,91
1546,[2008. 5. 9. 17. 26. 51.968],24,B0007,314,1547,01547.csv,92
1549,[2008. 5. 9. 21. 53. 0.281],24,B0007,317,1550,01550.csv,93
1553,[2008. 5. 10. 2. 46. 38.734],24,B0007,321,1554,01554.csv,94
1557,[2008. 5. 10. 7. 42. 46.312],24,B0007,325,1558,01558.csv,95
1561,[2008. 5. 10. 12. 40. 29.890],24,B0007,329,1562,01562.csv,96
1565,[2008. 5. 10. 17. 36. 13.062],24,B0007,333,1566,01566.csv,97
1569,[2008. 5. 10. 22. 32. 2.937],24,B0007,337,1570,01570.csv,98
1573,[2008. 5. 11. 3. 29. 30.359],24,B0007,341,1574,01574.csv,99
1577,[2008. 5. 11. 8. 19. 27.953],24,B0007,345,1578,01578.csv,100
1581,[2008. 5. 11. 13. 16. 38.640],24,B0007,349,1582,01582.csv,101
1585,[2008. 5. 11. 18. 13. 51.109],24,B0007,353,1586,01586.csv,102
1589,[2008. 5. 11. 23. 10. 55.875],24,B0007,357,1590,01590.csv,103
1593,[2008. 5. 12. 4. 0. 32.718],24,B0007,361,1594,01594.csv,104
1597,[2008. 5. 12. 16. 11. 11.140],24,B0007,365,1598,01598.csv,105
1600,[2008. 5. 12. 20. 23. 51.828],24,B0007,368,1601,01601.csv,106
1604,[2008. 5. 13. 1. 16. 51.859],24,B0007,372,1605,01605.csv,107
1608,[2008. 5. 13. 5. 58. 50.796],24,B0007,376,1609,01609.csv,108
1612,[2008. 5. 13. 10. 47. 1.828],24,B0007,380,1613,01613.csv,109
1616,[2008. 5. 13. 15. 43. 41.296],24,B0007,384,1617,01617.csv,110
1620,[2008. 5. 13. 20. 27. 29.109],24,B0007,388,1621,01621.csv,111
1624,[2008. 5. 14. 1. 22. 34.765],24,B0007,392,1625,01625.csv,112
1628,[2008. 5. 14. 6. 18. 57.625],24,B0007,396,1629,01629.csv,113
1632,[2008. 5. 14. 11. 15. 12.671],24,B0007,400,1633,01633.csv,114
1636,[2008. 5. 14. 15. 58. 13.406],24,B0007,404,1637,01637.csv,115
1640,[2008. 5. 14. 20. 54. 30.671],24,B0007,408,1641,01641.csv,116
1644,[2008. 5. 15. 1. 50. 38.062],24,B0007,412,1645,01645.csv,117
1648,[2008. 5. 15. 6. 46. 38.500],24,B0007,416,1649,01649.csv,118
1652,[2008. 5. 15. 11. 42. 28.859],24,B0007,420,1653,01653.csv,119
1656,[2008. 5. 15. 16. 33. 24.093],24,B0007,424,1657,01657.csv,120
1660,[2008. 5. 15. 21. 19. 13.234],24,B0007,428,1661,01661.csv,121
1663,[2008. 5. 16. 18. 43. 58.906],24,B0007,431,1664,01664.csv,122
1666,[2008. 5. 16. 23. 0. 32.515],24,B0007,434,1667,01667.csv,123
1670,[2008. 5. 17. 3. 54. 49.125],24,B0007,438,1671,01671.csv,124
1674,[2008. 5. 17. 8. 47. 46.703],24,B0007,442,1675,01675.csv,125
1678,[2008. 5. 17. 13. 43. 32.281],24,B0007,446,1679,01679.csv,126
1682,[2008. 5. 17. 18. 37. 55.593],24,B0007,450,1683,01683.csv,127
1686,[2008. 5. 17. 23. 32. 50.468],24,B0007,454,1687,01687.csv,128
1690,[2008. 5. 18. 4. 27. 19.656],24,B0007,458,1691,01691.csv,129
1694,[2008. 5. 18. 9. 22. 51.046],24,B0007,462,1695,01695.csv,130
1698,[2008. 5. 18. 14. 6. 39.921],24,B0007,466,1699,01699.csv,131
1702,[2008. 5. 18. 18. 58. 12.609],24,B0007,470,1703,01703.csv,132
1706,[2008. 5. 18. 23. 53. 33.781],24,B0007,474,1707,01707.csv,133
1710,[2008. 5. 19. 4. 48. 55.437],24,B0007,478,1711,01711.csv,134
1713,[2008. 5. 19. 17. 58. 12.687],24,B0007,481,1714,01714.csv,135
1715,[2008. 5. 19. 22. 8. 37.250],24,B0007,483,1716,01716.csv,136
1718,[2008. 5. 20. 2. 38. 35.343],24,B0007,486,1719,01719.csv,137
1722,[2008. 5. 20. 7. 33. 50.828],24,B0007,490,1723,01723.csv,138
1726,[2008. 5. 20. 12. 28. 58.687],24,B0007,494,1727,01727.csv,139
1730,[2008. 5. 20. 17. 19. 3.375],24,B0007,498,1731,01731.csv,140
1734,[2008. 5. 20. 22. 12. 15.984],24,B0007,502,1735,01735.csv,141
1738,[2008. 5. 21. 3. 1. 6.687],24,B0007,506,1739,01739.csv,142
1742,[2008. 5. 21. 7. 45. 45.343],24,B0007,510,1743,01743.csv,143
1746,[2008. 5. 21. 12. 39. 25.421],24,B0007,514,1747,01747.csv,144
1750,[2008. 5. 21. 17. 31. 40.671],24,B0007,518,1751,01751.csv,145
1754,[2008. 5. 21. 22. 23. 21.421],24,B0007,522,1755,01755.csv,146
1758,[2008. 5. 22. 3. 4. 11.015],24,B0007,526,1759,01759.csv,147
1762,[2008. 5. 22. 7. 53. 42.703],24,B0007,530,1763,01763.csv,148
1766,[2008. 5. 22. 12. 44. 24.687],24,B0007,534,1767,01767.csv,149
1770,[2008. 5. 22. 17. 39. 2.953],24,B0007,538,1771,01771.csv,150
1774,[2008. 5. 22. 22. 20. 44.390],24,B0007,542,1775,01775.csv,151
1778,[2008. 5. 23. 17. 12. 57.796],24,B0007,546,1779,01779.csv,152
1781,[2008. 5. 23. 21. 36. 0.750],24,B0007,549,1782,01782.csv,153
1785,[2008. 5. 24. 2. 30. 34.593],24,B0007,553,1786,01786.csv,154
1789,[2008. 5. 24. 7. 21. 25.140],24,B0007,557,1790,01790.csv,155
1793,[2008. 5. 24. 12. 3. 55.937],24,B0007,561,1794,01794.csv,156
1797,[2008. 5. 24. 16. 52. 7.875],24,B0007,565,1798,01798.csv,157
1801,[2008. 5. 24. 21. 42. 10.750],24,B0007,569,1802,01802.csv,158
1805,[2008. 5. 25. 2. 27. 37.250],24,B0007,573,1806,01806.csv,159
1809,[2008. 5. 25. 7. 18. 6.015],24,B0007,577,1810,01810.csv,160
1813,[2008. 5. 25. 12. 12. 16.578],24,B0007,581,1814,01814.csv,161
1817,[2008. 5. 25. 16. 57. 49.359],24,B0007,585,1818,01818.csv,162
1821,[2008. 5. 25. 21. 43. 40.953],24,B0007,589,1822,01822.csv,163
1825,[2008. 5. 26. 2. 33. 39.031],24,B0007,593,1826,01826.csv,164
1829,[2008. 5. 26. 7. 21. 44.953],24,B0007,597,1830,01830.csv,165
1833,[2008. 5. 26. 12. 5. 7.078],24,B0007,601,1834,01834.csv,166
1837,[2008. 5. 26. 16. 51. 13.375],24,B0007,605,1838,01838.csv,167
1841,[2008. 5. 26. 21. 41. 33.468],24,B0007,609,1842,01842.csv,168
1844,[2008. 5. 27. 17. 53. 59.765],24,B0007,612,1845,01845.csv,169
1847,[2008. 5. 28. 11. 9. 42.046],24,B0007,615,1848,01848.csv,170
1848,[2008. 7. 7. 12. 26. 45.750],24,B0018,0,1849,01849.csv,1
1852,[2008. 7. 7. 18. 20. 14.250],24,B0018,4,1853,01853.csv,2
1856,[2008. 7. 7. 23. 23. 14.531],24,B0018,8,1857,01857.csv,3
1860,[2008. 7. 8. 4. 26. 2.109],24,B0018,12,1861,01861.csv,4
1864,[2008. 7. 8. 15. 56. 37.562],24,B0018,16,1865,01865.csv,5
1866,[2008. 7. 8. 19. 56. 7.281],24,B0018,18,1867,01867.csv,6
1868,[2008. 7. 8. 23. 55. 29.781],24,B0018,20,1869,01869.csv,7
1870,[2008. 7. 9. 3. 54. 41.859],24,B0018,22,1871,01871.csv,8
1872,[2008. 7. 9. 7. 53. 44.890],24,B0018,24,1873,01873.csv,9
1876,[2008. 7. 10. 13. 33. 27.984],24,B0018,28,1877,01877.csv,10
1878,[2008. 7. 10. 17. 32. 45.796],24,B0018,30,1879,01879.csv,11
1880,[2008. 7. 10. 21. 31. 56.171],24,B0018,32,1881,01881.csv,12
1882,[2008. 7. 11. 1. 28. 11.828],24,B0018,34,1883,01883.csv,13
1884,[2008. 7. 11. 5. 26. 22.734],24,B0018,36,1885,01885.csv,14
1888,[2008. 7. 11. 11. 25. 49.812],24,B0018,40,1889,01889.csv,15
1890,[2008. 7. 11. 15. 24. 31.562],24,B0018,42,1891,01891.csv,16
1892,[2008. 7. 11. 19. 22. 48.406],24,B0018,44,1893,01893.csv,17
1894,[2008. 7. 11. 23. 19. 12.921],24,B0018,46,1895,01895.csv,18
1896,[2008. 7. 12. 3. 15. 14.546],24,B0018,48,1897,01897.csv,19
1900,[2008. 7. 12. 8. 14. 20.437],24,B0018,52,1901,01901.csv,20
1902,[2008. 7. 12. 12. 12. 13.593],24,B0018,54,1903,01903.csv,21
1904,[2008. 7. 12. 16. 9. 54.750],24,B0018,56,1905,01905.csv,22
1906,[2008. 7. 12. 19. 49. 15.046],24,B0018,58,1907,01907.csv,23
1908,[2008. 7. 12. 23. 46. 44.031],24,B0018,60,1909,01909.csv,24
1912,[2008. 7. 14. 10. 7. 5.203],24,B0018,64,1913,01913.csv,25
1914,[2008. 7. 14. 14. 5. 10.625],24,B0018,66,1915,01915.csv,26
1916,[2008. 7. 14. 18. 0. 28.328],24,B0018,68,1917,01917.csv,27
1918,[2008. 7. 14. 21. 54. 9.625],24,B0018,70,1919,01919.csv,28
1920,[2008. 7. 15. 1. 46. 29.156],24,B0018,72,1921,01921.csv,29
1924,[2008. 7. 15. 6. 42. 54.687],24,B0018,76,1925,01925.csv,30
1926,[2008. 7. 15. 10. 39. 41.750],24,B0018,78,1927,01927.csv,31
1928,[2008. 7. 15. 14. 32. 50.812],24,B0018,80,1929,01929.csv,32
1930,[2008. 7. 15. 18. 25. 42.703],24,B0018,82,1931,01931.csv,33
1932,[2008. 7. 15. 22. 17. 17.343],24,B0018,84,1933,01933.csv,34
1936,[2008. 7. 16. 3. 12. 45.734],24,B0018,88,1937,01937.csv,35
1938,[2008. 7. 16. 7. 8. 4.625],24,B0018,90,1939,01939.csv,36
1940,[2008. 7. 16. 11. 1. 5.390],24,B0018,92,1941,01941.csv,37
1942,[2008. 7. 16. 14. 53. 0.375],24,B0018,94,1943,01943.csv,38
1944,[2008. 7. 16. 18. 46. 45.562],24,B0018,96,1945,01945.csv,39
1948,[2008. 7. 18. 14. 26. 49.046],24,B0018,100,1949,01949.csv,40
1950,[2008. 7. 18. 18. 23. 50.796],24,B0018,102,1951,01951.csv,41
1952,[2008. 7. 18. 22. 15. 11.625],24,B0018,104,1953,01953.csv,42
1954,[2008. 7. 19. 2. 5. 17.390],24,B0018,106,1955,01955.csv,43
1956,[2008. 7. 19. 5. 55. 59.421],24,B0018,108,1957,01957.csv,44
1960,[2008. 7. 19. 10. 52. 5.140],24,B0018,112,1961,01961.csv,45
1962,[2008. 7. 19. 14. 47. 30.984],24,B0018,114,1963,01963.csv,46
1963,[2008. 7. 29. 17. 16. 52.453],24,B0018,115,1964,01964.csv,47
1965,[2008. 7. 29. 19. 30. 58.062],24,B0018,117,1966,01966.csv,48
1967,[2008. 7. 29. 23. 18. 7.890],24,B0018,119,1968,01968.csv,49
1969,[2008. 7. 30. 3. 5. 37.578],24,B0018,121,1970,01970.csv,50
1971,[2008. 7. 30. 6. 52. 31.234],24,B0018,123,1972,01972.csv,51
1974,[2008. 7. 30. 16. 34. 24.156],24,B0018,126,1975,01975.csv,52
1976,[2008. 7. 30. 20. 23. 41.734],24,B0018,128,1977,01977.csv,53
1978,[2008. 7. 31. 0. 11. 53.156],24,B0018,130,1979,01979.csv,54
1980,[2008. 7. 31. 3. 41. 3.687],24,B0018,132,1981,01981.csv,55
1982,[2008. 7. 31. 7. 9. 40.171],24,B0018,134,1983,01983.csv,56
1985,[2008. 7. 31. 15. 20. 13.937],24,B0018,137,1986,01986.csv,57
1987,[2008. 8. 1. 17. 14. 25.234],24,B0018,139,1988,01988.csv,58
1989,[2008. 8. 1. 18. 41. 59.718],24,B0018,141,1990,01990.csv,59
1991,[2008. 8. 1. 22. 26. 52.171],24,B0018,143,1992,01992.csv,60
1993,[2008. 8. 2. 2. 11. 23.781],24,B0018,145,1994,01994.csv,61
1995,[2008. 8. 2. 5. 57. 44.890],24,B0018,147,1996,01996.csv,62
1999,[2008. 8. 2. 10. 56. 20.062],24,B0018,151,2000,02000.csv,63
2001,[2008. 8. 2. 14. 48. 33.312],24,B0018,153,2002,02002.csv,64
2003,[2008. 8. 2. 18. 35. 13.718],24,B0018,155,2004,02004.csv,65
2005,[2008. 8. 2. 22. 22. 24.875],24,B0018,157,2006,02006.csv,66
2007,[2008. 8. 3. 2. 8. 53.062],24,B0018,159,2008,02008.csv,67
2011,[2008. 8. 3. 7. 7. 32.140],24,B0018,163,2012,02012.csv,68
2013,[2008. 8. 3. 11. 1. 3.031],24,B0018,165,2014,02014.csv,69
2015,[2008. 8. 3. 14. 46. 29.593],24,B0018,167,2016,02016.csv,70
2017,[2008. 8. 3. 18. 34. 29.984],24,B0018,169,2018,02018.csv,71
2019,[2008. 8. 3. 22. 18. 31.312],24,B0018,171,2020,02020.csv,72
2023,[2008. 8. 4. 14. 9. 7.859],24,B0018,175,2024,02024.csv,73
2025,[2008. 8. 4. 18. 0. 55.828],24,B0018,177,2026,02026.csv,74
2027,[2008. 8. 4. 21. 47. 14.953],24,B0018,179,2028,02028.csv,75
2029,[2008. 8. 5. 1. 33. 10.312],24,B0018,181,2030,02030.csv,76
2031,[2008. 8. 5. 5. 19. 22.859],24,B0018,183,2032,02032.csv,77
2034,[2008. 8. 5. 9. 50. 52.046],24,B0018,186,2035,02035.csv,78
2036,[2008. 8. 5. 13. 41. 40.625],24,B0018,188,2037,02037.csv,79
2038,[2008. 8. 5. 17. 26. 58.796],24,B0018,190,2039,02039.csv,80
2040,[2008. 8. 5. 21. 12. 24.031],24,B0018,192,2041,02041.csv,81
2042,[2008. 8. 6. 0. 57. 26.078],24,B0018,194,2043,02043.csv,82
2046,[2008. 8. 6. 5. 53. 58.484],24,B0018,198,2047,02047.csv,83
2048,[2008. 8. 6. 9. 45. 37.468],24,B0018,200,2049,02049.csv,84
2050,[2008. 8. 6. 13. 30. 36.734],24,B0018,202,2051,02051.csv,85
2052,[2008. 8. 6. 17. 15. 22.078],24,B0018,204,2053,02053.csv,86
2054,[2008. 8. 6. 20. 58. 55.781],24,B0018,206,2055,02055.csv,87
2058,[2008. 8. 7. 16. 13. 2.546],24,B0018,210,2059,02059.csv,88
2060,[2008. 8. 7. 19. 56. 43.171],24,B0018,212,2061,02061.csv,89
2062,[2008. 8. 7. 23. 40. 59.140],24,B0018,214,2063,02063.csv,90
2064,[2008. 8. 8. 3. 22. 43.812],24,B0018,216,2065,02065.csv,91
2066,[2008. 8. 8. 7. 6. 26.906],24,B0018,218,2067,02067.csv,92
2069,[2008. 8. 8. 17. 8. 38.187],24,B0018,221,2070,02070.csv,93
2071,[2008. 8. 8. 21. 0. 10.343],24,B0018,223,2072,02072.csv,94
2073,[2008. 8. 9. 0. 43. 42.343],24,B0018,225,2074,02074.csv,95
2075,[2008. 8. 9. 4. 26. 32.125],24,B0018,227,2076,02076.csv,96
2077,[2008. 8. 9. 8. 9. 19.531],24,B0018,229,2078,02078.csv,97
2081,[2008. 8. 9. 13. 1. 49.218],24,B0018,233,2082,02082.csv,98
2083,[2008. 8. 9. 16. 47. 55.859],24,B0018,235,2084,02084.csv,99
2085,[2008. 8. 9. 20. 30. 0.062],24,B0018,237,2086,02086.csv,100
2087,[2008. 8. 10. 0. 10. 42.265],24,B0018,239,2088,02088.csv,101
2089,[2008. 8. 10. 3. 49. 44.953],24,B0018,241,2090,02090.csv,102
2093,[2008. 8. 10. 8. 43. 19.843],24,B0018,245,2094,02094.csv,103
2095,[2008. 8. 10. 12. 28. 9.390],24,B0018,247,2096,02096.csv,104
2097,[2008. 8. 10. 16. 9. 41.390],24,B0018,249,2098,02098.csv,105
2099,[2008. 8. 10. 19. 49. 16.250],24,B0018,251,2100,02100.csv,106
2101,[2008. 8. 10. 23. 28. 10.781],24,B0018,253,2102,02102.csv,107
2105,[2008. 8. 14. 10. 5. 53.078],24,B0018,257,2106,02106.csv,108
2107,[2008. 8. 14. 13. 54. 59.015],24,B0018,259,2108,02108.csv,109
2109,[2008. 8. 14. 17. 39. 49.250],24,B0018,261,2110,02110.csv,110
2111,[2008. 8. 14. 21. 19. 9.703],24,B0018,263,2112,02112.csv,111
2113,[2008. 8. 15. 0. 58. 33.437],24,B0018,265,2114,02114.csv,112
2116,[2008. 8. 15. 5. 24. 5.828],24,B0018,268,2117,02117.csv,113
2118,[2008. 8. 15. 9. 9. 0.093],24,B0018,270,2119,02119.csv,114
2120,[2008. 8. 15. 12. 48. 53.031],24,B0018,272,2121,02121.csv,115
2122,[2008. 8. 15. 16. 25. 59.281],24,B0018,274,2123,02123.csv,116
2124,[2008. 8. 15. 20. 2. 8.796],24,B0018,276,2125,02125.csv,117
2128,[2008. 8. 16. 0. 51. 25.468],24,B0018,280,2129,02129.csv,118
2130,[2008. 8. 16. 4. 41. 15.562],24,B0018,282,2131,02131.csv,119
2132,[2008. 8. 16. 8. 25. 37.593],24,B0018,284,2133,02133.csv,120
2134,[2008. 8. 16. 12. 9. 15.296],24,B0018,286,2135,02135.csv,121
2136,[2008. 8. 16. 15. 50. 39.953],24,B0018,288,2137,02137.csv,122
2140,[2008. 8. 18. 11. 25. 33.828],24,B0018,292,2141,02141.csv,123
2142,[2008. 8. 18. 15. 16. 36.906],24,B0018,294,2143,02143.csv,124
2144,[2008. 8. 18. 18. 57. 53.437],24,B0018,296,2145,02145.csv,125
2146,[2008. 8. 18. 22. 37. 25.296],24,B0018,298,2147,02147.csv,126
2148,[2008. 8. 19. 2. 14. 12.500],24,B0018,300,2149,02149.csv,127
2151,[2008. 8. 19. 6. 41. 7.359],24,B0018,303,2152,02152.csv,128
2153,[2008. 8. 19. 10. 27. 54.171],24,B0018,305,2154,02154.csv,129
2155,[2008. 8. 19. 14. 5. 26.578],24,B0018,307,2156,02156.csv,130
2157,[2008. 8. 19. 17. 42. 47.484],24,B0018,309,2158,02158.csv,131
2159,[2008. 8. 19. 21. 20. 19.656],24,B0018,311,2160,02160.csv,132
2163,[2008. 8. 20. 2. 6. 37.718],24,B0018,315,2164,02164.csv,133
2165,[2008. 8. 20. 5. 49. 31.828],24,B0018,317,2166,02166.csv,134
2168,[2009. 2. 13. 19. 35. 35.093],24,B0025,1,2169,02169.csv,1
2171,[2009. 2. 14. 1. 2. 23.062],24,B0025,4,2172,02172.csv,2
2173,[2009. 2. 14. 5. 53. 30.656],24,B0025,6,2174,02174.csv,3
2175,[2009. 2. 14. 10. 44. 11.093],24,B0025,8,2176,02176.csv,4
2177,[2009. 2. 14. 15. 34. 35.156],24,B0025,10,2178,02178.csv,5
2180,[2009. 2. 14. 21. 0. 31.546],24,B0025,13,2181,02181.csv,6
2184,[2009. 2. 18. 13. 12. 53.640],24,B0025,17,2185,02185.csv,7
2187,[2009. 2. 18. 18. 38. 22.812],24,B0025,20,2188,02188.csv,8
2188,[2009. 2. 18. 22. 20. 1.140],24,B0025,21,2189,02189.csv,9
2190,[2009. 2. 19. 2. 41. 52.140],24,B0025,23,2191,02191.csv,10
2192,[2009. 2. 19. 7. 27. 48.015],24,B0025,25,2193,02193.csv,11
2195,[2009. 2. 19. 12. 49. 48.921],24,B0025,28,2196,02196.csv,12
2199,[2009. 2. 20. 12. 8. 44.968],24,B0025,32,2200,02200.csv,13
2202,[2009. 2. 20. 17. 32. 10.968],24,B0025,35,2203,02203.csv,14
2204,[2009. 2. 20. 22. 15. 30.718],24,B0025,37,2205,02205.csv,15
2206,[2009. 2. 21. 3. 1. 18.140],24,B0025,39,2207,02207.csv,16
2208,[2009. 2. 21. 7. 45. 7.250],24,B0025,41,2209,02209.csv,17
2211,[2009. 2. 21. 13. 6. 17.500],24,B0025,44,2212,02212.csv,18
2215,[2009. 3. 2. 18. 52. 27.046],24,B0025,48,2216,02216.csv,19
2218,[2009. 3. 3. 0. 7. 20.781],24,B0025,51,2219,02219.csv,20
2220,[2009. 3. 3. 4. 47. 3.484],24,B0025,53,2221,02221.csv,21
2222,[2009. 3. 3. 9. 26. 17.984],24,B0025,55,2223,02223.csv,22
2224,[2009. 3. 3. 14. 5. 44.218],24,B0025,57,2225,02225.csv,23
2227,[2009. 3. 3. 19. 21. 23.546],24,B0025,60,2228,02228.csv,24
2230,[2009. 3. 5. 15. 57. 39.484],24,B0025,63,2231,02231.csv,25
2233,[2009. 3. 5. 20. 27. 37.359],24,B0025,66,2234,02234.csv,26
2235,[2009. 3. 6. 1. 6. 35.906],24,B0025,68,2236,02236.csv,27
2237,[2009. 3. 6. 5. 46. 35.031],24,B0025,70,2238,02238.csv,28
2239,[2009. 3. 6. 10. 25. 28.937],24,B0025,72,2240,02240.csv,29
2242,[2009. 3. 6. 15. 42. 28.359],24,B0025,75,2243,02243.csv,30
2246,[2009. 3. 19. 12. 55. 26.718],24,B0025,79,2247,02247.csv,31
2248,[2009. 2. 13. 19. 35. 35.093],24,B0026,1,2249,02249.csv,1
2251,[2009. 2. 14. 1. 2. 23.062],24,B0026,4,2252,02252.csv,2
2253,[2009. 2. 14. 5. 53. 30.656],24,B0026,6,2254,02254.csv,3
2255,[2009. 2. 14. 10. 44. 11.093],24,B0026,8,2256,02256.csv,4
2257,[2009. 2. 14. 15. 34. 35.156],24,B0026,10,2258,02258.csv,5
2260,[2009. 2. 14. 21. 0. 31.546],24,B0026,13,2261,02261.csv,6
2264,[2009. 2. 18. 13. 12. 53.640],24,B0026,17,2265,02265.csv,7
2267,[2009. 2. 18. 18. 38. 22.812],24,B0026,20,2268,02268.csv,8
2268,[2009. 2. 18. 22. 20. 1.140],24,B0026,21,2269,02269.csv,9
2270,[2009. 2. 19. 2. 41. 52.140],24,B0026,23,2271,02271.csv,10
2272,[2009. 2. 19. 7. 27. 48.015],24,B0026,25,2273,02273.csv,11
2275,[2009. 2. 19. 12. 49. 48.921],24,B0026,28,2276,02276.csv,12
2279,[2009. 2. 20. 12. 8. 44.968],24,B0026,32,2280,02280.csv,13
2282,[2009. 2. 20. 17. 32. 10.968],24,B0026,35,2283,02283.csv,14
2284,[2009. 2. 20. 22. 15. 30.718],24,B0026,37,2285,02285.csv,15
2286,[2009. 2. 21. 3. 1. 18.140],24,B0026,39,2287,02287.csv,16
2288,[2009. 2. 21. 7. 45. 7.250],24,B0026,41,2289,02289.csv,17
2291,[2009. 2. 21. 13. 6. 17.500],24,B0026,44,2292,02292.csv,18
2295,[2009. 3. 2. 18. 52. 27.046],24,B0026,48,2296,02296.csv,19
2298,[2009. 3. 3. 0. 7. 20.781],24,B0026,51,2299,02299.csv,20
2300,[2009. 3. 3. 4. 47. 3.484],24,B0026,53,2301,02301.csv,21
2302,[2009. 3. 3. 9. 26. 17.984],24,B0026,55,2303,02303.csv,22
2304,[2009. 3. 3. 14. 5. 44.218],24,B0026,57,2305,02305.csv,23
2307,[2009. 3. 3. 19. 21. 23.546],24,B0026,60,2308,02308.csv,24
2310,[2009. 3. 5. 15. 57. 39.484],24,B0026,63,2311,02311.csv,25
2313,[2009. 3. 5. 20. 27. 37.359],24,B0026,66,2314,02314.csv,26
2315,[2009. 3. 6. 1. 6. 35.906],24,B0026,68,2316,02316.csv,27
2317,[2009. 3. 6. 5. 46. 35.031],24,B0026,70,2318,02318.csv,28
2319,[2009. 3. 6. 10. 25. 28.937],24,B0026,72,2320,02320.csv,29
2322,[2009. 3. 6. 15. 42. 28.359],24,B0026,75,2323,02323.csv,30
2326,[2009. 3. 19. 12. 55. 26.718],24,B0026,79,2327,02327.csv,31
2328,[2009. 2. 13. 19. 35. 35.093],24,B0027,1,2329,02329.csv,1
2331,[2009. 2. 14. 1. 2. 23.062],24,B0027,4,2332,02332.csv,2
2333,[2009. 2. 14. 5. 53. 30.656],24,B0027,6,2334,02334.csv,3
2335,[2009. 2. 14. 10. 44. 11.093],24,B0027,8,2336,02336.csv,4
2337,[2009. 2. 14. 15. 34. 35.156],24,B0027,10,2338,02338.csv,5
2340,[2009. 2. 14. 21. 0. 31.546],24,B0027,13,2341,02341.csv,6
2344,[2009. 2. 18. 13. 12. 53.640],24,B0027,17,2345,02345.csv,7
2347,[2009. 2. 18. 18. 38. 22.812],24,B0027,20,2348,02348.csv,8
2348,[2009. 2. 18. 22. 20. 1.140],24,B0027,21,2349,02349.csv,9
2350,[2009. 2. 19. 2. 41. 52.140],24,B0027,23,2351,02351.csv,10
2352,[2009. 2. 19. 7. 27. 48.015],24,B0027,25,2353,02353.csv,11
2355,[2009. 2. 19. 12. 49. 48.921],24,B0027,28,2356,02356.csv,12
2359,[2009. 2. 20. 12. 8. 44.968],24,B0027,32,2360,02360.csv,13
2362,[2009. 2. 20. 17. 32. 10.968],24,B0027,35,2363,02363.csv,14
2364,[2009. 2. 20. 22. 15. 30.718],24,B0027,37,2365,02365.csv,15
2366,[2009. 2. 21. 3. 1. 18.140],24,B0027,39,2367,02367.csv,16
2368,[2009. 2. 21. 7. 45. 7.250],24,B0027,41,2369,02369.csv,17
2371,[2009. 2. 21. 13. 6. 17.500],24,B0027,44,2372,02372.csv,18
2375,[2009. 3. 2. 18. 52. 27.046],24,B0027,48,2376,02376.csv,19
2378,[2009. 3. 3. 0. 7. 20.781],24,B0027,51,2379,02379.csv,20
2380,[2009. 3. 3. 4. 47. 3.484],24,B0027,53,2381,02381.csv,21
2382,[2009. 3. 3. 9. 26. 17.984],24,B0027,55,2383,02383.csv,22
2384,[2009. 3. 3. 14. 5. 44.218],24,B0027,57,2385,02385.csv,23
2387,[2009. 3. 3. 19. 21. 23.546],24,B0027,60,2388,02388.csv,24
2390,[2009. 3. 5. 15. 57. 39.484],24,B0027,63,2391,02391.csv,25
2393,[2009. 3. 5. 20. 27. 37.359],24,B0027,66,2394,02394.csv,26
2395,[2009. 3. 6. 1. 6. 35.906],24,B0027,68,2396,02396.csv,27
2397,[2009. 3. 6. 5. 46. 35.031],24,B0027,70,2398,02398.csv,28
2399,[2009. 3. 6. 10. 25. 28.937],24,B0027,72,2400,02400.csv,29
2402,[2009. 3. 6. 15. 42. 28.359],24,B0027,75,2403,02403.csv,30
2406,[2009. 3. 19. 12. 55. 26.718],24,B0027,79,2407,02407.csv,31
2408,[2009. 2. 13. 19. 35. 35.093],24,B0028,1,2409,02409.csv,1
2411,[2009. 2. 14. 1. 2. 23.062],24,B0028,4,2412,02412.csv,2
2413,[2009. 2. 14. 5. 53. 30.656],24,B0028,6,2414,02414.csv,3
2415,[2009. 2. 14. 10. 44. 11.093],24,B0028,8,2416,02416.csv,4
2417,[2009. 2. 14. 15. 34. 35.156],24,B0028,10,2418,02418.csv,5
2420,[2009. 2. 14. 21. 0. 31.546],24,B0028,13,2421,02421.csv,6
2424,[2009. 2. 18. 13. 12. 53.640],24,B0028,17,2425,02425.csv,7
2427,[2009. 2. 18. 18. 38. 22.812],24,B0028,20,2428,02428.csv,8
2428,[2009. 2. 18. 22. 20. 1.140],24,B0028,21,2429,02429.csv,9
2430,[2009. 2. 19. 2. 41. 52.140],24,B0028,23,2431,02431.csv,10
2432,[2009. 2. 19. 7. 27. 48.015],24,B0028,25,2433,02433.csv,11
2435,[2009. 2. 19. 12. 49. 48.921],24,B0028,28,2436,02436.csv,12
2439,[2009. 2. 20. 12. 8. 44.968],24,B0028,32,2440,02440.csv,13
2442,[2009. 2. 20. 17. 32. 10.968],24,B0028,35,2443,02443.csv,14
2444,[2009. 2. 20. 22. 15. 30.718],24,B0028,37,2445,02445.csv,15
2446,[2009. 2. 21. 3. 1. 18.140],24,B0028,39,2447,02447.csv,16
2448,[2009. 2. 21. 7. 45. 7.250],24,B0028,41,2449,02449.csv,17
2451,[2009. 2. 21. 13. 6. 17.500],24,B0028,44,2452,02452.csv,18
2455,[2009. 3. 2. 18. 52. 27.046],24,B0028,48,2456,02456.csv,19
2458,[2009. 3. 3. 0. 7. 20.781],24,B0028,51,2459,02459.csv,20
2460,[2009. 3. 3. 4. 47. 3.484],24,B0028,53,2461,02461.csv,21
2462,[2009. 3. 3. 9. 26. 17.984],24,B0028,55,2463,02463.csv,22
2464,[2009. 3. 3. 14. 5. 44.218],24,B0028,57,2465,02465.csv,23
2467,[2009. 3. 3. 19. 21. 23.546],24,B0028,60,2468,02468.csv,24
2470,[2009. 3. 5. 15. 57. 39.484],24,B0028,63,2471,02471.csv,25
2473,[2009. 3. 5. 20. 27. 37.359],24,B0028,66,2474,02474.csv,26
2475,[2009. 3. 6. 1. 6. 35.906],24,B0028,68,2476,02476.csv,27
2477,[2009. 3. 6. 5. 46. 35.031],24,B0028,70,2478,02478.csv,28
2479,[2009. 3. 6. 10. 25. 28.937],24,B0028,72,2480,02480.csv,29
2482,[2009. 3. 6. 15. 42. 28.359],24,B0028,75,2483,02483.csv,30
2486,[2009. 3. 19. 12. 55. 26.718],24,B0028,79,2487,02487.csv,31
2489,[2009. 4. 7. 16. 58. 34.156],43,B0029,2,2490,02490.csv,1
2491,[2009. 4. 7. 20. 14. 29.375],43,B0029,4,2492,02492.csv,2
2493,[2009. 4. 7. 23. 28. 3.703],43,B0029,6,2494,02494.csv,3
2495,[2009. 4. 8. 2. 41. 7.921],43,B0029,8,2496,02496.csv,4
2498,[2009. 4. 8. 6. 28. 36.156],43,B0029,11,2499,02499.csv,5
2501,[2009. 4. 9. 10. 54. 17.390],43,B0029,14,2502,02502.csv,6
2503,[2009. 4. 9. 14. 3. 18.031],43,B0029,16,2504,02504.csv,7
2505,[2009. 4. 9. 17. 11. 50.437],43,B0029,18,2506,02506.csv,8
2507,[2009. 4. 9. 20. 19. 45.546],43,B0029,20,2508,02508.csv,9
2510,[2009. 4. 10. 0. 2. 46.968],43,B0029,23,2511,02511.csv,10
2513,[2009. 4. 10. 13. 17. 58.593],43,B0029,26,2514,02514.csv,11
2515,[2009. 4. 10. 16. 23. 10.515],43,B0029,28,2516,02516.csv,12
2517,[2009. 4. 10. 19. 27. 45.515],43,B0029,30,2518,02518.csv,13
2519,[2009. 4. 10. 22. 31. 53.968],43,B0029,32,2520,02520.csv,14
2522,[2009. 4. 11. 2. 12. 36.406],43,B0029,35,2523,02523.csv,15
2525,[2009. 4. 13. 10. 20. 8.484],43,B0029,38,2526,02526.csv,16
2527,[2009. 4. 13. 13. 24. 13.625],43,B0029,40,2528,02528.csv,17
2529,[2009. 4. 13. 16. 28. 34.562],43,B0029,42,2530,02530.csv,18
2531,[2009. 4. 13. 19. 33. 4.687],43,B0029,44,2532,02532.csv,19
2534,[2009. 4. 13. 23. 13. 50.234],43,B0029,47,2535,02535.csv,20
2537,[2009. 4. 14. 11. 1. 49.609],43,B0029,50,2538,02538.csv,21
2539,[2009. 4. 14. 14. 4. 40.828],43,B0029,52,2540,02540.csv,22
2541,[2009. 4. 14. 17. 7. 34.421],43,B0029,54,2542,02542.csv,23
2543,[2009. 4. 14. 20. 10. 51.968],43,B0029,56,2544,02544.csv,24
2546,[2009. 4. 14. 23. 49. 38.500],43,B0029,59,2547,02547.csv,25
2549,[2009. 4. 15. 15. 26. 47.046],43,B0029,62,2550,02550.csv,26
2551,[2009. 4. 15. 18. 29. 47.312],43,B0029,64,2552,02552.csv,27
2553,[2009. 4. 15. 21. 30. 55.250],43,B0029,66,2554,02554.csv,28
2555,[2009. 4. 16. 0. 32. 43.250],43,B0029,68,2556,02556.csv,29
2558,[2009. 4. 16. 4. 10. 5.609],43,B0029,71,2559,02559.csv,30
2561,[2009. 4. 16. 10. 41. 20.125],43,B0029,74,2562,02562.csv,31
2563,[2009. 4. 16. 13. 42. 26.171],43,B0029,76,2564,02564.csv,32
2565,[2009. 4. 16. 16. 43. 53.531],43,B0029,78,2566,02566.csv,33
2567,[2009. 4. 16. 19. 44. 53.671],43,B0029,80,2568,02568.csv,34
2570,[2009. 4. 16. 23. 20. 24.234],43,B0029,83,2571,02571.csv,35
2573,[2009. 4. 17. 10. 13. 13.906],43,B0029,86,2574,02574.csv,36
2575,[2009. 4. 17. 13. 14. 1.937],43,B0029,88,2576,02576.csv,37
2577,[2009. 4. 17. 16. 14. 10.328],43,B0029,90,2578,02578.csv,38
2579,[2009. 4. 17. 19. 14. 44.062],43,B0029,92,2580,02580.csv,39
2582,[2009. 4. 17. 22. 49. 14.125],43,B0029,95,2583,02583.csv,40
2586,[2009. 4. 7. 16. 58. 34.156],43,B0030,2,2587,02587.csv,1
2588,[2009. 4. 7. 20. 14. 29.375],43,B0030,4,2589,02589.csv,2
2590,[2009. 4. 7. 23. 28. 3.703],43,B0030,6,2591,02591.csv,3
2592,[2009. 4. 8. 2. 41. 7.921],43,B0030,8,2593,02593.csv,4
2595,[2009. 4. 8. 6. 28. 36.156],43,B0030,11,2596,02596.csv,5
2598,[2009. 4. 9. 10. 54. 17.390],43,B0030,14,2599,02599.csv,6
2600,[2009. 4. 9. 14. 3. 18.031],43,B0030,16,2601,02601.csv,7
2602,[2009. 4. 9. 17. 11. 50.437],43,B0030,18,2603,02603.csv,8
2604,[2009. 4. 9. 20. 19. 45.546],43,B0030,20,2605,02605.csv,9
2607,[2009. 4. 10. 0. 2. 46.968],43,B0030,23,2608,02608.csv,10
2610,[2009. 4. 10. 13. 17. 58.593],43,B0030,26,2611,02611.csv,11
2612,[2009. 4. 10. 16. 23. 10.515],43,B0030,28,2613,02613.csv,12
2614,[2009. 4. 10. 19. 27. 45.515],43,B0030,30,2615,02615.csv,13
2616,[2009. 4. 10. 22. 31. 53.968],43,B0030,32,2617,02617.csv,14
2619,[2009. 4. 11. 2. 12. 36.406],43,B0030,35,2620,02620.csv,15
2622,[2009. 4. 13. 10. 20. 8.484],43,B0030,38,2623,02623.csv,16
2624,[2009. 4. 13. 13. 24. 13.625],43,B0030,40,2625,02625.csv,17
2626,[2009. 4. 13. 16. 28. 34.562],43,B0030,42,2627,02627.csv,18
2628,[2009. 4. 13. 19. 33. 4.687],43,B0030,44,2629,02629.csv,19
2631,[2009. 4. 13. 23. 13. 50.234],43,B0030,47,2632,02632.csv,20
2634,[2009. 4. 14. 11. 1. 49.609],43,B0030,50,2635,02635.csv,21
2636,[2009. 4. 14. 14. 4. 40.828],43,B0030,52,2637,02637.csv,22
2638,[2009. 4. 14. 17. 7. 34.421],43,B0030,54,2639,02639.csv,23
2640,[2009. 4. 14. 20. 10. 51.968],43,B0030,56,2641,02641.csv,24
2643,[2009. 4. 14. 23. 49. 38.500],43,B0030,59,2644,02644.csv,25
2646,[2009. 4. 15. 15. 26. 47.046],43,B0030,62,2647,02647.csv,26
2648,[2009. 4. 15. 18. 29. 47.312],43,B0030,64,2649,02649.csv,27
2650,[2009. 4. 15. 21. 30. 55.250],43,B0030,66,2651,02651.csv,28
2652,[2009. 4. 16. 0. 32. 43.250],43,B0030,68,2653,02653.csv,29
2655,[2009. 4. 16. 4. 10. 5.609],43,B0030,71,2656,02656.csv,30
2658,[2009. 4. 16. 10. 41. 20.125],43,B0030,74,2659,02659.csv,31
2660,[2009. 4. 16. 13. 42. 26.171],43,B0030,76,2661,02661.csv,32
2662,[2009. 4. 16. 16. 43. 53.531],43,B0030,78,2663,02663.csv,33
2664,[2009. 4. 16. 19. 44. 53.671],43,B0030,80,2665,02665.csv,34
2667,[2009. 4. 16. 23. 20. 24.234],43,B0030,83,2668,02668.csv,35
2670,[2009. 4. 17. 10. 13. 13.906],43,B0030,86,2671,02671.csv,36
2672,[2009. 4. 17. 13. 14. 1.937],43,B0030,88,2673,02673.csv,37
2674,[2009. 4. 17. 16. 14. 10.328],43,B0030,90,2675,02675.csv,38
2676,[2009. 4. 17. 19. 14. 44.062],43,B0030,92,2677,02677.csv,39
2679,[2009. 4. 17. 22. 49. 14.125],43,B0030,95,2680,02680.csv,40
2683,[2009. 4. 7. 16. 58. 34.156],43,B0031,2,2684,02684.csv,1
2685,[2009. 4. 7. 20. 14. 29.375],43,B0031,4,2686,02686.csv,2
2687,[2009. 4. 7. 23. 28. 3.703],43,B0031,6,2688,02688.csv,3
2689,[2009. 4. 8. 2. 41. 7.921],43,B0031,8,2690,02690.csv,4
2692,[2009. 4. 8. 6. 28. 36.156],43,B0031,11,2693,02693.csv,5
2695,[2009. 4. 9. 10. 54. 17.390],43,B0031,14,2696,02696.csv,6
2697,[2009. 4. 9. 14. 3. 18.031],43,B0031,16,2698,02698.csv,7
2699,[2009. 4. 9. 17. 11. 50.437],43,B0031,18,2700,02700.csv,8
2701,[2009. 4. 9. 20. 19. 45.546],43,B0031,20,2702,02702.csv,9
2704,[2009. 4. 10. 0. 2. 46.968],43,B0031,23,2705,02705.csv,10
2707,[2009. 4. 10. 13. 17. 58.593],43,B0031,26,2708,02708.csv,11
2709,[2009. 4. 10. 16. 23. 10.515],43,B0031,28,2710,02710.csv,12
2711,[2009. 4. 10. 19. 27. 45.515],43,B0031,30,2712,02712.csv,13
2713,[2009. 4. 10. 22. 31. 53.968],43,B0031,32,2714,02714.csv,14
2716,[2009. 4. 11. 2. 12. 36.406],43,B0031,35,2717,02717.csv,15
2719,[2009. 4. 13. 10. 20. 8.484],43,B0031,38,2720,02720.csv,16
2721,[2009. 4. 13. 13. 24. 13.625],43,B0031,40,2722,02722.csv,17
2723,[2009. 4. 13. 16. 28. 34.562],43,B0031,42,2724,02724.csv,18
2725,[2009. 4. 13. 19. 33. 4.687],43,B0031,44,2726,02726.csv,19
2728,[2009. 4. 13. 23. 13. 50.234],43,B0031,47,2729,02729.csv,20
2731,[2009. 4. 14. 11. 1. 49.609],43,B0031,50,2732,02732.csv,21
2733,[2009. 4. 14. 14. 4. 40.828],43,B0031,52,2734,02734.csv,22
2735,[2009. 4. 14. 17. 7. 34.421],43,B0031,54,2736,02736.csv,23
2737,[2009. 4. 14. 20. 10. 51.968],43,B0031,56,2738,02738.csv,24
2740,[2009. 4. 14. 23. 49. 38.500],43,B0031,59,2741,02741.csv,25
2743,[2009. 4. 15. 15. 26. 47.046],43,B0031,62,2744,02744.csv,26
2745,[2009. 4. 15. 18. 29. 47.312],43,B0031,64,2746,02746.csv,27
2747,[2009. 4. 15. 21. 30. 55.250],43,B0031,66,2748,02748.csv,28
2749,[2009. 4. 16. 0. 32. 43.250],43,B0031,68,2750,02750.csv,29
2752,[2009. 4. 16. 4. 10. 5.609],43,B0031,71,2753,02753.csv,30
2755,[2009. 4. 16. 10. 41. 20.125],43,B0031,74,2756,02756.csv,31
2757,[2009. 4. 16. 13. 42. 26.171],43,B0031,76,2758,02758.csv,32
2759,[2009. 4. 16. 16. 43. 53.531],43,B0031,78,2760,02760.csv,33
2761,[2009. 4. 16. 19. 44. 53.671],43,B0031,80,2762,02762.csv,34
2764,[2009. 4. 16. 23. 20. 24.234],43,B0031,83,2765,02765.csv,35
2767,[2009. 4. 17. 10. 13. 13.906],43,B0031,86,2768,02768.csv,36
2769,[2009. 4. 17. 13. 14. 1.937],43,B0031,88,2770,02770.csv,37
2771,[2009. 4. 17. 16. 14. 10.328],43,B0031,90,2772,02772.csv,38
2773,[2009. 4. 17. 19. 14. 44.062],43,B0031,92,2774,02774.csv,39
2776,[2009. 4. 17. 22. 49. 14.125],43,B0031,95,2777,02777.csv,40
2780,[2009. 4. 7. 16. 58. 34.156],43,B0032,2,2781,02781.csv,1
2782,[2009. 4. 7. 20. 14. 29.375],43,B0032,4,2783,02783.csv,2
2784,[2009. 4. 7. 23. 28. 3.703],43,B0032,6,2785,02785.csv,3
2786,[2009. 4. 8. 2. 41. 7.921],43,B0032,8,2787,02787.csv,4
2789,[2009. 4. 8. 6. 28. 36.156],43,B0032,11,2790,02790.csv,5
2792,[2009. 4. 9. 10. 54. 17.390],43,B0032,14,2793,02793.csv,6
2794,[2009. 4. 9. 14. 3. 18.031],43,B0032,16,2795,02795.csv,7
2796,[2009. 4. 9. 17. 11. 50.437],43,B0032,18,2797,02797.csv,8
2798,[2009. 4. 9. 20. 19. 45.546],43,B0032,20,2799,02799.csv,9
2801,[2009. 4. 10. 0. 2. 46.968],43,B0032,23,2802,02802.csv,10
2804,[2009. 4. 10. 13. 17. 58.593],43,B0032,26,2805,02805.csv,11
2806,[2009. 4. 10. 16. 23. 10.515],43,B0032,28,2807,02807.csv,12
2808,[2009. 4. 10. 19. 27. 45.515],43,B0032,30,2809,02809.csv,13
2810,[2009. 4. 10. 22. 31. 53.968],43,B0032,32,2811,02811.csv,14
2813,[2009. 4. 11. 2. 12. 36.406],43,B0032,35,2814,02814.csv,15
2816,[2009. 4. 13. 10. 20. 8.484],43,B0032,38,2817,02817.csv,16
2818,[2009. 4. 13. 13. 24. 13.625],43,B0032,40,2819,02819.csv,17
2820,[2009. 4. 13. 16. 28. 34.562],43,B0032,42,2821,02821.csv,18
2822,[2009. 4. 13. 19. 33. 4.687],43,B0032,44,2823,02823.csv,19
2825,[2009. 4. 13. 23. 13. 50.234],43,B0032,47,2826,02826.csv,20
2828,[2009. 4. 14. 11. 1. 49.609],43,B0032,50,2829,02829.csv,21
2830,[2009. 4. 14. 14. 4. 40.828],43,B0032,52,2831,02831.csv,22
2832,[2009. 4. 14. 17. 7. 34.421],43,B0032,54,2833,02833.csv,23
2834,[2009. 4. 14. 20. 10. 51.968],43,B0032,56,2835,02835.csv,24
2837,[2009. 4. 14. 23. 49. 38.500],43,B0032,59,2838,02838.csv,25
2840,[2009. 4. 15. 15. 26. 47.046],43,B0032,62,2841,02841.csv,26
2842,[2009. 4. 15. 18. 29. 47.312],43,B0032,64,2843,02843.csv,27
2844,[2009. 4. 15. 21. 30. 55.250],43,B0032,66,2845,02845.csv,28
2846,[2009. 4. 16. 0. 32. 43.250],43,B0032,68,2847,02847.csv,29
2849,[2009. 4. 16. 4. 10. 5.609],43,B0032,71,2850,02850.csv,30
2852,[2009. 4. 16. 10. 41. 20.125],43,B0032,74,2853,02853.csv,31
2854,[2009. 4. 16. 13. 42. 26.171],43,B0032,76,2855,02855.csv,32
2856,[2009. 4. 16. 16. 43. 53.531],43,B0032,78,2857,02857.csv,33
2858,[2009. 4. 16. 19. 44. 53.671],43,B0032,80,2859,02859.csv,34
2861,[2009. 4. 16. 23. 20. 24.234],43,B0032,83,2862,02862.csv,35
2864,[2009. 4. 17. 10. 13. 13.906],43,B0032,86,2865,02865.csv,36
2866,[2009. 4. 17. 13. 14. 1.937],43,B0032,88,2867,02867.csv,37
2868,[2009. 4. 17. 16. 14. 10.328],43,B0032,90,2869,02869.csv,38
2870,[2009. 4. 17. 19. 14. 44.062],43,B0032,92,2871,02871.csv,39
2873,[2009. 4. 17. 22. 49. 14.125],43,B0032,95,2874,02874.csv,40
2877,[2009. 6. 19. 18. 25. 58.640],24,B0033,2,2878,02878.csv,1
2880,[2009. 6. 19. 22. 58. 30.843],24,B0033,5,2881,02881.csv,2
2882,[2009. 6. 20. 2. 55. 25.265],24,B0033,7,2883,02883.csv,3
2884,[2009. 6. 20. 6. 51. 23.171],24,B0033,9,2885,02885.csv,4
2886,[2009. 6. 20. 10. 46. 8.984],24,B0033,11,2887,02887.csv,5
2889,[2009. 6. 20. 15. 18. 25.765],24,B0033,14,2890,02890.csv,6
2892,[2009. 6. 20. 19. 50. 37.765],24,B0033,17,2893,02893.csv,7
2894,[2009. 6. 20. 23. 47. 6.421],24,B0033,19,2895,02895.csv,8
2896,[2009. 6. 21. 3. 43. 37.421],24,B0033,21,2897,02897.csv,9
2898,[2009. 6. 21. 7. 40. 1.625],24,B0033,23,2899,02899.csv,10
2901,[2009. 6. 21. 12. 12. 7.046],24,B0033,26,2902,02902.csv,11
2904,[2009. 6. 21. 16. 44. 12.312],24,B0033,29,2905,02905.csv,12
2906,[2009. 6. 21. 20. 40. 28.906],24,B0033,31,2907,02907.csv,13
2908,[2009. 6. 22. 0. 36. 42.578],24,B0033,33,2909,02909.csv,14
2910,[2009. 6. 22. 4. 32. 51.750],24,B0033,35,2911,02911.csv,15
2913,[2009. 6. 22. 9. 4. 49.718],24,B0033,38,2914,02914.csv,16
2916,[2009. 6. 22. 13. 36. 56.609],24,B0033,41,2917,02917.csv,17
2918,[2009. 6. 22. 17. 33. 30.843],24,B0033,43,2919,02919.csv,18
2920,[2009. 6. 22. 21. 29. 47.796],24,B0033,45,2921,02921.csv,19
2922,[2009. 6. 23. 1. 25. 50.515],24,B0033,47,2923,02923.csv,20
2925,[2009. 6. 23. 5. 57. 28.093],24,B0033,50,2926,02926.csv,21
2929,[2009. 6. 26. 17. 0. 29.625],24,B0033,54,2930,02930.csv,22
2932,[2009. 6. 26. 21. 28. 1.531],24,B0033,57,2933,02933.csv,23
2934,[2009. 6. 27. 1. 23. 59.218],24,B0033,59,2935,02935.csv,24
2936,[2009. 6. 27. 5. 20. 35.984],24,B0033,61,2937,02937.csv,25
2938,[2009. 6. 27. 9. 17. 4.250],24,B0033,63,2939,02939.csv,26
2941,[2009. 6. 27. 13. 49. 9.515],24,B0033,66,2942,02942.csv,27
2944,[2009. 6. 27. 18. 21. 18.234],24,B0033,69,2945,02945.csv,28
2946,[2009. 6. 27. 22. 17. 17.406],24,B0033,71,2947,02947.csv,29
2948,[2009. 6. 28. 2. 13. 30.812],24,B0033,73,2949,02949.csv,30
2950,[2009. 6. 28. 6. 9. 35.093],24,B0033,75,2951,02951.csv,31
2953,[2009. 6. 28. 10. 41. 7.187],24,B0033,78,2954,02954.csv,32
2956,[2009. 6. 28. 15. 12. 50.796],24,B0033,81,2957,02957.csv,33
2958,[2009. 6. 28. 19. 8. 0.671],24,B0033,83,2959,02959.csv,34
2960,[2009. 6. 28. 23. 2. 27.281],24,B0033,85,2961,02961.csv,35
2962,[2009. 6. 29. 2. 58. 13.109],24,B0033,87,2963,02963.csv,36
2965,[2009. 6. 29. 7. 29. 18.390],24,B0033,90,2966,02966.csv,37
2968,[2009. 6. 29. 12. 1. 7.828],24,B0033,93,2969,02969.csv,38
2970,[2009. 6. 29. 15. 54. 32.859],24,B0033,95,2971,02971.csv,39
2972,[2009. 6. 29. 19. 45. 14.390],24,B0033,97,2973,02973.csv,40
2974,[2009. 6. 29. 23. 38. 55.953],24,B0033,99,2975,02975.csv,41
2977,[2009. 6. 30. 4. 6. 30.343],24,B0033,102,2978,02978.csv,42
2981,[2009. 7. 1. 12. 45. 34.265],24,B0033,106,2982,02982.csv,43
2984,[2009. 7. 1. 17. 13. 7.140],24,B0033,109,2985,02985.csv,44
2986,[2009. 7. 1. 21. 4. 46.796],24,B0033,111,2987,02987.csv,45
2989,[2009. 7. 14. 17. 52. 0.531],24,B0033,114,2990,02990.csv,46
2992,[2009. 7. 14. 22. 18. 36.765],24,B0033,117,2993,02993.csv,47
2994,[2009. 7. 15. 2. 10. 47.203],24,B0033,119,2995,02995.csv,48
2996,[2009. 7. 15. 6. 3. 37.218],24,B0033,121,2997,02997.csv,49
2998,[2009. 7. 15. 9. 59. 39.609],24,B0033,123,2999,02999.csv,50
3001,[2009. 7. 15. 14. 28. 16.687],24,B0033,126,3002,03002.csv,51
3004,[2009. 7. 15. 18. 55. 33.765],24,B0033,129,3005,03005.csv,52
3006,[2009. 7. 15. 22. 47. 13.640],24,B0033,131,3007,03007.csv,53
3008,[2009. 7. 16. 2. 39. 19.406],24,B0033,133,3009,03009.csv,54
3010,[2009. 7. 16. 6. 31. 53.453],24,B0033,135,3011,03011.csv,55
3013,[2009. 7. 16. 10. 59. 21.234],24,B0033,138,3014,03014.csv,56
3016,[2009. 7. 16. 15. 30. 28.000],24,B0033,141,3017,03017.csv,57
3018,[2009. 7. 16. 19. 20. 31.781],24,B0033,143,3019,03019.csv,58
3020,[2009. 7. 16. 23. 12. 40.484],24,B0033,145,3021,03021.csv,59
3022,[2009. 7. 17. 3. 4. 30.531],24,B0033,147,3023,03023.csv,60
3025,[2009. 7. 17. 7. 32. 9.640],24,B0033,150,3026,03026.csv,61
3028,[2009. 7. 17. 12. 2. 59.515],24,B0033,153,3029,03029.csv,62
3030,[2009. 7. 17. 15. 54. 10.468],24,B0033,155,3031,03031.csv,63
3032,[2009. 7. 17. 19. 43. 16.218],24,B0033,157,3033,03033.csv,64
3034,[2009. 7. 17. 23. 34. 22.421],24,B0033,159,3035,03035.csv,65
3037,[2009. 7. 18. 4. 1. 49.984],24,B0033,162,3038,03038.csv,66
3041,[2009. 7. 23. 11. 55. 21.953],24,B0033,166,3042,03042.csv,67
3044,[2009. 7. 23. 16. 23. 40.343],24,B0033,169,3045,03045.csv,68
3046,[2009. 7. 23. 20. 13. 45.296],24,B0033,171,3047,03047.csv,69
3048,[2009. 7. 24. 0. 5. 23.906],24,B0033,173,3049,03049.csv,70
3050,[2009. 7. 24. 3. 56. 50.546],24,B0033,175,3051,03051.csv,71
3053,[2009. 7. 24. 8. 24. 55.609],24,B0033,178,3054,03054.csv,72
3056,[2009. 7. 24. 12. 55. 11.375],24,B0033,181,3057,03057.csv,73
3058,[2009. 7. 24. 16. 40. 21.187],24,B0033,183,3059,03059.csv,74
3060,[2009. 7. 24. 20. 29. 43.093],24,B0033,185,3061,03061.csv,75
3062,[2009. 7. 25. 0. 21. 50.109],24,B0033,187,3063,03063.csv,76
3065,[2009. 7. 25. 4. 49. 26.625],24,B0033,190,3066,03066.csv,77
3068,[2009. 7. 25. 9. 20. 20.984],24,B0033,193,3069,03069.csv,78
3070,[2009. 7. 25. 13. 13. 17.203],24,B0033,195,3071,03071.csv,79
3072,[2009. 7. 25. 17. 6. 32.296],24,B0033,197,3073,03073.csv,80
3074,[2009. 7. 25. 21. 0. 19.875],24,B0033,199,3075,03075.csv,81
3077,[2009. 7. 26. 1. 30. 15.437],24,B0033,202,3078,03078.csv,82
3080,[2009. 7. 26. 6. 0. 25.062],24,B0033,205,3081,03081.csv,83
3082,[2009. 7. 26. 9. 54. 53.843],24,B0033,207,3083,03083.csv,84
3084,[2009. 7. 26. 13. 48. 59.140],24,B0033,209,3085,03085.csv,85
3086,[2009. 7. 26. 17. 42. 54.921],24,B0033,211,3087,03087.csv,86
3089,[2009. 7. 26. 22. 12. 41.312],24,B0033,214,3090,03090.csv,87
3092,[2009. 7. 27. 2. 43. 12.750],24,B0033,217,3093,03093.csv,88
3094,[2009. 7. 27. 6. 36. 51.968],24,B0033,219,3095,03095.csv,89
3096,[2009. 7. 27. 10. 30. 25.593],24,B0033,221,3097,03097.csv,90
3098,[2009. 7. 27. 14. 23. 4.968],24,B0033,223,3099,03099.csv,91
3101,[2009. 7. 27. 18. 50. 36.250],24,B0033,226,3102,03102.csv,92
3104,[2009. 7. 27. 23. 21. 6.125],24,B0033,229,3105,03105.csv,93
3106,[2009. 7. 28. 3. 14. 13.296],24,B0033,231,3107,03107.csv,94
3108,[2009. 7. 28. 7. 8. 23.984],24,B0033,233,3109,03109.csv,95
3110,[2009. 7. 28. 11. 2. 51.093],24,B0033,235,3111,03111.csv,96
3113,[2009. 7. 28. 15. 32. 40.171],24,B0033,238,3114,03114.csv,97
3116,[2009. 7. 28. 20. 2. 28.625],24,B0033,241,3117,03117.csv,98
3118,[2009. 7. 28. 23. 55. 8.765],24,B0033,243,3119,03119.csv,99
3120,[2009. 7. 29. 3. 48. 56.265],24,B0033,245,3121,03121.csv,100
3122,[2009. 7. 29. 7. 42. 54.859],24,B0033,247,3123,03123.csv,101
3125,[2009. 7. 29. 12. 13. 5.843],24,B0033,250,3126,03126.csv,102
3128,[2009. 7. 29. 16. 43. 31.062],24,B0033,253,3129,03129.csv,103
3130,[2009. 7. 29. 20. 33. 51.328],24,B0033,255,3131,03131.csv,104
3132,[2009. 7. 30. 0. 26. 46.296],24,B0033,257,3133,03133.csv,105
3134,[2009. 7. 30. 4. 20. 49.968],24,B0033,259,3135,03135.csv,106
3137,[2009. 7. 30. 8. 50. 38.578],24,B0033,262,3138,03138.csv,107
3140,[2009. 7. 30. 13. 20. 56.406],24,B0033,265,3141,03141.csv,108
3142,[2009. 7. 30. 17. 11. 57.546],24,B0033,267,3143,03143.csv,109
3144,[2009. 7. 30. 21. 2. 14.578],24,B0033,269,3145,03145.csv,110
3146,[2009. 7. 31. 0. 55. 17.093],24,B0033,271,3147,03147.csv,111
3149,[2009. 7. 31. 5. 24. 22.937],24,B0033,274,3150,03150.csv,112
3152,[2009. 7. 31. 9. 54. 14.234],24,B0033,277,3153,03153.csv,113
3155,[2009. 7. 31. 17. 33. 22.078],24,B0033,280,3156,03156.csv,114
3158,[2009. 7. 31. 21. 55. 46.796],24,B0033,283,3159,03159.csv,115
3160,[2009. 8. 1. 1. 47. 4.312],24,B0033,285,3161,03161.csv,116
3162,[2009. 8. 1. 5. 39. 0.312],24,B0033,287,3163,03163.csv,117
3164,[2009. 8. 1. 9. 32. 45.984],24,B0033,289,3165,03165.csv,118
3167,[2009. 8. 1. 14. 1. 25.312],24,B0033,292,3168,03168.csv,119
3170,[2009. 8. 1. 18. 30. 44.968],24,B0033,295,3171,03171.csv,120
3172,[2009. 8. 1. 22. 22. 34.843],24,B0033,297,3173,03173.csv,121
3174,[2009. 8. 2. 2. 15. 9.171],24,B0033,299,3175,03175.csv,122
3176,[2009. 8. 2. 6. 8. 41.656],24,B0033,301,3177,03177.csv,123
3179,[2009. 8. 2. 10. 37. 58.593],24,B0033,304,3180,03180.csv,124
3182,[2009. 8. 2. 15. 7. 18.093],24,B0033,307,3183,03183.csv,125
3184,[2009. 8. 2. 19. 0. 39.468],24,B0033,309,3185,03185.csv,126
3186,[2009. 8. 2. 22. 53. 43.218],24,B0033,311,3187,03187.csv,127
3188,[2009. 8. 3. 2. 47. 0.515],24,B0033,313,3189,03189.csv,128
3191,[2009. 8. 3. 7. 16. 4.218],24,B0033,316,3192,03192.csv,129
3194,[2009. 8. 3. 11. 45. 39.265],24,B0033,319,3195,03195.csv,130
3196,[2009. 8. 3. 15. 36. 25.093],24,B0033,321,3197,03197.csv,131
3198,[2009. 8. 3. 19. 30. 6.687],24,B0033,323,3199,03199.csv,132
3200,[2009. 8. 3. 23. 23. 20.781],24,B0033,325,3201,03201.csv,133
3203,[2009. 8. 4. 3. 52. 16.765],24,B0033,328,3204,03204.csv,134
3207,[2009. 8. 5. 12. 16. 5.781],24,B0033,332,3208,03208.csv,135
3210,[2009. 8. 5. 16. 45. 40.718],24,B0033,335,3211,03211.csv,136
3212,[2009. 8. 5. 20. 37. 9.671],24,B0033,337,3213,03213.csv,137
3214,[2009. 8. 6. 0. 30. 42.343],24,B0033,339,3215,03215.csv,138
3216,[2009. 8. 6. 4. 24. 5.078],24,B0033,341,3217,03217.csv,139
3219,[2009. 8. 6. 8. 50. 10.984],24,B0033,344,3220,03220.csv,140
3222,[2009. 8. 6. 13. 17. 4.312],24,B0033,347,3223,03223.csv,141
3224,[2009. 8. 6. 17. 5. 18.687],24,B0033,349,3225,03225.csv,142
3226,[2009. 8. 6. 20. 52. 26.765],24,B0033,351,3227,03227.csv,143
3228,[2009. 8. 7. 0. 40. 51.984],24,B0033,353,3229,03229.csv,144
3231,[2009. 8. 7. 5. 7. 21.093],24,B0033,356,3232,03232.csv,145
3234,[2009. 8. 7. 9. 35. 47.859],24,B0033,359,3235,03235.csv,146
3236,[2009. 8. 7. 13. 23. 52.437],24,B0033,361,3237,03237.csv,147
3238,[2009. 8. 7. 17. 12. 32.781],24,B0033,363,3239,03239.csv,148
3240,[2009. 8. 7. 21. 5. 28.578],24,B0033,365,3241,03241.csv,149
3243,[2009. 8. 8. 1. 33. 53.015],24,B0033,368,3244,03244.csv,150
3246,[2009. 8. 8. 6. 2. 11.484],24,B0033,371,3247,03247.csv,151
3248,[2009. 8. 8. 9. 54. 44.140],24,B0033,373,3249,03249.csv,152
3250,[2009. 8. 8. 13. 47. 5.281],24,B0033,375,3251,03251.csv,153
3252,[2009. 8. 8. 17. 39. 14.687],24,B0033,377,3253,03253.csv,154
3255,[2009. 8. 8. 22. 7. 14.500],24,B0033,380,3256,03256.csv,155
3259,[2009. 8. 17. 14. 36. 33.453],24,B0033,384,3260,03260.csv,156
3262,[2009. 8. 17. 19. 6. 48.687],24,B0033,387,3263,03263.csv,157
3264,[2009. 8. 17. 22. 59. 22.265],24,B0033,389,3265,03265.csv,158
3266,[2009. 8. 18. 2. 53. 20.906],24,B0033,391,3267,03267.csv,159
3268,[2009. 8. 18. 6. 47. 7.906],24,B0033,393,3269,03269.csv,160
3271,[2009. 8. 18. 11. 16. 57.750],24,B0033,396,3272,03272.csv,161
3274,[2009. 8. 18. 15. 46. 59.359],24,B0033,399,3275,03275.csv,162
3276,[2009. 8. 18. 19. 37. 31.843],24,B0033,401,3277,03277.csv,163
3278,[2009. 8. 18. 23. 30. 58.312],24,B0033,403,3279,03279.csv,164
3280,[2009. 8. 19. 3. 24. 8.890],24,B0033,405,3281,03281.csv,165
3283,[2009. 8. 19. 7. 53. 14.718],24,B0033,408,3284,03284.csv,166
3286,[2009. 8. 19. 12. 22. 31.687],24,B0033,411,3287,03287.csv,167
3288,[2009. 8. 19. 16. 15. 46.875],24,B0033,413,3289,03289.csv,168
3290,[2009. 8. 19. 20. 9. 6.890],24,B0033,415,3291,03291.csv,169
3292,[2009. 8. 20. 0. 2. 2.593],24,B0033,417,3293,03293.csv,170
3295,[2009. 8. 20. 4. 30. 50.218],24,B0033,420,3296,03296.csv,171
3298,[2009. 8. 20. 8. 59. 28.296],24,B0033,423,3299,03299.csv,172
3300,[2009. 8. 20. 12. 52. 27.468],24,B0033,425,3301,03301.csv,173
3302,[2009. 8. 20. 16. 43. 8.046],24,B0033,427,3303,03303.csv,174
3304,[2009. 8. 20. 20. 33. 39.812],24,B0033,429,3305,03305.csv,175
3307,[2009. 8. 21. 1. 2. 8.109],24,B0033,432,3308,03308.csv,176
3311,[2009. 8. 21. 19. 26. 46.671],24,B0033,436,3312,03312.csv,177
3314,[2009. 8. 21. 23. 55. 20.484],24,B0033,439,3315,03315.csv,178
3316,[2009. 8. 22. 3. 47. 50.937],24,B0033,441,3317,03317.csv,179
3318,[2009. 8. 22. 7. 40. 9.781],24,B0033,443,3319,03319.csv,180
3320,[2009. 8. 22. 11. 32. 21.015],24,B0033,445,3321,03321.csv,181
3323,[2009. 8. 22. 16. 0. 27.859],24,B0033,448,3324,03324.csv,182
3326,[2009. 8. 22. 20. 28. 32.062],24,B0033,451,3327,03327.csv,183
3328,[2009. 8. 23. 0. 20. 41.046],24,B0033,453,3329,03329.csv,184
3330,[2009. 8. 23. 4. 12. 36.468],24,B0033,455,3331,03331.csv,185
3332,[2009. 8. 23. 8. 4. 19.531],24,B0033,457,3333,03333.csv,186
3335,[2009. 8. 23. 12. 32. 3.093],24,B0033,460,3336,03336.csv,187
3338,[2009. 8. 23. 16. 59. 46.156],24,B0033,463,3339,03339.csv,188
3340,[2009. 8. 23. 20. 51. 14.890],24,B0033,465,3341,03341.csv,189
3342,[2009. 8. 24. 0. 42. 30.015],24,B0033,467,3343,03343.csv,190
3344,[2009. 8. 24. 4. 33. 32.734],24,B0033,469,3345,03345.csv,191
3347,[2009. 8. 24. 9. 0. 42.171],24,B0033,472,3348,03348.csv,192
3350,[2009. 8. 24. 13. 28. 37.031],24,B0033,475,3351,03351.csv,193
3352,[2009. 8. 24. 17. 20. 29.984],24,B0033,477,3353,03353.csv,194
3354,[2009. 8. 24. 21. 11. 46.656],24,B0033,479,3355,03355.csv,195
3356,[2009. 8. 25. 1. 2. 37.531],24,B0033,481,3357,03357.csv,196
3359,[2009. 8. 25. 5. 29. 20.390],24,B0033,484,3360,03360.csv,197
3363,[2009. 6. 19. 18. 25. 58.640],24,B0034,2,3364,03364.csv,1
3366,[2009. 6. 19. 22. 58. 30.843],24,B0034,5,3367,03367.csv,2
3368,[2009. 6. 20. 2. 55. 25.265],24,B0034,7,3369,03369.csv,3
3370,[2009. 6. 20. 6. 51. 23.171],24,B0034,9,3371,03371.csv,4
3372,[2009. 6. 20. 10. 46. 8.984],24,B0034,11,3373,03373.csv,5
3375,[2009. 6. 20. 15. 18. 25.765],24,B0034,14,3376,03376.csv,6
3378,[2009. 6. 20. 19. 50. 37.765],24,B0034,17,3379,03379.csv,7
3380,[2009. 6. 20. 23. 47. 6.421],24,B0034,19,3381,03381.csv,8
3382,[2009. 6. 21. 3. 43. 37.421],24,B0034,21,3383,03383.csv,9
3384,[2009. 6. 21. 7. 40. 1.625],24,B0034,23,3385,03385.csv,10
3387,[2009. 6. 21. 12. 12. 7.046],24,B0034,26,3388,03388.csv,11
3390,[2009. 6. 21. 16. 44. 12.312],24,B0034,29,3391,03391.csv,12
3392,[2009. 6. 21. 20. 40. 28.906],24,B0034,31,3393,03393.csv,13
3394,[2009. 6. 22. 0. 36. 42.578],24,B0034,33,3395,03395.csv,14
3396,[2009. 6. 22. 4. 32. 51.750],24,B0034,35,3397,03397.csv,15
3399,[2009. 6. 22. 9. 4. 49.718],24,B0034,38,3400,03400.csv,16
3402,[2009. 6. 22. 13. 36. 56.609],24,B0034,41,3403,03403.csv,17
3404,[2009. 6. 22. 17. 33. 30.843],24,B0034,43,3405,03405.csv,18
3406,[2009. 6. 22. 21. 29. 47.796],24,B0034,45,3407,03407.csv,19
3408,[2009. 6. 23. 1. 25. 50.515],24,B0034,47,3409,03409.csv,20
3411,[2009. 6. 23. 5. 57. 28.093],24,B0034,50,3412,03412.csv,21
3415,[2009. 6. 26. 17. 0. 29.625],24,B0034,54,3416,03416.csv,22
3418,[2009. 6. 26. 21. 28. 1.531],24,B0034,57,3419,03419.csv,23
3420,[2009. 6. 27. 1. 23. 59.218],24,B0034,59,3421,03421.csv,24
3422,[2009. 6. 27. 5. 20. 35.984],24,B0034,61,3423,03423.csv,25
3424,[2009. 6. 27. 9. 17. 4.250],24,B0034,63,3425,03425.csv,26
3427,[2009. 6. 27. 13. 49. 9.515],24,B0034,66,3428,03428.csv,27
3430,[2009. 6. 27. 18. 21. 18.234],24,B0034,69,3431,03431.csv,28
3432,[2009. 6. 27. 22. 17. 17.406],24,B0034,71,3433,03433.csv,29
3434,[2009. 6. 28. 2. 13. 30.812],24,B0034,73,3435,03435.csv,30
3436,[2009. 6. 28. 6. 9. 35.093],24,B0034,75,3437,03437.csv,31
3439,[2009. 6. 28. 10. 41. 7.187],24,B0034,78,3440,03440.csv,32
3442,[2009. 6. 28. 15. 12. 50.796],24,B0034,81,3443,03443.csv,33
3444,[2009. 6. 28. 19. 8. 0.671],24,B0034,83,3445,03445.csv,34
3446,[2009. 6. 28. 23. 2. 27.281],24,B0034,85,3447,03447.csv,35
3448,[2009. 6. 29. 2. 58. 13.109],24,B0034,87,3449,03449.csv,36
3451,[2009. 6. 29. 7. 29. 18.390],24,B0034,90,3452,03452.csv,37
3454,[2009. 6. 29. 12. 1. 7.828],24,B0034,93,3455,03455.csv,38
3456,[2009. 6. 29. 15. 54. 32.859],24,B0034,95,3457,03457.csv,39
3458,[2009. 6. 29. 19. 45. 14.390],24,B0034,97,3459,03459.csv,40
3460,[2009. 6. 29. 23. 38. 55.953],24,B0034,99,3461,03461.csv,41
3463,[2009. 6. 30. 4. 6. 30.343],24,B0034,102,3464,03464.csv,42
3467,[2009. 7. 1. 12. 45. 34.265],24,B0034,106,3468,03468.csv,43
3470,[2009. 7. 1. 17. 13. 7.140],24,B0034,109,3471,03471.csv,44
3472,[2009. 7. 1. 21. 4. 46.796],24,B0034,111,3473,03473.csv,45
3475,[2009. 7. 14. 17. 52. 0.531],24,B0034,114,3476,03476.csv,46
3478,[2009. 7. 14. 22. 18. 36.765],24,B0034,117,3479,03479.csv,47
3480,[2009. 7. 15. 2. 10. 47.203],24,B0034,119,3481,03481.csv,48
3482,[2009. 7. 15. 6. 3. 37.218],24,B0034,121,3483,03483.csv,49
3484,[2009. 7. 15. 9. 59. 39.609],24,B0034,123,3485,03485.csv,50
3487,[2009. 7. 15. 14. 28. 16.687],24,B0034,126,3488,03488.csv,51
3490,[2009. 7. 15. 18. 55. 33.765],24,B0034,129,3491,03491.csv,52
3492,[2009. 7. 15. 22. 47. 13.640],24,B0034,131,3493,03493.csv,53
3494,[2009. 7. 16. 2. 39. 19.406],24,B0034,133,3495,03495.csv,54
3496,[2009. 7. 16. 6. 31. 53.453],24,B0034,135,3497,03497.csv,55
3499,[2009. 7. 16. 10. 59. 21.234],24,B0034,138,3500,03500.csv,56
3502,[2009. 7. 16. 15. 30. 28.000],24,B0034,141,3503,03503.csv,57
3504,[2009. 7. 16. 19. 20. 31.781],24,B0034,143,3505,03505.csv,58
3506,[2009. 7. 16. 23. 12. 40.484],24,B0034,145,3507,03507.csv,59
3508,[2009. 7. 17. 3. 4. 30.531],24,B0034,147,3509,03509.csv,60
3511,[2009. 7. 17. 7. 32. 9.640],24,B0034,150,3512,03512.csv,61
3514,[2009. 7. 17. 12. 2. 59.515],24,B0034,153,3515,03515.csv,62
3516,[2009. 7. 17. 15. 54. 10.468],24,B0034,155,3517,03517.csv,63
3518,[2009. 7. 17. 19. 43. 16.218],24,B0034,157,3519,03519.csv,64
3520,[2009. 7. 17. 23. 34. 22.421],24,B0034,159,3521,03521.csv,65
3523,[2009. 7. 18. 4. 1. 49.984],24,B0034,162,3524,03524.csv,66
3527,[2009. 7. 23. 11. 55. 21.953],24,B0034,166,3528,03528.csv,67
3530,[2009. 7. 23. 16. 23. 40.343],24,B0034,169,3531,03531.csv,68
3532,[2009. 7. 23. 20. 13. 45.296],24,B0034,171,3533,03533.csv,69
3534,[2009. 7. 24. 0. 5. 23.906],24,B0034,173,3535,03535.csv,70
3536,[2009. 7. 24. 3. 56. 50.546],24,B0034,175,3537,03537.csv,71
3539,[2009. 7. 24. 8. 24. 55.609],24,B0034,178,3540,03540.csv,72
3542,[2009. 7. 24. 12. 55. 11.375],24,B0034,181,3543,03543.csv,73
3544,[2009. 7. 24. 16. 40. 21.187],24,B0034,183,3545,03545.csv,74
3546,[2009. 7. 24. 20. 29. 43.093],24,B0034,185,3547,03547.csv,75
3548,[2009. 7. 25. 0. 21. 50.109],24,B0034,187,3549,03549.csv,76
3551,[2009. 7. 25. 4. 49. 26.625],24,B0034,190,3552,03552.csv,77
3554,[2009. 7. 25. 9. 20. 20.984],24,B0034,193,3555,03555.csv,78
3556,[2009. 7. 25. 13. 13. 17.203],24,B0034,195,3557,03557.csv,79
3558,[2009. 7. 25. 17. 6. 32.296],24,B0034,197,3559,03559.csv,80
3560,[2009. 7. 25. 21. 0. 19.875],24,B0034,199,3561,03561.csv,81
3563,[2009. 7. 26. 1. 30. 15.437],24,B0034,202,3564,03564.csv,82
3566,[2009. 7. 26. 6. 0. 25.062],24,B0034,205,3567,03567.csv,83
3568,[2009. 7. 26. 9. 54. 53.843],24,B0034,207,3569,03569.csv,84
3570,[2009. 7. 26. 13. 48. 59.140],24,B0034,209,3571,03571.csv,85
3572,[2009. 7. 26. 17. 42. 54.921],24,B0034,211,3573,03573.csv,86
3575,[2009. 7. 26. 22. 12. 41.312],24,B0034,214,3576,03576.csv,87
3578,[2009. 7. 27. 2. 43. 12.750],24,B0034,217,3579,03579.csv,88
3580,[2009. 7. 27. 6. 36. 51.968],24,B0034,219,3581,03581.csv,89
3582,[2009. 7. 27. 10. 30. 25.593],24,B0034,221,3583,03583.csv,90
3584,[2009. 7. 27. 14. 23. 4.968],24,B0034,223,3585,03585.csv,91
3587,[2009. 7. 27. 18. 50. 36.250],24,B0034,226,3588,03588.csv,92
3590,[2009. 7. 27. 23. 21. 6.125],24,B0034,229,3591,03591.csv,93
3592,[2009. 7. 28. 3. 14. 13.296],24,B0034,231,3593,03593.csv,94
3594,[2009. 7. 28. 7. 8. 23.984],24,B0034,233,3595,03595.csv,95
3596,[2009. 7. 28. 11. 2. 51.093],24,B0034,235,3597,03597.csv,96
3599,[2009. 7. 28. 15. 32. 40.171],24,B0034,238,3600,03600.csv,97
3602,[2009. 7. 28. 20. 2. 28.625],24,B0034,241,3603,03603.csv,98
3604,[2009. 7. 28. 23. 55. 8.765],24,B0034,243,3605,03605.csv,99
3606,[2009. 7. 29. 3. 48. 56.265],24,B0034,245,3607,03607.csv,100
3608,[2009. 7. 29. 7. 42. 54.859],24,B0034,247,3609,03609.csv,101
3611,[2009. 7. 29. 12. 13. 5.843],24,B0034,250,3612,03612.csv,102
3614,[2009. 7. 29. 16. 43. 31.062],24,B0034,253,3615,03615.csv,103
3616,[2009. 7. 29. 20. 33. 51.328],24,B0034,255,3617,03617.csv,104
3618,[2009. 7. 30. 0. 26. 46.296],24,B0034,257,3619,03619.csv,105
3620,[2009. 7. 30. 4. 20. 49.968],24,B0034,259,3621,03621.csv,106
3623,[2009. 7. 30. 8. 50. 38.578],24,B0034,262,3624,03624.csv,107
3626,[2009. 7. 30. 13. 20. 56.406],24,B0034,265,3627,03627.csv,108
3628,[2009. 7. 30. 17. 11. 57.546],24,B0034,267,3629,03629.csv,109
3630,[2009. 7. 30. 21. 2. 14.578],24,B0034,269,3631,03631.csv,110
3632,[2009. 7. 31. 0. 55. 17.093],24,B0034,271,3633,03633.csv,111
3635,[2009. 7. 31. 5. 24. 22.937],24,B0034,274,3636,03636.csv,112
3638,[2009. 7. 31. 9. 54. 14.234],24,B0034,277,3639,03639.csv,113
3641,[2009. 7. 31. 17. 33. 22.078],24,B0034,280,3642,03642.csv,114
3644,[2009. 7. 31. 21. 55. 46.796],24,B0034,283,3645,03645.csv,115
3646,[2009. 8. 1. 1. 47. 4.312],24,B0034,285,3647,03647.csv,116
3648,[2009. 8. 1. 5. 39. 0.312],24,B0034,287,3649,03649.csv,117
3650,[2009. 8. 1. 9. 32. 45.984],24,B0034,289,3651,03651.csv,118
3653,[2009. 8. 1. 14. 1. 25.312],24,B0034,292,3654,03654.csv,119
3656,[2009. 8. 1. 18. 30. 44.968],24,B0034,295,3657,03657.csv,120
3658,[2009. 8. 1. 22. 22. 34.843],24,B0034,297,3659,03659.csv,121
3660,[2009. 8. 2. 2. 15. 9.171],24,B0034,299,3661,03661.csv,122
3662,[2009. 8. 2. 6. 8. 41.656],24,B0034,301,3663,03663.csv,123
3665,[2009. 8. 2. 10. 37. 58.593],24,B0034,304,3666,03666.csv,124
3668,[2009. 8. 2. 15. 7. 18.093],24,B0034,307,3669,03669.csv,125
3670,[2009. 8. 2. 19. 0. 39.468],24,B0034,309,3671,03671.csv,126
3672,[2009. 8. 2. 22. 53. 43.218],24,B0034,311,3673,03673.csv,127
3674,[2009. 8. 3. 2. 47. 0.515],24,B0034,313,3675,03675.csv,128
3677,[2009. 8. 3. 7. 16. 4.218],24,B0034,316,3678,03678.csv,129
3680,[2009. 8. 3. 11. 45. 39.265],24,B0034,319,3681,03681.csv,130
3682,[2009. 8. 3. 15. 36. 25.093],24,B0034,321,3683,03683.csv,131
3684,[2009. 8. 3. 19. 30. 6.687],24,B0034,323,3685,03685.csv,132
3686,[2009. 8. 3. 23. 23. 20.781],24,B0034,325,3687,03687.csv,133
3689,[2009. 8. 4. 3. 52. 16.765],24,B0034,328,3690,03690.csv,134
3693,[2009. 8. 5. 12. 16. 5.781],24,B0034,332,3694,03694.csv,135
3696,[2009. 8. 5. 16. 45. 40.718],24,B0034,335,3697,03697.csv,136
3698,[2009. 8. 5. 20. 37. 9.671],24,B0034,337,3699,03699.csv,137
3700,[2009. 8. 6. 0. 30. 42.343],24,B0034,339,3701,03701.csv,138
3702,[2009. 8. 6. 4. 24. 5.078],24,B0034,341,3703,03703.csv,139
3705,[2009. 8. 6. 8. 50. 10.984],24,B0034,344,3706,03706.csv,140
3708,[2009. 8. 6. 13. 17. 4.312],24,B0034,347,3709,03709.csv,141
3710,[2009. 8. 6. 17. 5. 18.687],24,B0034,349,3711,03711.csv,142
3712,[2009. 8. 6. 20. 52. 26.765],24,B0034,351,3713,03713.csv,143
3714,[2009. 8. 7. 0. 40. 51.984],24,B0034,353,3715,03715.csv,144
3717,[2009. 8. 7. 5. 7. 21.093],24,B0034,356,3718,03718.csv,145
3720,[2009. 8. 7. 9. 35. 47.859],24,B0034,359,3721,03721.csv,146
3722,[2009. 8. 7. 13. 23. 52.437],24,B0034,361,3723,03723.csv,147
3724,[2009. 8. 7. 17. 12. 32.781],24,B0034,363,3725,03725.csv,148
3726,[2009. 8. 7. 21. 5. 28.578],24,B0034,365,3727,03727.csv,149
3729,[2009. 8. 8. 1. 33. 53.015],24,B0034,368,3730,03730.csv,150
3732,[2009. 8. 8. 6. 2. 11.484],24,B0034,371,3733,03733.csv,151
3734,[2009. 8. 8. 9. 54. 44.140],24,B0034,373,3735,03735.csv,152
3736,[2009. 8. 8. 13. 47. 5.281],24,B0034,375,3737,03737.csv,153
3738,[2009. 8. 8. 17. 39. 14.687],24,B0034,377,3739,03739.csv,154
3741,[2009. 8. 8. 22. 7. 14.500],24,B0034,380,3742,03742.csv,155
3745,[2009. 8. 17. 14. 36. 33.453],24,B0034,384,3746,03746.csv,156
3748,[2009. 8. 17. 19. 6. 48.687],24,B0034,387,3749,03749.csv,157
3750,[2009. 8. 17. 22. 59. 22.265],24,B0034,389,3751,03751.csv,158
3752,[2009. 8. 18. 2. 53. 20.906],24,B0034,391,3753,03753.csv,159
3754,[2009. 8. 18. 6. 47. 7.906],24,B0034,393,3755,03755.csv,160
3757,[2009. 8. 18. 11. 16. 57.750],24,B0034,396,3758,03758.csv,161
3760,[2009. 8. 18. 15. 46. 59.359],24,B0034,399,3761,03761.csv,162
3762,[2009. 8. 18. 19. 37. 31.843],24,B0034,401,3763,03763.csv,163
3764,[2009. 8. 18. 23. 30. 58.312],24,B0034,403,3765,03765.csv,164
3766,[2009. 8. 19. 3. 24. 8.890],24,B0034,405,3767,03767.csv,165
3769,[2009. 8. 19. 7. 53. 14.718],24,B0034,408,3770,03770.csv,166
3772,[2009. 8. 19. 12. 22. 31.687],24,B0034,411,3773,03773.csv,167
3774,[2009. 8. 19. 16. 15. 46.875],24,B0034,413,3775,03775.csv,168
3776,[2009. 8. 19. 20. 9. 6.890],24,B0034,415,3777,03777.csv,169
3778,[2009. 8. 20. 0. 2. 2.593],24,B0034,417,3779,03779.csv,170
3781,[2009. 8. 20. 4. 30. 50.218],24,B0034,420,3782,03782.csv,171
3784,[2009. 8. 20. 8. 59. 28.296],24,B0034,423,3785,03785.csv,172
3786,[2009. 8. 20. 12. 52. 27.468],24,B0034,425,3787,03787.csv,173
3788,[2009. 8. 20. 16. 43. 8.046],24,B0034,427,3789,03789.csv,174
3790,[2009. 8. 20. 20. 33. 39.812],24,B0034,429,3791,03791.csv,175
3793,[2009. 8. 21. 1. 2. 8.109],24,B0034,432,3794,03794.csv,176
3797,[2009. 8. 21. 19. 26. 46.671],24,B0034,436,3798,03798.csv,177
3800,[2009. 8. 21. 23. 55. 20.484],24,B0034,439,3801,03801.csv,178
3802,[2009. 8. 22. 3. 47. 50.937],24,B0034,441,3803,03803.csv,179
3804,[2009. 8. 22. 7. 40. 9.781],24,B0034,443,3805,03805.csv,180
3806,[2009. 8. 22. 11. 32. 21.015],24,B0034,445,3807,03807.csv,181
3809,[2009. 8. 22. 16. 0. 27.859],24,B0034,448,3810,03810.csv,182
3812,[2009. 8. 22. 20. 28. 32.062],24,B0034,451,3813,03813.csv,183
3814,[2009. 8. 23. 0. 20. 41.046],24,B0034,453,3815,03815.csv,184
3816,[2009. 8. 23. 4. 12. 36.468],24,B0034,455,3817,03817.csv,185
3818,[2009. 8. 23. 8. 4. 19.531],24,B0034,457,3819,03819.csv,186
3821,[2009. 8. 23. 12. 32. 3.093],24,B0034,460,3822,03822.csv,187
3824,[2009. 8. 23. 16. 59. 46.156],24,B0034,463,3825,03825.csv,188
3826,[2009. 8. 23. 20. 51. 14.890],24,B0034,465,3827,03827.csv,189
3828,[2009. 8. 24. 0. 42. 30.015],24,B0034,467,3829,03829.csv,190
3830,[2009. 8. 24. 4. 33. 32.734],24,B0034,469,3831,03831.csv,191
3833,[2009. 8. 24. 9. 0. 42.171],24,B0034,472,3834,03834.csv,192
3836,[2009. 8. 24. 13. 28. 37.031],24,B0034,475,3837,03837.csv,193
3838,[2009. 8. 24. 17. 20. 29.984],24,B0034,477,3839,03839.csv,194
3840,[2009. 8. 24. 21. 11. 46.656],24,B0034,479,3841,03841.csv,195
3842,[2009. 8. 25. 1. 2. 37.531],24,B0034,481,3843,03843.csv,196
3845,[2009. 8. 25. 5. 29. 20.390],24,B0034,484,3846,03846.csv,197
3849,[2009. 6. 19. 18. 25. 58.640],24,B0036,2,3850,03850.csv,1
3852,[2009. 6. 19. 22. 58. 30.843],24,B0036,5,3853,03853.csv,2
3854,[2009. 6. 20. 2. 55. 25.265],24,B0036,7,3855,03855.csv,3
3856,[2009. 6. 20. 6. 51. 23.171],24,B0036,9,3857,03857.csv,4
3858,[2009. 6. 20. 10. 46. 8.984],24,B0036,11,3859,03859.csv,5
3861,[2009. 6. 20. 15. 18. 25.765],24,B0036,14,3862,03862.csv,6
3864,[2009. 6. 20. 19. 50. 37.765],24,B0036,17,3865,03865.csv,7
3866,[2009. 6. 20. 23. 47. 6.421],24,B0036,19,3867,03867.csv,8
3868,[2009. 6. 21. 3. 43. 37.421],24,B0036,21,3869,03869.csv,9
3870,[2009. 6. 21. 7. 40. 1.625],24,B0036,23,3871,03871.csv,10
3873,[2009. 6. 21. 12. 12. 7.046],24,B0036,26,3874,03874.csv,11
3876,[2009. 6. 21. 16. 44. 12.312],24,B0036,29,3877,03877.csv,12
3878,[2009. 6. 21. 20. 40. 28.906],24,B0036,31,3879,03879.csv,13
3880,[2009. 6. 22. 0. 36. 42.578],24,B0036,33,3881,03881.csv,14
3882,[2009. 6. 22. 4. 32. 51.750],24,B0036,35,3883,03883.csv,15
3885,[2009. 6. 22. 9. 4. 49.718],24,B0036,38,3886,03886.csv,16
3888,[2009. 6. 22. 13. 36. 56.609],24,B0036,41,3889,03889.csv,17
3890,[2009. 6. 22. 17. 33. 30.843],24,B0036,43,3891,03891.csv,18
3892,[2009. 6. 22. 21. 29. 47.796],24,B0036,45,3893,03893.csv,19
3894,[2009. 6. 23. 1. 25. 50.515],24,B0036,47,3895,03895.csv,20
3897,[2009. 6. 23. 5. 57. 28.093],24,B0036,50,3898,03898.csv,21
3901,[2009. 6. 26. 17. 0. 29.625],24,B0036,54,3902,03902.csv,22
3904,[2009. 6. 26. 21. 28. 1.531],24,B0036,57,3905,03905.csv,23
3906,[2009. 6. 27. 1. 23. 59.218],24,B0036,59,3907,03907.csv,24
3908,[2009. 6. 27. 5. 20. 35.984],24,B0036,61,3909,03909.csv,25
3910,[2009. 6. 27. 9. 17. 4.250],24,B0036,63,3911,03911.csv,26
3913,[2009. 6. 27. 13. 49. 9.515],24,B0036,66,3914,03914.csv,27
3916,[2009. 6. 27. 18. 21. 18.234],24,B0036,69,3917,03917.csv,28
3918,[2009. 6. 27. 22. 17. 17.406],24,B0036,71,3919,03919.csv,29
3920,[2009. 6. 28. 2. 13. 30.812],24,B0036,73,3921,03921.csv,30
3922,[2009. 6. 28. 6. 9. 35.093],24,B0036,75,3923,03923.csv,31
3925,[2009. 6. 28. 10. 41. 7.187],24,B0036,78,3926,03926.csv,32
3928,[2009. 6. 28. 15. 12. 50.796],24,B0036,81,3929,03929.csv,33
3930,[2009. 6. 28. 19. 8. 0.671],24,B0036,83,3931,03931.csv,34
3932,[2009. 6. 28. 23. 2. 27.281],24,B0036,85,3933,03933.csv,35
3934,[2009. 6. 29. 2. 58. 13.109],24,B0036,87,3935,03935.csv,36
3937,[2009. 6. 29. 7. 29. 18.390],24,B0036,90,3938,03938.csv,37
3940,[2009. 6. 29. 12. 1. 7.828],24,B0036,93,3941,03941.csv,38
3942,[2009. 6. 29. 15. 54. 32.859],24,B0036,95,3943,03943.csv,39
3944,[2009. 6. 29. 19. 45. 14.390],24,B0036,97,3945,03945.csv,40
3946,[2009. 6. 29. 23. 38. 55.953],24,B0036,99,3947,03947.csv,41
3949,[2009. 6. 30. 4. 6. 30.343],24,B0036,102,3950,03950.csv,42
3953,[2009. 7. 1. 12. 45. 34.265],24,B0036,106,3954,03954.csv,43
3956,[2009. 7. 1. 17. 13. 7.140],24,B0036,109,3957,03957.csv,44
3958,[2009. 7. 1. 21. 4. 46.796],24,B0036,111,3959,03959.csv,45
3961,[2009. 7. 14. 17. 52. 0.531],24,B0036,114,3962,03962.csv,46
3964,[2009. 7. 14. 22. 18. 36.765],24,B0036,117,3965,03965.csv,47
3966,[2009. 7. 15. 2. 10. 47.203],24,B0036,119,3967,03967.csv,48
3968,[2009. 7. 15. 6. 3. 37.218],24,B0036,121,3969,03969.csv,49
3970,[2009. 7. 15. 9. 59. 39.609],24,B0036,123,3971,03971.csv,50
3973,[2009. 7. 15. 14. 28. 16.687],24,B0036,126,3974,03974.csv,51
3976,[2009. 7. 15. 18. 55. 33.765],24,B0036,129,3977,03977.csv,52
3978,[2009. 7. 15. 22. 47. 13.640],24,B0036,131,3979,03979.csv,53
3980,[2009. 7. 16. 2. 39. 19.406],24,B0036,133,3981,03981.csv,54
3982,[2009. 7. 16. 6. 31. 53.453],24,B0036,135,3983,03983.csv,55
3985,[2009. 7. 16. 10. 59. 21.234],24,B0036,138,3986,03986.csv,56
3988,[2009. 7. 16. 15. 30. 28.000],24,B0036,141,3989,03989.csv,57
3990,[2009. 7. 16. 19. 20. 31.781],24,B0036,143,3991,03991.csv,58
3992,[2009. 7. 16. 23. 12. 40.484],24,B0036,145,3993,03993.csv,59
3994,[2009. 7. 17. 3. 4. 30.531],24,B0036,147,3995,03995.csv,60
3997,[2009. 7. 17. 7. 32. 9.640],24,B0036,150,3998,03998.csv,61
4000,[2009. 7. 17. 12. 2. 59.515],24,B0036,153,4001,04001.csv,62
4002,[2009. 7. 17. 15. 54. 10.468],24,B0036,155,4003,04003.csv,63
4004,[2009. 7. 17. 19. 43. 16.218],24,B0036,157,4005,04005.csv,64
4006,[2009. 7. 17. 23. 34. 22.421],24,B0036,159,4007,04007.csv,65
4009,[2009. 7. 18. 4. 1. 49.984],24,B0036,162,4010,04010.csv,66
4013,[2009. 7. 23. 11. 55. 21.953],24,B0036,166,4014,04014.csv,67
4016,[2009. 7. 23. 16. 23. 40.343],24,B0036,169,4017,04017.csv,68
4018,[2009. 7. 23. 20. 13. 45.296],24,B0036,171,4019,04019.csv,69
4020,[2009. 7. 24. 0. 5. 23.906],24,B0036,173,4021,04021.csv,70
4022,[2009. 7. 24. 3. 56. 50.546],24,B0036,175,4023,04023.csv,71
4025,[2009. 7. 24. 8. 24. 55.609],24,B0036,178,4026,04026.csv,72
4028,[2009. 7. 24. 12. 55. 11.375],24,B0036,181,4029,04029.csv,73
4030,[2009. 7. 24. 16. 40. 21.187],24,B0036,183,4031,04031.csv,74
4032,[2009. 7. 24. 20. 29. 43.093],24,B0036,185,4033,04033.csv,75
4034,[2009. 7. 25. 0. 21. 50.109],24,B0036,187,4035,04035.csv,76
4037,[2009. 7. 25. 4. 49. 26.625],24,B0036,190,4038,04038.csv,77
4040,[2009. 7. 25. 9. 20. 20.984],24,B0036,193,4041,04041.csv,78
4042,[2009. 7. 25. 13. 13. 17.203],24,B0036,195,4043,04043.csv,79
4044,[2009. 7. 25. 17. 6. 32.296],24,B0036,197,4045,04045.csv,80
4046,[2009. 7. 25. 21. 0. 19.875],24,B0036,199,4047,04047.csv,81
4049,[2009. 7. 26. 1. 30. 15.437],24,B0036,202,4050,04050.csv,82
4052,[2009. 7. 26. 6. 0. 25.062],24,B0036,205,4053,04053.csv,83
4054,[2009. 7. 26. 9. 54. 53.843],24,B0036,207,4055,04055.csv,84
4056,[2009. 7. 26. 13. 48. 59.140],24,B0036,209,4057,04057.csv,85
4058,[2009. 7. 26. 17. 42. 54.921],24,B0036,211,4059,04059.csv,86
4061,[2009. 7. 26. 22. 12. 41.312],24,B0036,214,4062,04062.csv,87
4064,[2009. 7. 27. 2. 43. 12.750],24,B0036,217,4065,04065.csv,88
4066,[2009. 7. 27. 6. 36. 51.968],24,B0036,219,4067,04067.csv,89
4068,[2009. 7. 27. 10. 30. 25.593],24,B0036,221,4069,04069.csv,90
4070,[2009. 7. 27. 14. 23. 4.968],24,B0036,223,4071,04071.csv,91
4073,[2009. 7. 27. 18. 50. 36.250],24,B0036,226,4074,04074.csv,92
4076,[2009. 7. 27. 23. 21. 6.125],24,B0036,229,4077,04077.csv,93
4078,[2009. 7. 28. 3. 14. 13.296],24,B0036,231,4079,04079.csv,94
4080,[2009. 7. 28. 7. 8. 23.984],24,B0036,233,4081,04081.csv,95
4082,[2009. 7. 28. 11. 2. 51.093],24,B0036,235,4083,04083.csv,96
4085,[2009. 7. 28. 15. 32. 40.171],24,B0036,238,4086,04086.csv,97
4088,[2009. 7. 28. 20. 2. 28.625],24,B0036,241,4089,04089.csv,98
4090,[2009. 7. 28. 23. 55. 8.765],24,B0036,243,4091,04091.csv,99
4092,[2009. 7. 29. 3. 48. 56.265],24,B0036,245,4093,04093.csv,100
4094,[2009. 7. 29. 7. 42. 54.859],24,B0036,247,4095,04095.csv,101
4097,[2009. 7. 29. 12. 13. 5.843],24,B0036,250,4098,04098.csv,102
4100,[2009. 7. 29. 16. 43. 31.062],24,B0036,253,4101,04101.csv,103
4102,[2009. 7. 29. 20. 33. 51.328],24,B0036,255,4103,04103.csv,104
4104,[2009. 7. 30. 0. 26. 46.296],24,B0036,257,4105,04105.csv,105
4106,[2009. 7. 30. 4. 20. 49.968],24,B0036,259,4107,04107.csv,106
4109,[2009. 7. 30. 8. 50. 38.578],24,B0036,262,4110,04110.csv,107
4112,[2009. 7. 30. 13. 20. 56.406],24,B0036,265,4113,04113.csv,108
4114,[2009. 7. 30. 17. 11. 57.546],24,B0036,267,4115,04115.csv,109
4116,[2009. 7. 30. 21. 2. 14.578],24,B0036,269,4117,04117.csv,110
4118,[2009. 7. 31. 0. 55. 17.093],24,B0036,271,4119,04119.csv,111
4121,[2009. 7. 31. 5. 24. 22.937],24,B0036,274,4122,04122.csv,112
4124,[2009. 7. 31. 9. 54. 14.234],24,B0036,277,4125,04125.csv,113
4127,[2009. 7. 31. 17. 33. 22.078],24,B0036,280,4128,04128.csv,114
4130,[2009. 7. 31. 21. 55. 46.796],24,B0036,283,4131,04131.csv,115
4132,[2009. 8. 1. 1. 47. 4.312],24,B0036,285,4133,04133.csv,116
4134,[2009. 8. 1. 5. 39. 0.312],24,B0036,287,4135,04135.csv,117
4136,[2009. 8. 1. 9. 32. 45.984],24,B0036,289,4137,04137.csv,118
4139,[2009. 8. 1. 14. 1. 25.312],24,B0036,292,4140,04140.csv,119
4142,[2009. 8. 1. 18. 30. 44.968],24,B0036,295,4143,04143.csv,120
4144,[2009. 8. 1. 22. 22. 34.843],24,B0036,297,4145,04145.csv,121
4146,[2009. 8. 2. 2. 15. 9.171],24,B0036,299,4147,04147.csv,122
4148,[2009. 8. 2. 6. 8. 41.656],24,B0036,301,4149,04149.csv,123
4151,[2009. 8. 2. 10. 37. 58.593],24,B0036,304,4152,04152.csv,124
4154,[2009. 8. 2. 15. 7. 18.093],24,B0036,307,4155,04155.csv,125
4156,[2009. 8. 2. 19. 0. 39.468],24,B0036,309,4157,04157.csv,126
4158,[2009. 8. 2. 22. 53. 43.218],24,B0036,311,4159,04159.csv,127
4160,[2009. 8. 3. 2. 47. 0.515],24,B0036,313,4161,04161.csv,128
4163,[2009. 8. 3. 7. 16. 4.218],24,B0036,316,4164,04164.csv,129
4166,[2009. 8. 3. 11. 45. 39.265],24,B0036,319,4167,04167.csv,130
4168,[2009. 8. 3. 15. 36. 25.093],24,B0036,321,4169,04169.csv,131
4170,[2009. 8. 3. 19. 30. 6.687],24,B0036,323,4171,04171.csv,132
4172,[2009. 8. 3. 23. 23. 20.781],24,B0036,325,4173,04173.csv,133
4175,[2009. 8. 4. 3. 52. 16.765],24,B0036,328,4176,04176.csv,134
4179,[2009. 8. 5. 12. 16. 5.781],24,B0036,332,4180,04180.csv,135
4182,[2009. 8. 5. 16. 45. 40.718],24,B0036,335,4183,04183.csv,136
4184,[2009. 8. 5. 20. 37. 9.671],24,B0036,337,4185,04185.csv,137
4186,[2009. 8. 6. 0. 30. 42.343],24,B0036,339,4187,04187.csv,138
4188,[2009. 8. 6. 4. 24. 5.078],24,B0036,341,4189,04189.csv,139
4191,[2009. 8. 6. 8. 50. 10.984],24,B0036,344,4192,04192.csv,140
4194,[2009. 8. 6. 13. 17. 4.312],24,B0036,347,4195,04195.csv,141
4196,[2009. 8. 6. 17. 5. 18.687],24,B0036,349,4197,04197.csv,142
4198,[2009. 8. 6. 20. 52. 26.765],24,B0036,351,4199,04199.csv,143
4200,[2009. 8. 7. 0. 40. 51.984],24,B0036,353,4201,04201.csv,144
4203,[2009. 8. 7. 5. 7. 21.093],24,B0036,356,4204,04204.csv,145
4206,[2009. 8. 7. 9. 35. 47.859],24,B0036,359,4207,04207.csv,146
4208,[2009. 8. 7. 13. 23. 52.437],24,B0036,361,4209,04209.csv,147
4210,[2009. 8. 7. 17. 12. 32.781],24,B0036,363,4211,04211.csv,148
4212,[2009. 8. 7. 21. 5. 28.578],24,B0036,365,4213,04213.csv,149
4215,[2009. 8. 8. 1. 33. 53.015],24,B0036,368,4216,04216.csv,150
4218,[2009. 8. 8. 6. 2. 11.484],24,B0036,371,4219,04219.csv,151
4220,[2009. 8. 8. 9. 54. 44.140],24,B0036,373,4221,04221.csv,152
4222,[2009. 8. 8. 13. 47. 5.281],24,B0036,375,4223,04223.csv,153
4224,[2009. 8. 8. 17. 39. 14.687],24,B0036,377,4225,04225.csv,154
4227,[2009. 8. 8. 22. 7. 14.500],24,B0036,380,4228,04228.csv,155
4231,[2009. 8. 17. 14. 36. 33.453],24,B0036,384,4232,04232.csv,156
4234,[2009. 8. 17. 19. 6. 48.687],24,B0036,387,4235,04235.csv,157
4236,[2009. 8. 17. 22. 59. 22.265],24,B0036,389,4237,04237.csv,158
4238,[2009. 8. 18. 2. 53. 20.906],24,B0036,391,4239,04239.csv,159
4240,[2009. 8. 18. 6. 47. 7.906],24,B0036,393,4241,04241.csv,160
4243,[2009. 8. 18. 11. 16. 57.750],24,B0036,396,4244,04244.csv,161
4246,[2009. 8. 18. 15. 46. 59.359],24,B0036,399,4247,04247.csv,162
4248,[2009. 8. 18. 19. 37. 31.843],24,B0036,401,4249,04249.csv,163
4250,[2009. 8. 18. 23. 30. 58.312],24,B0036,403,4251,04251.csv,164
4252,[2009. 8. 19. 3. 24. 8.890],24,B0036,405,4253,04253.csv,165
4255,[2009. 8. 19. 7. 53. 14.718],24,B0036,408,4256,04256.csv,166
4258,[2009. 8. 19. 12. 22. 31.687],24,B0036,411,4259,04259.csv,167
4260,[2009. 8. 19. 16. 15. 46.875],24,B0036,413,4261,04261.csv,168
4262,[2009. 8. 19. 20. 9. 6.890],24,B0036,415,4263,04263.csv,169
4264,[2009. 8. 20. 0. 2. 2.593],24,B0036,417,4265,04265.csv,170
4267,[2009. 8. 20. 4. 30. 50.218],24,B0036,420,4268,04268.csv,171
4270,[2009. 8. 20. 8. 59. 28.296],24,B0036,423,4271,04271.csv,172
4272,[2009. 8. 20. 12. 52. 27.468],24,B0036,425,4273,04273.csv,173
4274,[2009. 8. 20. 16. 43. 8.046],24,B0036,427,4275,04275.csv,174
4276,[2009. 8. 20. 20. 33. 39.812],24,B0036,429,4277,04277.csv,175
4279,[2009. 8. 21. 1. 2. 8.109],24,B0036,432,4280,04280.csv,176
4283,[2009. 8. 21. 19. 26. 46.671],24,B0036,436,4284,04284.csv,177
4286,[2009. 8. 21. 23. 55. 20.484],24,B0036,439,4287,04287.csv,178
4288,[2009. 8. 22. 3. 47. 50.937],24,B0036,441,4289,04289.csv,179
4290,[2009. 8. 22. 7. 40. 9.781],24,B0036,443,4291,04291.csv,180
4292,[2009. 8. 22. 11. 32. 21.015],24,B0036,445,4293,04293.csv,181
4295,[2009. 8. 22. 16. 0. 27.859],24,B0036,448,4296,04296.csv,182
4298,[2009. 8. 22. 20. 28. 32.062],24,B0036,451,4299,04299.csv,183
4300,[2009. 8. 23. 0. 20. 41.046],24,B0036,453,4301,04301.csv,184
4302,[2009. 8. 23. 4. 12. 36.468],24,B0036,455,4303,04303.csv,185
4304,[2009. 8. 23. 8. 4. 19.531],24,B0036,457,4305,04305.csv,186
4307,[2009. 8. 23. 12. 32. 3.093],24,B0036,460,4308,04308.csv,187
4310,[2009. 8. 23. 16. 59. 46.156],24,B0036,463,4311,04311.csv,188
4312,[2009. 8. 23. 20. 51. 14.890],24,B0036,465,4313,04313.csv,189
4314,[2009. 8. 24. 0. 42. 30.015],24,B0036,467,4315,04315.csv,190
4316,[2009. 8. 24. 4. 33. 32.734],24,B0036,469,4317,04317.csv,191
4319,[2009. 8. 24. 9. 0. 42.171],24,B0036,472,4320,04320.csv,192
4322,[2009. 8. 24. 13. 28. 37.031],24,B0036,475,4323,04323.csv,193
4324,[2009. 8. 24. 17. 20. 29.984],24,B0036,477,4325,04325.csv,194
4326,[2009. 8. 24. 21. 11. 46.656],24,B0036,479,4327,04327.csv,195
4328,[2009. 8. 25. 1. 2. 37.531],24,B0036,481,4329,04329.csv,196
4331,[2009. 8. 25. 5. 29. 20.390],24,B0036,484,4332,04332.csv,197
4335,[2010. 4. 14. 17. 37. 11.265],24,B0038,2,4336,04336.csv,1
4338,[2010. 4. 14. 21. 36. 20.609],24,B0038,5,4339,04339.csv,2
4340,[2010. 4. 15. 1. 3. 31.015],24,B0038,7,4341,04341.csv,3
4342,[2010. 4. 15. 4. 30. 29.515],24,B0038,9,4343,04343.csv,4
4344,[2010. 4. 15. 7. 57. 17.515],24,B0038,11,4345,04345.csv,5
4347,[2010. 4. 15. 11. 59. 29.078],24,B0038,14,4348,04348.csv,6
4351,[2010. 4. 16. 13. 11. 35.703],24,B0038,18,4352,04352.csv,7
4354,[2010. 4. 16. 17. 13. 49.265],24,B0038,21,4355,04355.csv,8
4356,[2010. 4. 16. 20. 40. 1.750],24,B0038,23,4357,04357.csv,9
4358,[2010. 4. 17. 0. 5. 52.375],24,B0038,25,4359,04359.csv,10
4360,[2010. 4. 17. 3. 31. 41.546],24,B0038,27,4361,04361.csv,11
4363,[2010. 4. 17. 7. 33. 0.031],24,B0038,30,4364,04364.csv,12
4367,[2010. 4. 21. 16. 15. 8.890],44,B0038,34,4368,04368.csv,13
4370,[2010. 4. 21. 21. 20. 8.062],44,B0038,37,4371,04371.csv,14
4372,[2010. 4. 22. 1. 48. 2.578],44,B0038,39,4373,04373.csv,15
4374,[2010. 4. 22. 6. 21. 26.218],44,B0038,41,4375,04375.csv,16
4376,[2010. 4. 22. 10. 49. 53.203],44,B0038,43,4377,04377.csv,17
4379,[2010. 4. 22. 15. 55. 5.187],44,B0038,46,4380,04380.csv,18
4383,[2010. 4. 23. 19. 17. 17.953],44,B0038,50,4384,04384.csv,19
4386,[2010. 4. 24. 0. 21. 39.015],44,B0038,53,4387,04387.csv,20
4388,[2010. 4. 24. 4. 49. 39.921],44,B0038,55,4389,04389.csv,21
4390,[2010. 4. 24. 9. 18. 11.328],44,B0038,57,4391,04391.csv,22
4392,[2010. 4. 24. 13. 47. 11.187],44,B0038,59,4393,04393.csv,23
4395,[2010. 4. 24. 18. 50. 52.015],44,B0038,62,4396,04396.csv,24
4398,[2010. 4. 24. 23. 56. 1.906],44,B0038,65,4399,04399.csv,25
4400,[2010. 4. 25. 4. 24. 28.203],44,B0038,67,4401,04401.csv,26
4402,[2010. 4. 25. 8. 52. 42.531],44,B0038,69,4403,04403.csv,27
4404,[2010. 4. 25. 13. 21. 18.453],44,B0038,71,4405,04405.csv,28
4407,[2010. 4. 25. 18. 26. 16.593],44,B0038,74,4408,04408.csv,29
4410,[2010. 4. 25. 23. 32. 0.531],44,B0038,77,4411,04411.csv,30
4412,[2010. 4. 26. 4. 9. 40.156],44,B0038,79,4413,04413.csv,31
4414,[2010. 4. 26. 8. 40. 56.187],44,B0038,81,4415,04415.csv,32
4416,[2010. 4. 26. 13. 10. 50.468],44,B0038,83,4417,04417.csv,33
4419,[2010. 4. 26. 18. 16. 51.140],44,B0038,86,4420,04420.csv,34
4422,[2010. 4. 26. 23. 25. 3.734],44,B0038,89,4423,04423.csv,35
4424,[2010. 4. 27. 3. 55. 37.234],44,B0038,91,4425,04425.csv,36
4426,[2010. 4. 27. 8. 25. 55.031],44,B0038,93,4427,04427.csv,37
4428,[2010. 4. 27. 12. 57. 30.421],44,B0038,95,4429,04429.csv,38
4431,[2010. 4. 27. 18. 9. 3.375],44,B0038,98,4432,04432.csv,39
4435,[2010. 4. 28. 14. 52. 55.562],44,B0038,102,4436,04436.csv,40
4438,[2010. 4. 28. 19. 0. 20.687],44,B0038,105,4439,04439.csv,41
4440,[2010. 4. 28. 22. 31. 34.312],44,B0038,107,4441,04441.csv,42
4442,[2010. 4. 29. 2. 2. 38.281],44,B0038,109,4443,04443.csv,43
4444,[2010. 4. 29. 5. 33. 24.531],44,B0038,111,4445,04445.csv,44
4447,[2010. 4. 29. 9. 40. 47.281],44,B0038,114,4448,04448.csv,45
4451,[2010. 5. 4. 14. 24. 3.921],44,B0038,118,4452,04452.csv,46
4454,[2010. 5. 4. 17. 52. 57.984],44,B0038,121,4455,04455.csv,47
4457,[2010. 4. 14. 17. 37. 11.265],24,B0039,2,4458,04458.csv,1
4460,[2010. 4. 14. 21. 36. 20.609],24,B0039,5,4461,04461.csv,2
4462,[2010. 4. 15. 1. 3. 31.015],24,B0039,7,4463,04463.csv,3
4464,[2010. 4. 15. 4. 30. 29.515],24,B0039,9,4465,04465.csv,4
4466,[2010. 4. 15. 7. 57. 17.515],24,B0039,11,4467,04467.csv,5
4469,[2010. 4. 15. 11. 59. 29.078],24,B0039,14,4470,04470.csv,6
4473,[2010. 4. 16. 13. 11. 35.703],24,B0039,18,4474,04474.csv,7
4476,[2010. 4. 16. 17. 13. 49.265],24,B0039,21,4477,04477.csv,8
4478,[2010. 4. 16. 20. 40. 1.750],24,B0039,23,4479,04479.csv,9
4480,[2010. 4. 17. 0. 5. 52.375],24,B0039,25,4481,04481.csv,10
4482,[2010. 4. 17. 3. 31. 41.546],24,B0039,27,4483,04483.csv,11
4485,[2010. 4. 17. 7. 33. 0.031],24,B0039,30,4486,04486.csv,12
4489,[2010. 4. 21. 16. 15. 8.890],44,B0039,34,4490,04490.csv,13
4492,[2010. 4. 21. 21. 20. 8.062],44,B0039,37,4493,04493.csv,14
4494,[2010. 4. 22. 1. 48. 2.578],44,B0039,39,4495,04495.csv,15
4496,[2010. 4. 22. 6. 21. 26.218],44,B0039,41,4497,04497.csv,16
4498,[2010. 4. 22. 10. 49. 53.203],44,B0039,43,4499,04499.csv,17
4501,[2010. 4. 22. 15. 55. 5.187],44,B0039,46,4502,04502.csv,18
4505,[2010. 4. 23. 19. 17. 17.953],44,B0039,50,4506,04506.csv,19
4508,[2010. 4. 24. 0. 21. 39.015],44,B0039,53,4509,04509.csv,20
4510,[2010. 4. 24. 4. 49. 39.921],44,B0039,55,4511,04511.csv,21
4512,[2010. 4. 24. 9. 18. 11.328],44,B0039,57,4513,04513.csv,22
4514,[2010. 4. 24. 13. 47. 11.187],44,B0039,59,4515,04515.csv,23
4517,[2010. 4. 24. 18. 50. 52.015],44,B0039,62,4518,04518.csv,24
4520,[2010. 4. 24. 23. 56. 1.906],44,B0039,65,4521,04521.csv,25
4522,[2010. 4. 25. 4. 24. 28.203],44,B0039,67,4523,04523.csv,26
4524,[2010. 4. 25. 8. 52. 42.531],44,B0039,69,4525,04525.csv,27
4526,[2010. 4. 25. 13. 21. 18.453],44,B0039,71,4527,04527.csv,28
4529,[2010. 4. 25. 18. 26. 16.593],44,B0039,74,4530,04530.csv,29
4532,[2010. 4. 25. 23. 32. 0.531],44,B0039,77,4533,04533.csv,30
4534,[2010. 4. 26. 4. 9. 40.156],44,B0039,79,4535,04535.csv,31
4536,[2010. 4. 26. 8. 40. 56.187],44,B0039,81,4537,04537.csv,32
4538,[2010. 4. 26. 13. 10. 50.468],44,B0039,83,4539,04539.csv,33
4541,[2010. 4. 26. 18. 16. 51.140],44,B0039,86,4542,04542.csv,34
4544,[2010. 4. 26. 23. 25. 3.734],44,B0039,89,4545,04545.csv,35
4546,[2010. 4. 27. 3. 55. 37.234],44,B0039,91,4547,04547.csv,36
4548,[2010. 4. 27. 8. 25. 55.031],44,B0039,93,4549,04549.csv,37
4550,[2010. 4. 27. 12. 57. 30.421],44,B0039,95,4551,04551.csv,38
4553,[2010. 4. 27. 18. 9. 3.375],44,B0039,98,4554,04554.csv,39
4557,[2010. 4. 28. 14. 52. 55.562],44,B0039,102,4558,04558.csv,40
4560,[2010. 4. 28. 19. 0. 20.687],44,B0039,105,4561,04561.csv,41
4562,[2010. 4. 28. 22. 31. 34.312],44,B0039,107,4563,04563.csv,42
4564,[2010. 4. 29. 2. 2. 38.281],44,B0039,109,4565,04565.csv,43
4566,[2010. 4. 29. 5. 33. 24.531],44,B0039,111,4567,04567.csv,44
4569,[2010. 4. 29. 9. 40. 47.281],44,B0039,114,4570,04570.csv,45
4573,[2010. 5. 4. 14. 24. 3.921],44,B0039,118,4574,04574.csv,46
4576,[2010. 5. 4. 17. 52. 57.984],44,B0039,121,4577,04577.csv,47
4579,[2010. 4. 14. 17. 37. 11.265],24,B0040,2,4580,04580.csv,1
4582,[2010. 4. 14. 21. 36. 20.609],24,B0040,5,4583,04583.csv,2
4584,[2010. 4. 15. 1. 3. 31.015],24,B0040,7,4585,04585.csv,3
4586,[2010. 4. 15. 4. 30. 29.515],24,B0040,9,4587,04587.csv,4
4588,[2010. 4. 15. 7. 57. 17.515],24,B0040,11,4589,04589.csv,5
4591,[2010. 4. 15. 11. 59. 29.078],24,B0040,14,4592,04592.csv,6
4595,[2010. 4. 16. 13. 11. 35.703],24,B0040,18,4596,04596.csv,7
4598,[2010. 4. 16. 17. 13. 49.265],24,B0040,21,4599,04599.csv,8
4600,[2010. 4. 16. 20. 40. 1.750],24,B0040,23,4601,04601.csv,9
4602,[2010. 4. 17. 0. 5. 52.375],24,B0040,25,4603,04603.csv,10
4604,[2010. 4. 17. 3. 31. 41.546],24,B0040,27,4605,04605.csv,11
4607,[2010. 4. 17. 7. 33. 0.031],24,B0040,30,4608,04608.csv,12
4611,[2010. 4. 21. 16. 15. 8.890],44,B0040,34,4612,04612.csv,13
4614,[2010. 4. 21. 21. 20. 8.062],44,B0040,37,4615,04615.csv,14
4616,[2010. 4. 22. 1. 48. 2.578],44,B0040,39,4617,04617.csv,15
4618,[2010. 4. 22. 6. 21. 26.218],44,B0040,41,4619,04619.csv,16
4620,[2010. 4. 22. 10. 49. 53.203],44,B0040,43,4621,04621.csv,17
4623,[2010. 4. 22. 15. 55. 5.187],44,B0040,46,4624,04624.csv,18
4627,[2010. 4. 23. 19. 17. 17.953],44,B0040,50,4628,04628.csv,19
4630,[2010. 4. 24. 0. 21. 39.015],44,B0040,53,4631,04631.csv,20
4632,[2010. 4. 24. 4. 49. 39.921],44,B0040,55,4633,04633.csv,21
4634,[2010. 4. 24. 9. 18. 11.328],44,B0040,57,4635,04635.csv,22
4636,[2010. 4. 24. 13. 47. 11.187],44,B0040,59,4637,04637.csv,23
4639,[2010. 4. 24. 18. 50. 52.015],44,B0040,62,4640,04640.csv,24
4642,[2010. 4. 24. 23. 56. 1.906],44,B0040,65,4643,04643.csv,25
4644,[2010. 4. 25. 4. 24. 28.203],44,B0040,67,4645,04645.csv,26
4646,[2010. 4. 25. 8. 52. 42.531],44,B0040,69,4647,04647.csv,27
4648,[2010. 4. 25. 13. 21. 18.453],44,B0040,71,4649,04649.csv,28
4651,[2010. 4. 25. 18. 26. 16.593],44,B0040,74,4652,04652.csv,29
4654,[2010. 4. 25. 23. 32. 0.531],44,B0040,77,4655,04655.csv,30
4656,[2010. 4. 26. 4. 9. 40.156],44,B0040,79,4657,04657.csv,31
4658,[2010. 4. 26. 8. 40. 56.187],44,B0040,81,4659,04659.csv,32
4660,[2010. 4. 26. 13. 10. 50.468],44,B0040,83,4661,04661.csv,33
4663,[2010. 4. 26. 18. 16. 51.140],44,B0040,86,4664,04664.csv,34
4666,[2010. 4. 26. 23. 25. 3.734],44,B0040,89,4667,04667.csv,35
4668,[2010. 4. 27. 3. 55. 37.234],44,B0040,91,4669,04669.csv,36
4670,[2010. 4. 27. 8. 25. 55.031],44,B0040,93,4671,04671.csv,37
4672,[2010. 4. 27. 12. 57. 30.421],44,B0040,95,4673,04673.csv,38
4675,[2010. 4. 27. 18. 9. 3.375],44,B0040,98,4676,04676.csv,39
4679,[2010. 4. 28. 14. 52. 55.562],44,B0040,102,4680,04680.csv,40
4682,[2010. 4. 28. 19. 0. 20.687],44,B0040,105,4683,04683.csv,41
4684,[2010. 4. 28. 22. 31. 34.312],44,B0040,107,4685,04685.csv,42
4686,[2010. 4. 29. 2. 2. 38.281],44,B0040,109,4687,04687.csv,43
4688,[2010. 4. 29. 5. 33. 24.531],44,B0040,111,4689,04689.csv,44
4691,[2010. 4. 29. 9. 40. 47.281],44,B0040,114,4692,04692.csv,45
4695,[2010. 5. 4. 14. 24. 3.921],44,B0040,118,4696,04696.csv,46
4698,[2010. 5. 4. 17. 52. 57.984],44,B0040,121,4699,04699.csv,47
4700,[2010. 6. 16. 11. 9. 50.781],4,B0041,1,4701,04701.csv,1
4703,[2010. 6. 16. 15. 6. 5.515],4,B0041,4,4704,04704.csv,2
4705,[2010. 6. 16. 18. 26. 18.140],4,B0041,6,4706,04706.csv,3
4707,[2010. 6. 16. 21. 46. 19.531],4,B0041,8,4708,04708.csv,4
4709,[2010. 6. 17. 1. 0. 30.500],4,B0041,10,4710,04710.csv,5
4712,[2010. 6. 17. 4. 33. 29.468],4,B0041,13,4713,04713.csv,6
4715,[2010. 6. 17. 8. 29. 16.421],4,B0041,16,4716,04716.csv,7
4717,[2010. 6. 17. 11. 49. 12.546],4,B0041,18,4718,04718.csv,8
4719,[2010. 6. 17. 15. 8. 49.234],4,B0041,20,4720,04720.csv,9
4721,[2010. 6. 17. 18. 28. 39.562],4,B0041,22,4722,04722.csv,10
4724,[2010. 6. 17. 22. 24. 6.937],4,B0041,25,4725,04725.csv,11
4727,[2010. 6. 18. 2. 19. 41.687],4,B0041,28,4728,04728.csv,12
4729,[2010. 6. 18. 5. 39. 17.937],4,B0041,30,4730,04730.csv,13
4731,[2010. 6. 18. 8. 58. 45.468],4,B0041,32,4732,04732.csv,14
4733,[2010. 6. 18. 12. 18. 17.218],4,B0041,34,4734,04734.csv,15
4736,[2010. 6. 18. 16. 13. 28.609],4,B0041,37,4737,04737.csv,16
4739,[2010. 6. 18. 20. 8. 41.406],4,B0041,40,4740,04740.csv,17
4741,[2010. 6. 18. 23. 27. 58.265],4,B0041,42,4742,04742.csv,18
4743,[2010. 6. 19. 2. 40. 54.296],4,B0041,44,4744,04744.csv,19
4745,[2010. 6. 19. 5. 53. 27.375],4,B0041,46,4746,04746.csv,20
4748,[2010. 6. 19. 9. 36. 31.031],4,B0041,49,4749,04749.csv,21
4752,[2010. 6. 21. 16. 14. 26.265],4,B0041,53,4753,04753.csv,22
4755,[2010. 6. 21. 20. 10. 25.609],4,B0041,56,4756,04756.csv,23
4757,[2010. 6. 21. 23. 30. 14.390],4,B0041,58,4758,04758.csv,24
4759,[2010. 6. 22. 2. 43. 24.468],4,B0041,60,4760,04760.csv,25
4761,[2010. 6. 22. 6. 3. 34.828],4,B0041,62,4762,04762.csv,26
4764,[2010. 6. 22. 9. 58. 57.593],4,B0041,65,4765,04765.csv,27
4767,[2010. 6. 22. 13. 54. 23.468],4,B0041,68,4768,04768.csv,28
4769,[2010. 6. 22. 17. 13. 51.000],4,B0041,70,4770,04770.csv,29
4771,[2010. 6. 22. 20. 33. 19.343],4,B0041,72,4772,04772.csv,30
4773,[2010. 6. 22. 23. 52. 40.015],4,B0041,74,4774,04774.csv,31
4776,[2010. 6. 23. 3. 47. 41.593],4,B0041,77,4777,04777.csv,32
4779,[2010. 6. 23. 7. 42. 56.171],4,B0041,80,4780,04780.csv,33
4781,[2010. 6. 23. 11. 1. 59.171],4,B0041,82,4782,04782.csv,34
4783,[2010. 6. 23. 14. 18. 20.062],4,B0041,84,4784,04784.csv,35
4785,[2010. 6. 23. 17. 31. 13.656],4,B0041,86,4786,04786.csv,36
4788,[2010. 6. 23. 21. 11. 42.187],4,B0041,89,4789,04789.csv,37
4791,[2010. 6. 23. 23. 13. 26.015],4,B0041,92,4792,04792.csv,38
4793,[2010. 6. 24. 0. 26. 1.515],4,B0041,94,4794,04794.csv,39
4795,[2010. 6. 24. 1. 21. 25.375],4,B0041,96,4796,04796.csv,40
4797,[2010. 6. 24. 2. 20. 51.375],4,B0041,98,4798,04798.csv,41
4800,[2010. 6. 24. 3. 51. 11.234],4,B0041,101,4801,04801.csv,42
4804,[2010. 6. 25. 20. 55. 56.234],4,B0041,105,4805,04805.csv,43
4807,[2010. 6. 26. 2. 9. 46.062],4,B0041,108,4808,04808.csv,44
4809,[2010. 6. 26. 6. 47. 6.703],4,B0041,110,4810,04810.csv,45
4811,[2010. 6. 26. 11. 23. 55.578],4,B0041,112,4812,04812.csv,46
4813,[2010. 6. 26. 15. 59. 50.812],4,B0041,114,4814,04814.csv,47
4816,[2010. 6. 26. 21. 11. 21.390],4,B0041,117,4817,04817.csv,48
4819,[2010. 6. 27. 2. 22. 13.843],4,B0041,120,4820,04820.csv,49
4821,[2010. 6. 27. 6. 57. 0.515],4,B0041,122,4822,04822.csv,50
4823,[2010. 6. 27. 11. 31. 20.968],4,B0041,124,4824,04824.csv,51
4825,[2010. 6. 27. 16. 5. 16.625],4,B0041,126,4826,04826.csv,52
4828,[2010. 6. 27. 21. 14. 40.640],4,B0041,129,4829,04829.csv,53
4831,[2010. 6. 28. 2. 23. 34.531],4,B0041,132,4832,04832.csv,54
4833,[2010. 6. 28. 6. 56. 15.671],4,B0041,134,4834,04834.csv,55
4835,[2010. 6. 28. 11. 28. 20.734],4,B0041,136,4836,04836.csv,56
4837,[2010. 6. 28. 15. 59. 45.656],4,B0041,138,4838,04838.csv,57
4840,[2010. 6. 28. 21. 6. 40.062],4,B0041,141,4841,04841.csv,58
4843,[2010. 6. 29. 2. 13. 23.796],4,B0041,144,4844,04844.csv,59
4845,[2010. 6. 29. 6. 43. 33.500],4,B0041,146,4846,04846.csv,60
4847,[2010. 6. 29. 11. 13. 20.578],4,B0041,148,4848,04848.csv,61
4849,[2010. 6. 29. 15. 42. 37.750],4,B0041,150,4850,04850.csv,62
4852,[2010. 6. 29. 20. 47. 12.671],4,B0041,153,4853,04853.csv,63
4855,[2010. 6. 30. 1. 51. 52.468],4,B0041,156,4856,04856.csv,64
4857,[2010. 6. 30. 6. 20. 3.859],4,B0041,158,4858,04858.csv,65
4859,[2010. 6. 30. 10. 47. 43.109],4,B0041,160,4860,04860.csv,66
4861,[2010. 6. 30. 15. 14. 54.750],4,B0041,162,4862,04862.csv,67
4862,[2010. 6. 3. 18. 29. 28.093],22,B0042,0,4863,04863.csv,1
4865,[2010. 6. 3. 21. 28. 23.343],22,B0042,3,4866,04866.csv,2
4867,[2010. 6. 4. 1. 25. 39.953],22,B0042,5,4868,04868.csv,3
4869,[2010. 6. 4. 5. 22. 11.609],22,B0042,7,4870,04870.csv,4
4871,[2010. 6. 4. 9. 18. 10.125],22,B0042,9,4872,04872.csv,5
4874,[2010. 6. 4. 13. 49. 16.656],22,B0042,12,4875,04875.csv,6
4877,[2010. 6. 4. 18. 11. 41.437],22,B0042,15,4878,04878.csv,7
4879,[2010. 6. 4. 22. 1. 23.046],22,B0042,17,4880,04880.csv,8
4881,[2010. 6. 5. 1. 55. 37.531],22,B0042,19,4882,04882.csv,9
4883,[2010. 6. 5. 5. 49. 38.281],22,B0042,21,4884,04884.csv,10
4886,[2010. 6. 5. 10. 19. 11.203],22,B0042,24,4887,04887.csv,11
4889,[2010. 6. 5. 14. 48. 40.640],22,B0042,27,4890,04890.csv,12
4891,[2010. 6. 5. 18. 42. 16.578],22,B0042,29,4892,04892.csv,13
4893,[2010. 6. 5. 22. 35. 48.546],22,B0042,31,4894,04894.csv,14
4895,[2010. 6. 6. 2. 29. 1.406],22,B0042,33,4896,04896.csv,15
4898,[2010. 6. 6. 6. 57. 56.937],22,B0042,36,4899,04899.csv,16
4901,[2010. 6. 6. 11. 27. 0.812],22,B0042,39,4902,04902.csv,17
4903,[2010. 6. 6. 15. 20. 3.984],22,B0042,41,4904,04904.csv,18
4905,[2010. 6. 6. 19. 12. 55.125],22,B0042,43,4906,04906.csv,19
4907,[2010. 6. 6. 23. 5. 46.734],22,B0042,45,4908,04908.csv,20
4910,[2010. 6. 7. 3. 34. 7.015],22,B0042,48,4911,04911.csv,21
4914,[2010. 6. 7. 15. 25. 45.109],22,B0042,52,4915,04915.csv,22
4917,[2010. 6. 7. 19. 54. 42.406],22,B0042,55,4918,04918.csv,23
4919,[2010. 6. 7. 23. 47. 48.609],22,B0042,57,4920,04920.csv,24
4921,[2010. 6. 8. 3. 40. 37.515],22,B0042,59,4922,04922.csv,25
4923,[2010. 6. 8. 7. 33. 6.734],22,B0042,61,4924,04924.csv,26
4926,[2010. 6. 8. 12. 1. 9.765],22,B0042,64,4927,04927.csv,27
4929,[2010. 6. 8. 16. 29. 29.609],22,B0042,67,4930,04930.csv,28
4931,[2010. 6. 8. 20. 21. 58.343],22,B0042,69,4932,04932.csv,29
4933,[2010. 6. 9. 0. 14. 12.203],22,B0042,71,4934,04934.csv,30
4935,[2010. 6. 9. 4. 6. 7.312],22,B0042,73,4936,04936.csv,31
4938,[2010. 6. 9. 8. 33. 48.203],22,B0042,76,4939,04939.csv,32
4941,[2010. 6. 9. 13. 1. 30.656],22,B0042,79,4942,04942.csv,33
4943,[2010. 6. 9. 16. 53. 21.828],22,B0042,81,4944,04944.csv,34
4945,[2010. 6. 9. 20. 45. 0.468],22,B0042,83,4946,04946.csv,35
4947,[2010. 6. 10. 0. 36. 17.703],22,B0042,85,4948,04948.csv,36
4950,[2010. 6. 10. 5. 3. 7.312],22,B0042,88,4951,04951.csv,37
4953,[2010. 6. 10. 9. 30. 14.218],22,B0042,91,4954,04954.csv,38
4955,[2010. 6. 10. 13. 21. 20.703],22,B0042,93,4956,04956.csv,39
4957,[2010. 6. 10. 17. 12. 28.187],22,B0042,95,4958,04958.csv,40
4959,[2010. 6. 10. 21. 3. 21.109],22,B0042,97,4960,04960.csv,41
4962,[2010. 6. 11. 1. 29. 36.015],22,B0042,100,4963,04963.csv,42
4966,[2010. 6. 11. 13. 12. 12.390],4,B0042,104,4967,04967.csv,43
4969,[2010. 6. 11. 17. 7. 40.968],4,B0042,107,4970,04970.csv,44
4971,[2010. 6. 11. 20. 26. 56.390],4,B0042,109,4972,04972.csv,45
4973,[2010. 6. 11. 23. 46. 5.703],4,B0042,111,4974,04974.csv,46
4975,[2010. 6. 16. 11. 9. 50.781],4,B0042,113,4976,04976.csv,47
4978,[2010. 6. 16. 15. 6. 5.515],4,B0042,116,4979,04979.csv,48
4980,[2010. 6. 16. 18. 26. 18.140],4,B0042,118,4981,04981.csv,49
4982,[2010. 6. 16. 21. 46. 19.531],4,B0042,120,4983,04983.csv,50
4984,[2010. 6. 17. 1. 0. 30.500],4,B0042,122,4985,04985.csv,51
4987,[2010. 6. 17. 4. 33. 29.468],4,B0042,125,4988,04988.csv,52
4990,[2010. 6. 17. 8. 29. 16.421],4,B0042,128,4991,04991.csv,53
4992,[2010. 6. 17. 11. 49. 12.546],4,B0042,130,4993,04993.csv,54
4994,[2010. 6. 17. 15. 8. 49.234],4,B0042,132,4995,04995.csv,55
4996,[2010. 6. 17. 18. 28. 39.562],4,B0042,134,4997,04997.csv,56
4999,[2010. 6. 17. 22. 24. 6.937],4,B0042,137,5000,05000.csv,57
5002,[2010. 6. 18. 2. 19. 41.687],4,B0042,140,5003,05003.csv,58
5004,[2010. 6. 18. 5. 39. 17.937],4,B0042,142,5005,05005.csv,59
5006,[2010. 6. 18. 8. 58. 45.468],4,B0042,144,5007,05007.csv,60
5008,[2010. 6. 18. 12. 18. 17.218],4,B0042,146,5009,05009.csv,61
5011,[2010. 6. 18. 16. 13. 28.609],4,B0042,149,5012,05012.csv,62
5014,[2010. 6. 18. 20. 8. 41.406],4,B0042,152,5015,05015.csv,63
5016,[2010. 6. 18. 23. 27. 58.265],4,B0042,154,5017,05017.csv,64
5018,[2010. 6. 19. 2. 40. 54.296],4,B0042,156,5019,05019.csv,65
5020,[2010. 6. 19. 5. 53. 27.375],4,B0042,158,5021,05021.csv,66
5023,[2010. 6. 19. 9. 36. 31.031],4,B0042,161,5024,05024.csv,67
5027,[2010. 6. 21. 16. 14. 26.265],4,B0042,165,5028,05028.csv,68
5030,[2010. 6. 21. 20. 10. 25.609],4,B0042,168,5031,05031.csv,69
5032,[2010. 6. 21. 23. 30. 14.390],4,B0042,170,5033,05033.csv,70
5034,[2010. 6. 22. 2. 43. 24.468],4,B0042,172,5035,05035.csv,71
5036,[2010. 6. 22. 6. 3. 34.828],4,B0042,174,5037,05037.csv,72
5039,[2010. 6. 22. 9. 58. 57.593],4,B0042,177,5040,05040.csv,73
5042,[2010. 6. 22. 13. 54. 23.468],4,B0042,180,5043,05043.csv,74
5044,[2010. 6. 22. 17. 13. 51.000],4,B0042,182,5045,05045.csv,75
5046,[2010. 6. 22. 20. 33. 19.343],4,B0042,184,5047,05047.csv,76
5048,[2010. 6. 22. 23. 52. 40.015],4,B0042,186,5049,05049.csv,77
5051,[2010. 6. 23. 3. 47. 41.593],4,B0042,189,5052,05052.csv,78
5054,[2010. 6. 23. 7. 42. 56.171],4,B0042,192,5055,05055.csv,79
5056,[2010. 6. 23. 11. 1. 59.171],4,B0042,194,5057,05057.csv,80
5058,[2010. 6. 23. 14. 18. 20.062],4,B0042,196,5059,05059.csv,81
5060,[2010. 6. 23. 17. 31. 13.656],4,B0042,198,5061,05061.csv,82
5063,[2010. 6. 23. 21. 11. 42.187],4,B0042,201,5064,05064.csv,83
5066,[2010. 6. 23. 23. 13. 26.015],4,B0042,204,5067,05067.csv,84
5068,[2010. 6. 24. 0. 26. 1.515],4,B0042,206,5069,05069.csv,85
5070,[2010. 6. 24. 1. 21. 25.375],4,B0042,208,5071,05071.csv,86
5072,[2010. 6. 24. 2. 20. 51.375],4,B0042,210,5073,05073.csv,87
5075,[2010. 6. 24. 3. 51. 11.234],4,B0042,213,5076,05076.csv,88
5079,[2010. 6. 25. 20. 55. 56.234],4,B0042,217,5080,05080.csv,89
5082,[2010. 6. 26. 2. 9. 46.062],4,B0042,220,5083,05083.csv,90
5084,[2010. 6. 26. 6. 47. 6.703],4,B0042,222,5085,05085.csv,91
5086,[2010. 6. 26. 11. 23. 55.578],4,B0042,224,5087,05087.csv,92
5088,[2010. 6. 26. 15. 59. 50.812],4,B0042,226,5089,05089.csv,93
5091,[2010. 6. 26. 21. 11. 21.390],4,B0042,229,5092,05092.csv,94
5094,[2010. 6. 27. 2. 22. 13.843],4,B0042,232,5095,05095.csv,95
5096,[2010. 6. 27. 6. 57. 0.515],4,B0042,234,5097,05097.csv,96
5098,[2010. 6. 27. 11. 31. 20.968],4,B0042,236,5099,05099.csv,97
5100,[2010. 6. 27. 16. 5. 16.625],4,B0042,238,5101,05101.csv,98
5103,[2010. 6. 27. 21. 14. 40.640],4,B0042,241,5104,05104.csv,99
5106,[2010. 6. 28. 2. 23. 34.531],4,B0042,244,5107,05107.csv,100
5108,[2010. 6. 28. 6. 56. 15.671],4,B0042,246,5109,05109.csv,101
5110,[2010. 6. 28. 11. 28. 20.734],4,B0042,248,5111,05111.csv,102
5112,[2010. 6. 28. 15. 59. 45.656],4,B0042,250,5113,05113.csv,103
5115,[2010. 6. 28. 21. 6. 40.062],4,B0042,253,5116,05116.csv,104
5118,[2010. 6. 29. 2. 13. 23.796],4,B0042,256,5119,05119.csv,105
5120,[2010. 6. 29. 6. 43. 33.500],4,B0042,258,5121,05121.csv,106
5122,[2010. 6. 29. 11. 13. 20.578],4,B0042,260,5123,05123.csv,107
5124,[2010. 6. 29. 15. 42. 37.750],4,B0042,262,5125,05125.csv,108
5127,[2010. 6. 29. 20. 47. 12.671],4,B0042,265,5128,05128.csv,109
5130,[2010. 6. 30. 1. 51. 52.468],4,B0042,268,5131,05131.csv,110
5132,[2010. 6. 30. 6. 20. 3.859],4,B0042,270,5133,05133.csv,111
5134,[2010. 6. 30. 10. 47. 43.109],4,B0042,272,5135,05135.csv,112
5136,[2010. 6. 30. 15. 14. 54.750],4,B0042,274,5137,05137.csv,113
5137,[2010. 6. 3. 18. 29. 28.093],22,B0043,0,5138,05138.csv,1
5140,[2010. 6. 3. 21. 28. 23.343],22,B0043,3,5141,05141.csv,2
5142,[2010. 6. 4. 1. 25. 39.953],22,B0043,5,5143,05143.csv,3
5144,[2010. 6. 4. 5. 22. 11.609],22,B0043,7,5145,05145.csv,4
5146,[2010. 6. 4. 9. 18. 10.125],22,B0043,9,5147,05147.csv,5
5149,[2010. 6. 4. 13. 49. 16.656],22,B0043,12,5150,05150.csv,6
5152,[2010. 6. 4. 18. 11. 41.437],22,B0043,15,5153,05153.csv,7
5154,[2010. 6. 4. 22. 1. 23.046],22,B0043,17,5155,05155.csv,8
5156,[2010. 6. 5. 1. 55. 37.531],22,B0043,19,5157,05157.csv,9
5158,[2010. 6. 5. 5. 49. 38.281],22,B0043,21,5159,05159.csv,10
5161,[2010. 6. 5. 10. 19. 11.203],22,B0043,24,5162,05162.csv,11
5164,[2010. 6. 5. 14. 48. 40.640],22,B0043,27,5165,05165.csv,12
5166,[2010. 6. 5. 18. 42. 16.578],22,B0043,29,5167,05167.csv,13
5168,[2010. 6. 5. 22. 35. 48.546],22,B0043,31,5169,05169.csv,14
5170,[2010. 6. 6. 2. 29. 1.406],22,B0043,33,5171,05171.csv,15
5173,[2010. 6. 6. 6. 57. 56.937],22,B0043,36,5174,05174.csv,16
5176,[2010. 6. 6. 11. 27. 0.812],22,B0043,39,5177,05177.csv,17
5178,[2010. 6. 6. 15. 20. 3.984],22,B0043,41,5179,05179.csv,18
5180,[2010. 6. 6. 19. 12. 55.125],22,B0043,43,5181,05181.csv,19
5182,[2010. 6. 6. 23. 5. 46.734],22,B0043,45,5183,05183.csv,20
5185,[2010. 6. 7. 3. 34. 7.015],22,B0043,48,5186,05186.csv,21
5189,[2010. 6. 7. 15. 25. 45.109],22,B0043,52,5190,05190.csv,22
5192,[2010. 6. 7. 19. 54. 42.406],22,B0043,55,5193,05193.csv,23
5194,[2010. 6. 7. 23. 47. 48.609],22,B0043,57,5195,05195.csv,24
5196,[2010. 6. 8. 3. 40. 37.515],22,B0043,59,5197,05197.csv,25
5198,[2010. 6. 8. 7. 33. 6.734],22,B0043,61,5199,05199.csv,26
5201,[2010. 6. 8. 12. 1. 9.765],22,B0043,64,5202,05202.csv,27
5204,[2010. 6. 8. 16. 29. 29.609],22,B0043,67,5205,05205.csv,28
5206,[2010. 6. 8. 20. 21. 58.343],22,B0043,69,5207,05207.csv,29
5208,[2010. 6. 9. 0. 14. 12.203],22,B0043,71,5209,05209.csv,30
5210,[2010. 6. 9. 4. 6. 7.312],22,B0043,73,5211,05211.csv,31
5213,[2010. 6. 9. 8. 33. 48.203],22,B0043,76,5214,05214.csv,32
5216,[2010. 6. 9. 13. 1. 30.656],22,B0043,79,5217,05217.csv,33
5218,[2010. 6. 9. 16. 53. 21.828],22,B0043,81,5219,05219.csv,34
5220,[2010. 6. 9. 20. 45. 0.468],22,B0043,83,5221,05221.csv,35
5222,[2010. 6. 10. 0. 36. 17.703],22,B0043,85,5223,05223.csv,36
5225,[2010. 6. 10. 5. 3. 7.312],22,B0043,88,5226,05226.csv,37
5228,[2010. 6. 10. 9. 30. 14.218],22,B0043,91,5229,05229.csv,38
5230,[2010. 6. 10. 13. 21. 20.703],22,B0043,93,5231,05231.csv,39
5232,[2010. 6. 10. 17. 12. 28.187],22,B0043,95,5233,05233.csv,40
5234,[2010. 6. 10. 21. 3. 21.109],22,B0043,97,5235,05235.csv,41
5237,[2010. 6. 11. 1. 29. 36.015],22,B0043,100,5238,05238.csv,42
5241,[2010. 6. 11. 13. 12. 12.390],4,B0043,104,5242,05242.csv,43
5244,[2010. 6. 11. 17. 7. 40.968],4,B0043,107,5245,05245.csv,44
5246,[2010. 6. 11. 20. 26. 56.390],4,B0043,109,5247,05247.csv,45
5248,[2010. 6. 11. 23. 46. 5.703],4,B0043,111,5249,05249.csv,46
5250,[2010. 6. 16. 11. 9. 50.781],4,B0043,113,5251,05251.csv,47
5253,[2010. 6. 16. 15. 6. 5.515],4,B0043,116,5254,05254.csv,48
5255,[2010. 6. 16. 18. 26. 18.140],4,B0043,118,5256,05256.csv,49
5257,[2010. 6. 16. 21. 46. 19.531],4,B0043,120,5258,05258.csv,50
5259,[2010. 6. 17. 1. 0. 30.500],4,B0043,122,5260,05260.csv,51
5262,[2010. 6. 17. 4. 33. 29.468],4,B0043,125,5263,05263.csv,52
5265,[2010. 6. 17. 8. 29. 16.421],4,B0043,128,5266,05266.csv,53
5267,[2010. 6. 17. 11. 49. 12.546],4,B0043,130,5268,05268.csv,54
5269,[2010. 6. 17. 15. 8. 49.234],4,B0043,132,5270,05270.csv,55
5271,[2010. 6. 17. 18. 28. 39.562],4,B0043,134,5272,05272.csv,56
5274,[2010. 6. 17. 22. 24. 6.937],4,B0043,137,5275,05275.csv,57
5277,[2010. 6. 18. 2. 19. 41.687],4,B0043,140,5278,05278.csv,58
5279,[2010. 6. 18. 5. 39. 17.937],4,B0043,142,5280,05280.csv,59
5281,[2010. 6. 18. 8. 58. 45.468],4,B0043,144,5282,05282.csv,60
5283,[2010. 6. 18. 12. 18. 17.218],4,B0043,146,5284,05284.csv,61
5286,[2010. 6. 18. 16. 13. 28.609],4,B0043,149,5287,05287.csv,62
5289,[2010. 6. 18. 20. 8. 41.406],4,B0043,152,5290,05290.csv,63
5291,[2010. 6. 18. 23. 27. 58.265],4,B0043,154,5292,05292.csv,64
5293,[2010. 6. 19. 2. 40. 54.296],4,B0043,156,5294,05294.csv,65
5295,[2010. 6. 19. 5. 53. 27.375],4,B0043,158,5296,05296.csv,66
5298,[2010. 6. 19. 9. 36. 31.031],4,B0043,161,5299,05299.csv,67
5302,[2010. 6. 21. 16. 14. 26.265],4,B0043,165,5303,05303.csv,68
5305,[2010. 6. 21. 20. 10. 25.609],4,B0043,168,5306,05306.csv,69
5307,[2010. 6. 21. 23. 30. 14.390],4,B0043,170,5308,05308.csv,70
5309,[2010. 6. 22. 2. 43. 24.468],4,B0043,172,5310,05310.csv,71
5311,[2010. 6. 22. 6. 3. 34.828],4,B0043,174,5312,05312.csv,72
5314,[2010. 6. 22. 9. 58. 57.593],4,B0043,177,5315,05315.csv,73
5317,[2010. 6. 22. 13. 54. 23.468],4,B0043,180,5318,05318.csv,74
5319,[2010. 6. 22. 17. 13. 51.000],4,B0043,182,5320,05320.csv,75
5321,[2010. 6. 22. 20. 33. 19.343],4,B0043,184,5322,05322.csv,76
5323,[2010. 6. 22. 23. 52. 40.015],4,B0043,186,5324,05324.csv,77
5326,[2010. 6. 23. 3. 47. 41.593],4,B0043,189,5327,05327.csv,78
5329,[2010. 6. 23. 7. 42. 56.171],4,B0043,192,5330,05330.csv,79
5331,[2010. 6. 23. 11. 1. 59.171],4,B0043,194,5332,05332.csv,80
5333,[2010. 6. 23. 14. 18. 20.062],4,B0043,196,5334,05334.csv,81
5335,[2010. 6. 23. 17. 31. 13.656],4,B0043,198,5336,05336.csv,82
5338,[2010. 6. 23. 21. 11. 42.187],4,B0043,201,5339,05339.csv,83
5341,[2010. 6. 23. 23. 13. 26.015],4,B0043,204,5342,05342.csv,84
5343,[2010. 6. 24. 0. 26. 1.515],4,B0043,206,5344,05344.csv,85
5345,[2010. 6. 24. 1. 21. 25.375],4,B0043,208,5346,05346.csv,86
5347,[2010. 6. 24. 2. 20. 51.375],4,B0043,210,5348,05348.csv,87
5350,[2010. 6. 24. 3. 51. 11.234],4,B0043,213,5351,05351.csv,88
5354,[2010. 6. 25. 20. 55. 56.234],4,B0043,217,5355,05355.csv,89
5357,[2010. 6. 26. 2. 9. 46.062],4,B0043,220,5358,05358.csv,90
5359,[2010. 6. 26. 6. 47. 6.703],4,B0043,222,5360,05360.csv,91
5361,[2010. 6. 26. 11. 23. 55.578],4,B0043,224,5362,05362.csv,92
5363,[2010. 6. 26. 15. 59. 50.812],4,B0043,226,5364,05364.csv,93
5366,[2010. 6. 26. 21. 11. 21.390],4,B0043,229,5367,05367.csv,94
5369,[2010. 6. 27. 2. 22. 13.843],4,B0043,232,5370,05370.csv,95
5371,[2010. 6. 27. 6. 57. 0.515],4,B0043,234,5372,05372.csv,96
5373,[2010. 6. 27. 11. 31. 20.968],4,B0043,236,5374,05374.csv,97
5375,[2010. 6. 27. 16. 5. 16.625],4,B0043,238,5376,05376.csv,98
5378,[2010. 6. 27. 21. 14. 40.640],4,B0043,241,5379,05379.csv,99
5381,[2010. 6. 28. 2. 23. 34.531],4,B0043,244,5382,05382.csv,100
5383,[2010. 6. 28. 6. 56. 15.671],4,B0043,246,5384,05384.csv,101
5385,[2010. 6. 28. 11. 28. 20.734],4,B0043,248,5386,05386.csv,102
5387,[2010. 6. 28. 15. 59. 45.656],4,B0043,250,5388,05388.csv,103
5390,[2010. 6. 28. 21. 6. 40.062],4,B0043,253,5391,05391.csv,104
5393,[2010. 6. 29. 2. 13. 23.796],4,B0043,256,5394,05394.csv,105
5395,[2010. 6. 29. 6. 43. 33.500],4,B0043,258,5396,05396.csv,106
5397,[2010. 6. 29. 11. 13. 20.578],4,B0043,260,5398,05398.csv,107
5399,[2010. 6. 29. 15. 42. 37.750],4,B0043,262,5400,05400.csv,108
5402,[2010. 6. 29. 20. 47. 12.671],4,B0043,265,5403,05403.csv,109
5405,[2010. 6. 30. 1. 51. 52.468],4,B0043,268,5406,05406.csv,110
5407,[2010. 6. 30. 6. 20. 3.859],4,B0043,270,5408,05408.csv,111
5409,[2010. 6. 30. 10. 47. 43.109],4,B0043,272,5410,05410.csv,112
5411,[2010. 6. 30. 15. 14. 54.750],4,B0043,274,5412,05412.csv,113
5412,[2010. 6. 3. 18. 29. 28.093],22,B0044,0,5413,05413.csv,1
5415,[2010. 6. 3. 21. 28. 23.343],22,B0044,3,5416,05416.csv,2
5417,[2010. 6. 4. 1. 25. 39.953],22,B0044,5,5418,05418.csv,3
5419,[2010. 6. 4. 5. 22. 11.609],22,B0044,7,5420,05420.csv,4
5421,[2010. 6. 4. 9. 18. 10.125],22,B0044,9,5422,05422.csv,5
5424,[2010. 6. 4. 13. 49. 16.656],22,B0044,12,5425,05425.csv,6
5427,[2010. 6. 4. 18. 11. 41.437],22,B0044,15,5428,05428.csv,7
5429,[2010. 6. 4. 22. 1. 23.046],22,B0044,17,5430,05430.csv,8
5431,[2010. 6. 5. 1. 55. 37.531],22,B0044,19,5432,05432.csv,9
5433,[2010. 6. 5. 5. 49. 38.281],22,B0044,21,5434,05434.csv,10
5436,[2010. 6. 5. 10. 19. 11.203],22,B0044,24,5437,05437.csv,11
5439,[2010. 6. 5. 14. 48. 40.640],22,B0044,27,5440,05440.csv,12
5441,[2010. 6. 5. 18. 42. 16.578],22,B0044,29,5442,05442.csv,13
5443,[2010. 6. 5. 22. 35. 48.546],22,B0044,31,5444,05444.csv,14
5445,[2010. 6. 6. 2. 29. 1.406],22,B0044,33,5446,05446.csv,15
5448,[2010. 6. 6. 6. 57. 56.937],22,B0044,36,5449,05449.csv,16
5451,[2010. 6. 6. 11. 27. 0.812],22,B0044,39,5452,05452.csv,17
5453,[2010. 6. 6. 15. 20. 3.984],22,B0044,41,5454,05454.csv,18
5455,[2010. 6. 6. 19. 12. 55.125],22,B0044,43,5456,05456.csv,19
5457,[2010. 6. 6. 23. 5. 46.734],22,B0044,45,5458,05458.csv,20
5460,[2010. 6. 7. 3. 34. 7.015],22,B0044,48,5461,05461.csv,21
5464,[2010. 6. 7. 15. 25. 45.109],22,B0044,52,5465,05465.csv,22
5467,[2010. 6. 7. 19. 54. 42.406],22,B0044,55,5468,05468.csv,23
5469,[2010. 6. 7. 23. 47. 48.609],22,B0044,57,5470,05470.csv,24
5471,[2010. 6. 8. 3. 40. 37.515],22,B0044,59,5472,05472.csv,25
5473,[2010. 6. 8. 7. 33. 6.734],22,B0044,61,5474,05474.csv,26
5476,[2010. 6. 8. 12. 1. 9.765],22,B0044,64,5477,05477.csv,27
5479,[2010. 6. 8. 16. 29. 29.609],22,B0044,67,5480,05480.csv,28
5481,[2010. 6. 8. 20. 21. 58.343],22,B0044,69,5482,05482.csv,29
5483,[2010. 6. 9. 0. 14. 12.203],22,B0044,71,5484,05484.csv,30
5485,[2010. 6. 9. 4. 6. 7.312],22,B0044,73,5486,05486.csv,31
5488,[2010. 6. 9. 8. 33. 48.203],22,B0044,76,5489,05489.csv,32
5491,[2010. 6. 9. 13. 1. 30.656],22,B0044,79,5492,05492.csv,33
5493,[2010. 6. 9. 16. 53. 21.828],22,B0044,81,5494,05494.csv,34
5495,[2010. 6. 9. 20. 45. 0.468],22,B0044,83,5496,05496.csv,35
5497,[2010. 6. 10. 0. 36. 17.703],22,B0044,85,5498,05498.csv,36
5500,[2010. 6. 10. 5. 3. 7.312],22,B0044,88,5501,05501.csv,37
5503,[2010. 6. 10. 9. 30. 14.218],22,B0044,91,5504,05504.csv,38
5505,[2010. 6. 10. 13. 21. 20.703],22,B0044,93,5506,05506.csv,39
5507,[2010. 6. 10. 17. 12. 28.187],22,B0044,95,5508,05508.csv,40
5509,[2010. 6. 10. 21. 3. 21.109],22,B0044,97,5510,05510.csv,41
5512,[2010. 6. 11. 1. 29. 36.015],22,B0044,100,5513,05513.csv,42
5516,[2010. 6. 11. 13. 12. 12.390],4,B0044,104,5517,05517.csv,43
5519,[2010. 6. 11. 17. 7. 40.968],4,B0044,107,5520,05520.csv,44
5521,[2010. 6. 11. 20. 26. 56.390],4,B0044,109,5522,05522.csv,45
5523,[2010. 6. 11. 23. 46. 5.703],4,B0044,111,5524,05524.csv,46
5525,[2010. 6. 16. 11. 9. 50.781],4,B0044,113,5526,05526.csv,47
5528,[2010. 6. 16. 15. 6. 5.515],4,B0044,116,5529,05529.csv,48
5530,[2010. 6. 16. 18. 26. 18.140],4,B0044,118,5531,05531.csv,49
5532,[2010. 6. 16. 21. 46. 19.531],4,B0044,120,5533,05533.csv,50
5534,[2010. 6. 17. 1. 0. 30.500],4,B0044,122,5535,05535.csv,51
5537,[2010. 6. 17. 4. 33. 29.468],4,B0044,125,5538,05538.csv,52
5540,[2010. 6. 17. 8. 29. 16.421],4,B0044,128,5541,05541.csv,53
5542,[2010. 6. 17. 11. 49. 12.546],4,B0044,130,5543,05543.csv,54
5544,[2010. 6. 17. 15. 8. 49.234],4,B0044,132,5545,05545.csv,55
5546,[2010. 6. 17. 18. 28. 39.562],4,B0044,134,5547,05547.csv,56
5549,[2010. 6. 17. 22. 24. 6.937],4,B0044,137,5550,05550.csv,57
5552,[2010. 6. 18. 2. 19. 41.687],4,B0044,140,5553,05553.csv,58
5554,[2010. 6. 18. 5. 39. 17.937],4,B0044,142,5555,05555.csv,59
5556,[2010. 6. 18. 8. 58. 45.468],4,B0044,144,5557,05557.csv,60
5558,[2010. 6. 18. 12. 18. 17.218],4,B0044,146,5559,05559.csv,61
5561,[2010. 6. 18. 16. 13. 28.609],4,B0044,149,5562,05562.csv,62
5564,[2010. 6. 18. 20. 8. 41.406],4,B0044,152,5565,05565.csv,63
5566,[2010. 6. 18. 23. 27. 58.265],4,B0044,154,5567,05567.csv,64
5568,[2010. 6. 19. 2. 40. 54.296],4,B0044,156,5569,05569.csv,65
5570,[2010. 6. 19. 5. 53. 27.375],4,B0044,158,5571,05571.csv,66
5573,[2010. 6. 19. 9. 36. 31.031],4,B0044,161,5574,05574.csv,67
5577,[2010. 6. 21. 16. 14. 26.265],4,B0044,165,5578,05578.csv,68
5580,[2010. 6. 21. 20. 10. 25.609],4,B0044,168,5581,05581.csv,69
5582,[2010. 6. 21. 23. 30. 14.390],4,B0044,170,5583,05583.csv,70
5584,[2010. 6. 22. 2. 43. 24.468],4,B0044,172,5585,05585.csv,71
5586,[2010. 6. 22. 6. 3. 34.828],4,B0044,174,5587,05587.csv,72
5589,[2010. 6. 22. 9. 58. 57.593],4,B0044,177,5590,05590.csv,73
5592,[2010. 6. 22. 13. 54. 23.468],4,B0044,180,5593,05593.csv,74
5594,[2010. 6. 22. 17. 13. 51.000],4,B0044,182,5595,05595.csv,75
5596,[2010. 6. 22. 20. 33. 19.343],4,B0044,184,5597,05597.csv,76
5598,[2010. 6. 22. 23. 52. 40.015],4,B0044,186,5599,05599.csv,77
5601,[2010. 6. 23. 3. 47. 41.593],4,B0044,189,5602,05602.csv,78
5604,[2010. 6. 23. 7. 42. 56.171],4,B0044,192,5605,05605.csv,79
5606,[2010. 6. 23. 11. 1. 59.171],4,B0044,194,5607,05607.csv,80
5608,[2010. 6. 23. 14. 18. 20.062],4,B0044,196,5609,05609.csv,81
5610,[2010. 6. 23. 17. 31. 13.656],4,B0044,198,5611,05611.csv,82
5613,[2010. 6. 23. 21. 11. 42.187],4,B0044,201,5614,05614.csv,83
5616,[2010. 6. 23. 23. 13. 26.015],4,B0044,204,5617,05617.csv,84
5618,[2010. 6. 24. 0. 26. 1.515],4,B0044,206,5619,05619.csv,85
5620,[2010. 6. 24. 1. 21. 25.375],4,B0044,208,5621,05621.csv,86
5622,[2010. 6. 24. 2. 20. 51.375],4,B0044,210,5623,05623.csv,87
5625,[2010. 6. 24. 3. 51. 11.234],4,B0044,213,5626,05626.csv,88
5629,[2010. 6. 25. 20. 55. 56.234],4,B0044,217,5630,05630.csv,89
5632,[2010. 6. 26. 2. 9. 46.062],4,B0044,220,5633,05633.csv,90
5634,[2010. 6. 26. 6. 47. 6.703],4,B0044,222,5635,05635.csv,91
5636,[2010. 6. 26. 11. 23. 55.578],4,B0044,224,5637,05637.csv,92
5638,[2010. 6. 26. 15. 59. 50.812],4,B0044,226,5639,05639.csv,93
5641,[2010. 6. 26. 21. 11. 21.390],4,B0044,229,5642,05642.csv,94
5644,[2010. 6. 27. 2. 22. 13.843],4,B0044,232,5645,05645.csv,95
5646,[2010. 6. 27. 6. 57. 0.515],4,B0044,234,5647,05647.csv,96
5648,[2010. 6. 27. 11. 31. 20.968],4,B0044,236,5649,05649.csv,97
5650,[2010. 6. 27. 16. 5. 16.625],4,B0044,238,5651,05651.csv,98
5653,[2010. 6. 27. 21. 14. 40.640],4,B0044,241,5654,05654.csv,99
5656,[2010. 6. 28. 2. 23. 34.531],4,B0044,244,5657,05657.csv,100
5658,[2010. 6. 28. 6. 56. 15.671],4,B0044,246,5659,05659.csv,101
5660,[2010. 6. 28. 11. 28. 20.734],4,B0044,248,5661,05661.csv,102
5662,[2010. 6. 28. 15. 59. 45.656],4,B0044,250,5663,05663.csv,103
5665,[2010. 6. 28. 21. 6. 40.062],4,B0044,253,5666,05666.csv,104
5668,[2010. 6. 29. 2. 13. 23.796],4,B0044,256,5669,05669.csv,105
5670,[2010. 6. 29. 6. 43. 33.500],4,B0044,258,5671,05671.csv,106
5672,[2010. 6. 29. 11. 13. 20.578],4,B0044,260,5673,05673.csv,107
5674,[2010. 6. 29. 15. 42. 37.750],4,B0044,262,5675,05675.csv,108
5677,[2010. 6. 29. 20. 47. 12.671],4,B0044,265,5678,05678.csv,109
5680,[2010. 6. 30. 1. 51. 52.468],4,B0044,268,5681,05681.csv,110
5682,[2010. 6. 30. 6. 20. 3.859],4,B0044,270,5683,05683.csv,111
5684,[2010. 6. 30. 10. 47. 43.109],4,B0044,272,5685,05685.csv,112
5686,[2010. 6. 30. 15. 14. 54.750],4,B0044,274,5687,05687.csv,113
5689,[2010. 7. 21. 17. 25. 40.671],4,B0045,2,5690,05690.csv,1
5692,[2010. 7. 21. 22. 38. 43.484],4,B0045,5,5693,05693.csv,2
5694,[2010. 7. 22. 3. 14. 53.218],4,B0045,7,5695,05695.csv,3
5696,[2010. 7. 22. 7. 50. 21.625],4,B0045,9,5697,05697.csv,4
5698,[2010. 7. 22. 12. 25. 3.656],4,B0045,11,5699,05699.csv,5
5701,[2010. 7. 22. 17. 34. 59.312],4,B0045,14,5702,05702.csv,6
5705,[2010. 7. 23. 12. 7. 29.250],4,B0045,18,5706,05706.csv,7
5708,[2010. 7. 23. 17. 17. 36.625],4,B0045,21,5709,05709.csv,8
5710,[2010. 7. 23. 21. 50. 50.578],4,B0045,23,5711,05711.csv,9
5712,[2010. 7. 24. 2. 23. 21.453],4,B0045,25,5713,05713.csv,10
5714,[2010. 7. 24. 6. 55. 11.046],4,B0045,27,5715,05715.csv,11
5717,[2010. 7. 24. 12. 2. 28.390],4,B0045,30,5718,05718.csv,12
5721,[2010. 7. 27. 18. 19. 3.281],4,B0045,34,5722,05722.csv,13
5724,[2010. 7. 27. 23. 28. 8.828],4,B0045,37,5725,05725.csv,14
5726,[2010. 7. 28. 4. 0. 28.265],4,B0045,39,5727,05727.csv,15
5728,[2010. 7. 28. 8. 31. 35.609],4,B0045,41,5729,05729.csv,16
5730,[2010. 7. 28. 13. 2. 8.531],4,B0045,43,5731,05731.csv,17
5733,[2010. 7. 28. 18. 7. 53.906],4,B0045,46,5734,05734.csv,18
5736,[2010. 7. 28. 23. 13. 0.796],4,B0045,49,5737,05737.csv,19
5738,[2010. 7. 29. 2. 55. 52.843],4,B0045,51,5739,05739.csv,20
5740,[2010. 7. 29. 7. 27. 57.484],4,B0045,53,5741,05741.csv,21
5742,[2010. 7. 29. 11. 56. 11.593],4,B0045,55,5743,05743.csv,22
5745,[2010. 7. 29. 16. 59. 23.625],4,B0045,58,5746,05746.csv,23
5748,[2010. 7. 29. 22. 2. 15.765],4,B0045,61,5749,05749.csv,24
5750,[2010. 7. 30. 2. 28. 41.125],4,B0045,63,5751,05751.csv,25
5752,[2010. 7. 30. 6. 54. 35.109],4,B0045,65,5753,05753.csv,26
5754,[2010. 7. 30. 11. 19. 35.093],4,B0045,67,5755,05755.csv,27
5757,[2010. 7. 30. 16. 20. 6.000],4,B0045,70,5758,05758.csv,28
5760,[2010. 7. 30. 21. 20. 14.843],4,B0045,73,5761,05761.csv,29
5762,[2010. 7. 31. 1. 43. 57.734],4,B0045,75,5763,05763.csv,30
5764,[2010. 7. 31. 6. 7. 5.562],4,B0045,77,5765,05765.csv,31
5766,[2010. 7. 31. 10. 29. 39.359],4,B0045,79,5767,05767.csv,32
5769,[2010. 7. 31. 15. 27. 42.562],4,B0045,82,5770,05770.csv,33
5773,[2010. 8. 3. 17. 52. 22.375],4,B0045,86,5774,05774.csv,34
5776,[2010. 8. 3. 22. 54. 43.062],4,B0045,89,5777,05777.csv,35
5778,[2010. 8. 4. 3. 19. 23.250],4,B0045,91,5779,05779.csv,36
5780,[2010. 8. 4. 7. 43. 19.828],4,B0045,93,5781,05781.csv,37
5782,[2010. 8. 4. 12. 6. 28.531],4,B0045,95,5783,05783.csv,38
5785,[2010. 8. 4. 17. 4. 33.625],4,B0045,98,5786,05786.csv,39
5788,[2010. 8. 4. 22. 2. 33.781],4,B0045,101,5789,05789.csv,40
5790,[2010. 8. 5. 2. 23. 35.171],4,B0045,103,5791,05791.csv,41
5792,[2010. 8. 5. 6. 44. 4.281],4,B0045,105,5793,05793.csv,42
5794,[2010. 8. 5. 11. 4. 13.765],4,B0045,107,5795,05795.csv,43
5797,[2010. 8. 5. 15. 59. 42.062],4,B0045,110,5798,05798.csv,44
5800,[2010. 8. 5. 20. 54. 47.218],4,B0045,113,5801,05801.csv,45
5802,[2010. 8. 6. 1. 13. 28.265],4,B0045,115,5803,05803.csv,46
5804,[2010. 8. 6. 5. 31. 48.156],4,B0045,117,5805,05805.csv,47
5806,[2010. 8. 6. 9. 49. 49.937],4,B0045,119,5807,05807.csv,48
5809,[2010. 8. 6. 14. 43. 7.578],4,B0045,122,5810,05810.csv,49
5812,[2010. 8. 6. 19. 36. 20.187],4,B0045,125,5813,05813.csv,50
5814,[2010. 8. 6. 23. 53. 10.890],4,B0045,127,5815,05815.csv,51
5816,[2010. 8. 7. 4. 9. 31.812],4,B0045,129,5817,05817.csv,52
5818,[2010. 8. 7. 8. 25. 18.796],4,B0045,131,5819,05819.csv,53
5821,[2010. 8. 7. 13. 4. 21.953],4,B0045,134,5822,05822.csv,54
5825,[2010. 8. 10. 17. 36. 14.109],4,B0045,138,5826,05826.csv,55
5828,[2010. 8. 10. 22. 33. 31.875],4,B0045,141,5829,05829.csv,56
5830,[2010. 8. 11. 2. 53. 22.453],4,B0045,143,5831,05831.csv,57
5832,[2010. 8. 11. 7. 12. 27.125],4,B0045,145,5833,05833.csv,58
5834,[2010. 8. 11. 11. 31. 14.703],4,B0045,147,5835,05835.csv,59
5837,[2010. 8. 11. 16. 25. 13.593],4,B0045,150,5838,05838.csv,60
5841,[2010. 8. 12. 14. 27. 15.140],4,B0045,154,5842,05842.csv,61
5844,[2010. 8. 12. 19. 22. 39.406],4,B0045,157,5845,05845.csv,62
5846,[2010. 8. 12. 23. 40. 56.125],4,B0045,159,5847,05847.csv,63
5848,[2010. 8. 13. 3. 58. 7.187],4,B0045,161,5849,05849.csv,64
5850,[2010. 8. 13. 8. 14. 54.843],4,B0045,163,5851,05851.csv,65
5853,[2010. 8. 13. 12. 27. 18.593],4,B0045,166,5854,05854.csv,66
5857,[2010. 8. 16. 12. 56. 14.546],4,B0045,170,5858,05858.csv,67
5860,[2010. 8. 16. 17. 53. 19.203],4,B0045,173,5861,05861.csv,68
5862,[2010. 8. 16. 22. 13. 2.812],4,B0045,175,5863,05863.csv,69
5864,[2010. 8. 17. 2. 32. 20.000],4,B0045,177,5865,05865.csv,70
5866,[2010. 8. 17. 6. 50. 25.203],4,B0045,179,5867,05867.csv,71
5869,[2010. 8. 17. 11. 43. 58.265],4,B0045,182,5870,05870.csv,72
5873,[2010. 7. 21. 17. 25. 40.671],4,B0046,2,5874,05874.csv,1
5876,[2010. 7. 21. 22. 38. 43.484],4,B0046,5,5877,05877.csv,2
5878,[2010. 7. 22. 3. 14. 53.218],4,B0046,7,5879,05879.csv,3
5880,[2010. 7. 22. 7. 50. 21.625],4,B0046,9,5881,05881.csv,4
5882,[2010. 7. 22. 12. 25. 3.656],4,B0046,11,5883,05883.csv,5
5885,[2010. 7. 22. 17. 34. 59.312],4,B0046,14,5886,05886.csv,6
5889,[2010. 7. 23. 12. 7. 29.250],4,B0046,18,5890,05890.csv,7
5892,[2010. 7. 23. 17. 17. 36.625],4,B0046,21,5893,05893.csv,8
5894,[2010. 7. 23. 21. 50. 50.578],4,B0046,23,5895,05895.csv,9
5896,[2010. 7. 24. 2. 23. 21.453],4,B0046,25,5897,05897.csv,10
5898,[2010. 7. 24. 6. 55. 11.046],4,B0046,27,5899,05899.csv,11
5901,[2010. 7. 24. 12. 2. 28.390],4,B0046,30,5902,05902.csv,12
5905,[2010. 7. 27. 18. 19. 3.281],4,B0046,34,5906,05906.csv,13
5908,[2010. 7. 27. 23. 28. 8.828],4,B0046,37,5909,05909.csv,14
5910,[2010. 7. 28. 4. 0. 28.265],4,B0046,39,5911,05911.csv,15
5912,[2010. 7. 28. 8. 31. 35.609],4,B0046,41,5913,05913.csv,16
5914,[2010. 7. 28. 13. 2. 8.531],4,B0046,43,5915,05915.csv,17
5917,[2010. 7. 28. 18. 7. 53.906],4,B0046,46,5918,05918.csv,18
5920,[2010. 7. 28. 23. 13. 0.796],4,B0046,49,5921,05921.csv,19
5922,[2010. 7. 29. 2. 55. 52.843],4,B0046,51,5923,05923.csv,20
5924,[2010. 7. 29. 7. 27. 57.484],4,B0046,53,5925,05925.csv,21
5926,[2010. 7. 29. 11. 56. 11.593],4,B0046,55,5927,05927.csv,22
5929,[2010. 7. 29. 16. 59. 23.625],4,B0046,58,5930,05930.csv,23
5932,[2010. 7. 29. 22. 2. 15.765],4,B0046,61,5933,05933.csv,24
5934,[2010. 7. 30. 2. 28. 41.125],4,B0046,63,5935,05935.csv,25
5936,[2010. 7. 30. 6. 54. 35.109],4,B0046,65,5937,05937.csv,26
5938,[2010. 7. 30. 11. 19. 35.093],4,B0046,67,5939,05939.csv,27
5941,[2010. 7. 30. 16. 20. 6.000],4,B0046,70,5942,05942.csv,28
5944,[2010. 7. 30. 21. 20. 14.843],4,B0046,73,5945,05945.csv,29
5946,[2010. 7. 31. 1. 43. 57.734],4,B0046,75,5947,05947.csv,30
5948,[2010. 7. 31. 6. 7. 5.562],4,B0046,77,5949,05949.csv,31
5950,[2010. 7. 31. 10. 29. 39.359],4,B0046,79,5951,05951.csv,32
5953,[2010. 7. 31. 15. 27. 42.562],4,B0046,82,5954,05954.csv,33
5957,[2010. 8. 3. 17. 52. 22.375],4,B0046,86,5958,05958.csv,34
5960,[2010. 8. 3. 22. 54. 43.062],4,B0046,89,5961,05961.csv,35
5962,[2010. 8. 4. 3. 19. 23.250],4,B0046,91,5963,05963.csv,36
5964,[2010. 8. 4. 7. 43. 19.828],4,B0046,93,5965,05965.csv,37
5966,[2010. 8. 4. 12. 6. 28.531],4,B0046,95,5967,05967.csv,38
5969,[2010. 8. 4. 17. 4. 33.625],4,B0046,98,5970,05970.csv,39
5972,[2010. 8. 4. 22. 2. 33.781],4,B0046,101,5973,05973.csv,40
5974,[2010. 8. 5. 2. 23. 35.171],4,B0046,103,5975,05975.csv,41
5976,[2010. 8. 5. 6. 44. 4.281],4,B0046,105,5977,05977.csv,42
5978,[2010. 8. 5. 11. 4. 13.765],4,B0046,107,5979,05979.csv,43
5981,[2010. 8. 5. 15. 59. 42.062],4,B0046,110,5982,05982.csv,44
5984,[2010. 8. 5. 20. 54. 47.218],4,B0046,113,5985,05985.csv,45
5986,[2010. 8. 6. 1. 13. 28.265],4,B0046,115,5987,05987.csv,46
5988,[2010. 8. 6. 5. 31. 48.156],4,B0046,117,5989,05989.csv,47
5990,[2010. 8. 6. 9. 49. 49.937],4,B0046,119,5991,05991.csv,48
5993,[2010. 8. 6. 14. 43. 7.578],4,B0046,122,5994,05994.csv,49
5996,[2010. 8. 6. 19. 36. 20.187],4,B0046,125,5997,05997.csv,50
5998,[2010. 8. 6. 23. 53. 10.890],4,B0046,127,5999,05999.csv,51
6000,[2010. 8. 7. 4. 9. 31.812],4,B0046,129,6001,06001.csv,52
6002,[2010. 8. 7. 8. 25. 18.796],4,B0046,131,6003,06003.csv,53
6005,[2010. 8. 7. 13. 4. 21.953],4,B0046,134,6006,06006.csv,54
6009,[2010. 8. 10. 17. 36. 14.109],4,B0046,138,6010,06010.csv,55
6012,[2010. 8. 10. 22. 33. 31.875],4,B0046,141,6013,06013.csv,56
6014,[2010. 8. 11. 2. 53. 22.453],4,B0046,143,6015,06015.csv,57
6016,[2010. 8. 11. 7. 12. 27.125],4,B0046,145,6017,06017.csv,58
6018,[2010. 8. 11. 11. 31. 14.703],4,B0046,147,6019,06019.csv,59
6021,[2010. 8. 11. 16. 25. 13.593],4,B0046,150,6022,06022.csv,60
6025,[2010. 8. 12. 14. 27. 15.140],4,B0046,154,6026,06026.csv,61
6028,[2010. 8. 12. 19. 22. 39.406],4,B0046,157,6029,06029.csv,62
6030,[2010. 8. 12. 23. 40. 56.125],4,B0046,159,6031,06031.csv,63
6032,[2010. 8. 13. 3. 58. 7.187],4,B0046,161,6033,06033.csv,64
6034,[2010. 8. 13. 8. 14. 54.843],4,B0046,163,6035,06035.csv,65
6037,[2010. 8. 13. 12. 27. 18.593],4,B0046,166,6038,06038.csv,66
6041,[2010. 8. 16. 12. 56. 14.546],4,B0046,170,6042,06042.csv,67
6044,[2010. 8. 16. 17. 53. 19.203],4,B0046,173,6045,06045.csv,68
6046,[2010. 8. 16. 22. 13. 2.812],4,B0046,175,6047,06047.csv,69
6048,[2010. 8. 17. 2. 32. 20.000],4,B0046,177,6049,06049.csv,70
6050,[2010. 8. 17. 6. 50. 25.203],4,B0046,179,6051,06051.csv,71
6053,[2010. 8. 17. 11. 43. 58.265],4,B0046,182,6054,06054.csv,72
6057,[2010. 7. 21. 17. 25. 40.671],4,B0047,2,6058,06058.csv,1
6060,[2010. 7. 21. 22. 38. 43.484],4,B0047,5,6061,06061.csv,2
6062,[2010. 7. 22. 3. 14. 53.218],4,B0047,7,6063,06063.csv,3
6064,[2010. 7. 22. 7. 50. 21.625],4,B0047,9,6065,06065.csv,4
6066,[2010. 7. 22. 12. 25. 3.656],4,B0047,11,6067,06067.csv,5
6069,[2010. 7. 22. 17. 34. 59.312],4,B0047,14,6070,06070.csv,6
6073,[2010. 7. 23. 12. 7. 29.250],4,B0047,18,6074,06074.csv,7
6076,[2010. 7. 23. 17. 17. 36.625],4,B0047,21,6077,06077.csv,8
6078,[2010. 7. 23. 21. 50. 50.578],4,B0047,23,6079,06079.csv,9
6080,[2010. 7. 24. 2. 23. 21.453],4,B0047,25,6081,06081.csv,10
6082,[2010. 7. 24. 6. 55. 11.046],4,B0047,27,6083,06083.csv,11
6085,[2010. 7. 24. 12. 2. 28.390],4,B0047,30,6086,06086.csv,12
6089,[2010. 7. 27. 18. 19. 3.281],4,B0047,34,6090,06090.csv,13
6092,[2010. 7. 27. 23. 28. 8.828],4,B0047,37,6093,06093.csv,14
6094,[2010. 7. 28. 4. 0. 28.265],4,B0047,39,6095,06095.csv,15
6096,[2010. 7. 28. 8. 31. 35.609],4,B0047,41,6097,06097.csv,16
6098,[2010. 7. 28. 13. 2. 8.531],4,B0047,43,6099,06099.csv,17
6101,[2010. 7. 28. 18. 7. 53.906],4,B0047,46,6102,06102.csv,18
6104,[2010. 7. 28. 23. 13. 0.796],4,B0047,49,6105,06105.csv,19
6106,[2010. 7. 29. 2. 55. 52.843],4,B0047,51,6107,06107.csv,20
6108,[2010. 7. 29. 7. 27. 57.484],4,B0047,53,6109,06109.csv,21
6110,[2010. 7. 29. 11. 56. 11.593],4,B0047,55,6111,06111.csv,22
6113,[2010. 7. 29. 16. 59. 23.625],4,B0047,58,6114,06114.csv,23
6116,[2010. 7. 29. 22. 2. 15.765],4,B0047,61,6117,06117.csv,24
6118,[2010. 7. 30. 2. 28. 41.125],4,B0047,63,6119,06119.csv,25
6120,[2010. 7. 30. 6. 54. 35.109],4,B0047,65,6121,06121.csv,26
6122,[2010. 7. 30. 11. 19. 35.093],4,B0047,67,6123,06123.csv,27
6125,[2010. 7. 30. 16. 20. 6.000],4,B0047,70,6126,06126.csv,28
6128,[2010. 7. 30. 21. 20. 14.843],4,B0047,73,6129,06129.csv,29
6130,[2010. 7. 31. 1. 43. 57.734],4,B0047,75,6131,06131.csv,30
6132,[2010. 7. 31. 6. 7. 5.562],4,B0047,77,6133,06133.csv,31
6134,[2010. 7. 31. 10. 29. 39.359],4,B0047,79,6135,06135.csv,32
6137,[2010. 7. 31. 15. 27. 42.562],4,B0047,82,6138,06138.csv,33
6141,[2010. 8. 3. 17. 52. 22.375],4,B0047,86,6142,06142.csv,34
6144,[2010. 8. 3. 22. 54. 43.062],4,B0047,89,6145,06145.csv,35
6146,[2010. 8. 4. 3. 19. 23.250],4,B0047,91,6147,06147.csv,36
6148,[2010. 8. 4. 7. 43. 19.828],4,B0047,93,6149,06149.csv,37
6150,[2010. 8. 4. 12. 6. 28.531],4,B0047,95,6151,06151.csv,38
6153,[2010. 8. 4. 17. 4. 33.625],4,B0047,98,6154,06154.csv,39
6156,[2010. 8. 4. 22. 2. 33.781],4,B0047,101,6157,06157.csv,40
6158,[2010. 8. 5. 2. 23. 35.171],4,B0047,103,6159,06159.csv,41
6160,[2010. 8. 5. 6. 44. 4.281],4,B0047,105,6161,06161.csv,42
6162,[2010. 8. 5. 11. 4. 13.765],4,B0047,107,6163,06163.csv,43
6165,[2010. 8. 5. 15. 59. 42.062],4,B0047,110,6166,06166.csv,44
6168,[2010. 8. 5. 20. 54. 47.218],4,B0047,113,6169,06169.csv,45
6170,[2010. 8. 6. 1. 13. 28.265],4,B0047,115,6171,06171.csv,46
6172,[2010. 8. 6. 5. 31. 48.156],4,B0047,117,6173,06173.csv,47
6174,[2010. 8. 6. 9. 49. 49.937],4,B0047,119,6175,06175.csv,48
6177,[2010. 8. 6. 14. 43. 7.578],4,B0047,122,6178,06178.csv,49
6180,[2010. 8. 6. 19. 36. 20.187],4,B0047,125,6181,06181.csv,50
6182,[2010. 8. 6. 23. 53. 10.890],4,B0047,127,6183,06183.csv,51
6184,[2010. 8. 7. 4. 9. 31.812],4,B0047,129,6185,06185.csv,52
6186,[2010. 8. 7. 8. 25. 18.796],4,B0047,131,6187,06187.csv,53
6189,[2010. 8. 7. 13. 4. 21.953],4,B0047,134,6190,06190.csv,54
6193,[2010. 8. 10. 17. 36. 14.109],4,B0047,138,6194,06194.csv,55
6196,[2010. 8. 10. 22. 33. 31.875],4,B0047,141,6197,06197.csv,56
6198,[2010. 8. 11. 2. 53. 22.453],4,B0047,143,6199,06199.csv,57
6200,[2010. 8. 11. 7. 12. 27.125],4,B0047,145,6201,06201.csv,58
6202,[2010. 8. 11. 11. 31. 14.703],4,B0047,147,6203,06203.csv,59
6205,[2010. 8. 11. 16. 25. 13.593],4,B0047,150,6206,06206.csv,60
6209,[2010. 8. 12. 14. 27. 15.140],4,B0047,154,6210,06210.csv,61
6212,[2010. 8. 12. 19. 22. 39.406],4,B0047,157,6213,06213.csv,62
6214,[2010. 8. 12. 23. 40. 56.125],4,B0047,159,6215,06215.csv,63
6216,[2010. 8. 13. 3. 58. 7.187],4,B0047,161,6217,06217.csv,64
6218,[2010. 8. 13. 8. 14. 54.843],4,B0047,163,6219,06219.csv,65
6221,[2010. 8. 13. 12. 27. 18.593],4,B0047,166,6222,06222.csv,66
6225,[2010. 8. 16. 12. 56. 14.546],4,B0047,170,6226,06226.csv,67
6228,[2010. 8. 16. 17. 53. 19.203],4,B0047,173,6229,06229.csv,68
6230,[2010. 8. 16. 22. 13. 2.812],4,B0047,175,6231,06231.csv,69
6232,[2010. 8. 17. 2. 32. 20.000],4,B0047,177,6233,06233.csv,70
6234,[2010. 8. 17. 6. 50. 25.203],4,B0047,179,6235,06235.csv,71
6237,[2010. 8. 17. 11. 43. 58.265],4,B0047,182,6238,06238.csv,72
6241,[2010. 7. 21. 17. 25. 40.671],4,B0048,2,6242,06242.csv,1
6244,[2010. 7. 21. 22. 38. 43.484],4,B0048,5,6245,06245.csv,2
6246,[2010. 7. 22. 3. 14. 53.218],4,B0048,7,6247,06247.csv,3
6248,[2010. 7. 22. 7. 50. 21.625],4,B0048,9,6249,06249.csv,4
6250,[2010. 7. 22. 12. 25. 3.656],4,B0048,11,6251,06251.csv,5
6253,[2010. 7. 22. 17. 34. 59.312],4,B0048,14,6254,06254.csv,6
6257,[2010. 7. 23. 12. 7. 29.250],4,B0048,18,6258,06258.csv,7
6260,[2010. 7. 23. 17. 17. 36.625],4,B0048,21,6261,06261.csv,8
6262,[2010. 7. 23. 21. 50. 50.578],4,B0048,23,6263,06263.csv,9
6264,[2010. 7. 24. 2. 23. 21.453],4,B0048,25,6265,06265.csv,10
6266,[2010. 7. 24. 6. 55. 11.046],4,B0048,27,6267,06267.csv,11
6269,[2010. 7. 24. 12. 2. 28.390],4,B0048,30,6270,06270.csv,12
6273,[2010. 7. 27. 18. 19. 3.281],4,B0048,34,6274,06274.csv,13
6276,[2010. 7. 27. 23. 28. 8.828],4,B0048,37,6277,06277.csv,14
6278,[2010. 7. 28. 4. 0. 28.265],4,B0048,39,6279,06279.csv,15
6280,[2010. 7. 28. 8. 31. 35.609],4,B0048,41,6281,06281.csv,16
6282,[2010. 7. 28. 13. 2. 8.531],4,B0048,43,6283,06283.csv,17
6285,[2010. 7. 28. 18. 7. 53.906],4,B0048,46,6286,06286.csv,18
6288,[2010. 7. 28. 23. 13. 0.796],4,B0048,49,6289,06289.csv,19
6290,[2010. 7. 29. 2. 55. 52.843],4,B0048,51,6291,06291.csv,20
6292,[2010. 7. 29. 7. 27. 57.484],4,B0048,53,6293,06293.csv,21
6294,[2010. 7. 29. 11. 56. 11.593],4,B0048,55,6295,06295.csv,22
6297,[2010. 7. 29. 16. 59. 23.625],4,B0048,58,6298,06298.csv,23
6300,[2010. 7. 29. 22. 2. 15.765],4,B0048,61,6301,06301.csv,24
6302,[2010. 7. 30. 2. 28. 41.125],4,B0048,63,6303,06303.csv,25
6304,[2010. 7. 30. 6. 54. 35.109],4,B0048,65,6305,06305.csv,26
6306,[2010. 7. 30. 11. 19. 35.093],4,B0048,67,6307,06307.csv,27
6309,[2010. 7. 30. 16. 20. 6.000],4,B0048,70,6310,06310.csv,28
6312,[2010. 7. 30. 21. 20. 14.843],4,B0048,73,6313,06313.csv,29
6314,[2010. 7. 31. 1. 43. 57.734],4,B0048,75,6315,06315.csv,30
6316,[2010. 7. 31. 6. 7. 5.562],4,B0048,77,6317,06317.csv,31
6318,[2010. 7. 31. 10. 29. 39.359],4,B0048,79,6319,06319.csv,32
6321,[2010. 7. 31. 15. 27. 42.562],4,B0048,82,6322,06322.csv,33
6325,[2010. 8. 3. 17. 52. 22.375],4,B0048,86,6326,06326.csv,34
6328,[2010. 8. 3. 22. 54. 43.062],4,B0048,89,6329,06329.csv,35
6330,[2010. 8. 4. 3. 19. 23.250],4,B0048,91,6331,06331.csv,36
6332,[2010. 8. 4. 7. 43. 19.828],4,B0048,93,6333,06333.csv,37
6334,[2010. 8. 4. 12. 6. 28.531],4,B0048,95,6335,06335.csv,38
6337,[2010. 8. 4. 17. 4. 33.625],4,B0048,98,6338,06338.csv,39
6340,[2010. 8. 4. 22. 2. 33.781],4,B0048,101,6341,06341.csv,40
6342,[2010. 8. 5. 2. 23. 35.171],4,B0048,103,6343,06343.csv,41
6344,[2010. 8. 5. 6. 44. 4.281],4,B0048,105,6345,06345.csv,42
6346,[2010. 8. 5. 11. 4. 13.765],4,B0048,107,6347,06347.csv,43
6349,[2010. 8. 5. 15. 59. 42.062],4,B0048,110,6350,06350.csv,44
6352,[2010. 8. 5. 20. 54. 47.218],4,B0048,113,6353,06353.csv,45
6354,[2010. 8. 6. 1. 13. 28.265],4,B0048,115,6355,06355.csv,46
6356,[2010. 8. 6. 5. 31. 48.156],4,B0048,117,6357,06357.csv,47
6358,[2010. 8. 6. 9. 49. 49.937],4,B0048,119,6359,06359.csv,48
6361,[2010. 8. 6. 14. 43. 7.578],4,B0048,122,6362,06362.csv,49
6364,[2010. 8. 6. 19. 36. 20.187],4,B0048,125,6365,06365.csv,50
6366,[2010. 8. 6. 23. 53. 10.890],4,B0048,127,6367,06367.csv,51
6368,[2010. 8. 7. 4. 9. 31.812],4,B0048,129,6369,06369.csv,52
6370,[2010. 8. 7. 8. 25. 18.796],4,B0048,131,6371,06371.csv,53
6373,[2010. 8. 7. 13. 4. 21.953],4,B0048,134,6374,06374.csv,54
6377,[2010. 8. 10. 17. 36. 14.109],4,B0048,138,6378,06378.csv,55
6380,[2010. 8. 10. 22. 33. 31.875],4,B0048,141,6381,06381.csv,56
6382,[2010. 8. 11. 2. 53. 22.453],4,B0048,143,6383,06383.csv,57
6384,[2010. 8. 11. 7. 12. 27.125],4,B0048,145,6385,06385.csv,58
6386,[2010. 8. 11. 11. 31. 14.703],4,B0048,147,6387,06387.csv,59
6389,[2010. 8. 11. 16. 25. 13.593],4,B0048,150,6390,06390.csv,60
6393,[2010. 8. 12. 14. 27. 15.140],4,B0048,154,6394,06394.csv,61
6396,[2010. 8. 12. 19. 22. 39.406],4,B0048,157,6397,06397.csv,62
6398,[2010. 8. 12. 23. 40. 56.125],4,B0048,159,6399,06399.csv,63
6400,[2010. 8. 13. 3. 58. 7.187],4,B0048,161,6401,06401.csv,64
6402,[2010. 8. 13. 8. 14. 54.843],4,B0048,163,6403,06403.csv,65
6405,[2010. 8. 13. 12. 27. 18.593],4,B0048,166,6406,06406.csv,66
6409,[2010. 8. 16. 12. 56. 14.546],4,B0048,170,6410,06410.csv,67
6412,[2010. 8. 16. 17. 53. 19.203],4,B0048,173,6413,06413.csv,68
6414,[2010. 8. 16. 22. 13. 2.812],4,B0048,175,6415,06415.csv,69
6416,[2010. 8. 17. 2. 32. 20.000],4,B0048,177,6417,06417.csv,70
6418,[2010. 8. 17. 6. 50. 25.203],4,B0048,179,6419,06419.csv,71
6421,[2010. 8. 17. 11. 43. 58.265],4,B0048,182,6422,06422.csv,72
6425,[2010. 9. 17. 16. 34. 19.843],4,B0053,2,6426,06426.csv,1
6428,[2010. 9. 17. 20. 55. 26.968],4,B0053,5,6429,06429.csv,2
6430,[2010. 9. 18. 0. 40. 13.437],4,B0053,7,6431,06431.csv,3
6432,[2010. 9. 18. 4. 24. 22.125],4,B0053,9,6433,06433.csv,4
6434,[2010. 9. 18. 8. 8. 20.468],4,B0053,11,6435,06435.csv,5
6437,[2010. 9. 18. 12. 28. 3.796],4,B0053,14,6438,06438.csv,6
6440,[2010. 9. 18. 16. 48. 9.078],4,B0053,17,6441,06441.csv,7
6442,[2010. 9. 18. 20. 32. 11.859],4,B0053,19,6443,06443.csv,8
6444,[2010. 9. 19. 0. 15. 53.859],4,B0053,21,6445,06445.csv,9
6446,[2010. 9. 19. 3. 59. 19.781],4,B0053,23,6447,06447.csv,10
6449,[2010. 9. 19. 8. 18. 42.812],4,B0053,26,6450,06450.csv,11
6452,[2010. 9. 19. 12. 37. 25.421],4,B0053,29,6453,06453.csv,12
6454,[2010. 9. 19. 16. 20. 55.593],4,B0053,31,6455,06455.csv,13
6456,[2010. 9. 19. 20. 4. 0.796],4,B0053,33,6457,06457.csv,14
6458,[2010. 9. 19. 23. 46. 55.921],4,B0053,35,6459,06459.csv,15
6461,[2010. 9. 20. 4. 5. 45.906],4,B0053,38,6462,06462.csv,16
6464,[2010. 9. 20. 8. 24. 15.015],4,B0053,41,6465,06465.csv,17
6466,[2010. 9. 20. 12. 7. 10.968],4,B0053,43,6467,06467.csv,18
6468,[2010. 9. 20. 15. 50. 1.140],4,B0053,45,6469,06469.csv,19
6470,[2010. 9. 20. 19. 32. 6.515],4,B0053,47,6471,06471.csv,20
6473,[2010. 9. 20. 23. 50. 39.718],4,B0053,50,6474,06474.csv,21
6477,[2010. 9. 21. 17. 39. 5.828],4,B0053,54,6478,06478.csv,22
6480,[2010. 9. 21. 21. 58. 28.140],4,B0053,57,6481,06481.csv,23
6482,[2010. 9. 22. 1. 41. 32.187],4,B0053,59,6483,06483.csv,24
6484,[2010. 9. 22. 5. 24. 23.734],4,B0053,61,6485,06485.csv,25
6486,[2010. 9. 22. 9. 6. 33.937],4,B0053,63,6487,06487.csv,26
6489,[2010. 9. 22. 13. 25. 4.078],4,B0053,66,6490,06490.csv,27
6492,[2010. 9. 22. 17. 43. 16.453],4,B0053,69,6493,06493.csv,28
6494,[2010. 9. 22. 21. 25. 52.718],4,B0053,71,6495,06495.csv,29
6496,[2010. 9. 23. 1. 7. 46.453],4,B0053,73,6497,06497.csv,30
6498,[2010. 9. 23. 4. 49. 59.390],4,B0053,75,6499,06499.csv,31
6501,[2010. 9. 23. 9. 7. 43.250],4,B0053,78,6502,06502.csv,32
6504,[2010. 9. 23. 13. 25. 43.781],4,B0053,81,6505,06505.csv,33
6506,[2010. 9. 23. 17. 7. 13.640],4,B0053,83,6507,06507.csv,34
6508,[2010. 9. 23. 20. 48. 49.000],4,B0053,85,6509,06509.csv,35
6510,[2010. 9. 24. 0. 30. 30.234],4,B0053,87,6511,06511.csv,36
6513,[2010. 9. 24. 4. 48. 6.765],4,B0053,90,6514,06514.csv,37
6516,[2010. 9. 24. 9. 5. 40.015],4,B0053,93,6517,06517.csv,38
6518,[2010. 9. 24. 12. 47. 29.312],4,B0053,95,6519,06519.csv,39
6520,[2010. 9. 24. 16. 28. 59.265],4,B0053,97,6521,06521.csv,40
6522,[2010. 9. 24. 20. 10. 9.953],4,B0053,99,6523,06523.csv,41
6525,[2010. 9. 25. 0. 27. 44.859],4,B0053,102,6526,06526.csv,42
6529,[2010. 9. 28. 13. 0. 15.890],4,B0053,106,6530,06530.csv,43
6532,[2010. 9. 28. 17. 20. 8.734],4,B0053,109,6533,06533.csv,44
6534,[2010. 9. 28. 21. 4. 5.953],4,B0053,111,6535,06535.csv,45
6536,[2010. 9. 29. 0. 47. 0.843],4,B0053,113,6537,06537.csv,46
6538,[2010. 9. 29. 4. 29. 50.859],4,B0053,115,6539,06539.csv,47
6541,[2010. 9. 29. 8. 48. 28.531],4,B0053,118,6542,06542.csv,48
6544,[2010. 9. 29. 13. 6. 49.296],4,B0053,121,6545,06545.csv,49
6546,[2010. 9. 29. 16. 49. 33.218],4,B0053,123,6547,06547.csv,50
6548,[2010. 9. 29. 20. 31. 38.875],4,B0053,125,6549,06549.csv,51
6550,[2010. 9. 30. 0. 13. 58.171],4,B0053,127,6551,06551.csv,52
6553,[2010. 9. 30. 4. 31. 22.796],4,B0053,130,6554,06554.csv,53
6556,[2010. 9. 30. 8. 48. 54.250],4,B0053,133,6557,06557.csv,54
6558,[2010. 9. 30. 12. 31. 10.171],4,B0053,135,6559,06559.csv,55
6562,[2010. 9. 3. 13. 31. 57.625],4,B0054,2,6563,06563.csv,1
6565,[2010. 9. 3. 17. 57. 17.250],4,B0054,5,6566,06566.csv,2
6567,[2010. 9. 3. 21. 46. 44.656],4,B0054,7,6568,06568.csv,3
6569,[2010. 9. 4. 1. 34. 26.531],4,B0054,9,6570,06570.csv,4
6571,[2010. 9. 4. 5. 23. 21.515],4,B0054,11,6572,06572.csv,5
6574,[2010. 9. 4. 9. 46. 0.546],4,B0054,14,6575,06575.csv,6
6577,[2010. 9. 4. 14. 6. 24.109],4,B0054,17,6578,06578.csv,7
6579,[2010. 9. 4. 17. 49. 40.140],4,B0054,19,6580,06580.csv,8
6581,[2010. 9. 4. 21. 37. 22.484],4,B0054,21,6582,06582.csv,9
6583,[2010. 9. 5. 1. 24. 28.468],4,B0054,23,6584,06584.csv,10
6586,[2010. 9. 5. 5. 42. 37.078],4,B0054,26,6587,06587.csv,11
6589,[2010. 9. 5. 10. 5. 24.687],4,B0054,29,6590,06590.csv,12
6591,[2010. 9. 5. 13. 51. 37.406],4,B0054,31,6592,06592.csv,13
6593,[2010. 9. 5. 17. 38. 9.718],4,B0054,33,6594,06594.csv,14
6595,[2010. 9. 5. 21. 24. 24.046],4,B0054,35,6596,06596.csv,15
6598,[2010. 9. 6. 1. 46. 17.296],4,B0054,38,6599,06599.csv,16
6601,[2010. 9. 6. 6. 7. 21.890],4,B0054,41,6602,06602.csv,17
6603,[2010. 9. 6. 9. 52. 10.703],4,B0054,43,6604,06604.csv,18
6605,[2010. 9. 6. 13. 37. 22.312],4,B0054,45,6606,06606.csv,19
6607,[2010. 9. 6. 17. 22. 56.859],4,B0054,47,6608,06608.csv,20
6610,[2010. 9. 6. 21. 44. 11.750],4,B0054,50,6611,06611.csv,21
6614,[2010. 9. 9. 17. 25. 2.968],4,B0054,54,6615,06615.csv,22
6617,[2010. 9. 9. 21. 48. 7.734],4,B0054,57,6618,06618.csv,23
6619,[2010. 9. 10. 1. 34. 50.609],4,B0054,59,6620,06620.csv,24
6621,[2010. 9. 10. 5. 20. 43.609],4,B0054,61,6622,06622.csv,25
6623,[2010. 9. 10. 9. 6. 45.796],4,B0054,63,6624,06624.csv,26
6626,[2010. 9. 10. 13. 28. 18.093],4,B0054,66,6627,06627.csv,27
6629,[2010. 9. 10. 17. 49. 42.375],4,B0054,69,6630,06630.csv,28
6631,[2010. 9. 10. 21. 34. 58.687],4,B0054,71,6632,06632.csv,29
6633,[2010. 9. 11. 1. 19. 42.500],4,B0054,73,6634,06634.csv,30
6635,[2010. 9. 11. 5. 4. 36.593],4,B0054,75,6636,06636.csv,31
6638,[2010. 9. 11. 9. 25. 19.390],4,B0054,78,6639,06639.csv,32
6641,[2010. 9. 11. 13. 45. 14.468],4,B0054,81,6642,06642.csv,33
6643,[2010. 9. 11. 17. 29. 53.218],4,B0054,83,6644,06644.csv,34
6645,[2010. 9. 11. 21. 14. 2.187],4,B0054,85,6646,06646.csv,35
6647,[2010. 9. 12. 0. 58. 31.296],4,B0054,87,6648,06648.csv,36
6650,[2010. 9. 12. 5. 18. 1.359],4,B0054,90,6651,06651.csv,37
6653,[2010. 9. 12. 9. 38. 3.171],4,B0054,93,6654,06654.csv,38
6655,[2010. 9. 12. 13. 22. 16.859],4,B0054,95,6656,06656.csv,39
6657,[2010. 9. 12. 17. 6. 9.515],4,B0054,97,6658,06658.csv,40
6659,[2010. 9. 12. 20. 49. 58.468],4,B0054,99,6660,06660.csv,41
6662,[2010. 9. 13. 1. 9. 31.593],4,B0054,102,6663,06663.csv,42
6666,[2010. 9. 14. 13. 26. 0.343],4,B0054,106,6667,06667.csv,43
6669,[2010. 9. 14. 17. 46. 48.031],4,B0054,109,6670,06670.csv,44
6671,[2010. 9. 14. 21. 31. 37.328],4,B0054,111,6672,06672.csv,45
6673,[2010. 9. 15. 1. 16. 6.093],4,B0054,113,6674,06674.csv,46
6675,[2010. 9. 15. 5. 0. 4.750],4,B0054,115,6676,06676.csv,47
6678,[2010. 9. 17. 16. 34. 19.843],4,B0054,118,6679,06679.csv,48
6681,[2010. 9. 17. 20. 55. 26.968],4,B0054,121,6682,06682.csv,49
6683,[2010. 9. 18. 0. 40. 13.437],4,B0054,123,6684,06684.csv,50
6685,[2010. 9. 18. 4. 24. 22.125],4,B0054,125,6686,06686.csv,51
6687,[2010. 9. 18. 8. 8. 20.468],4,B0054,127,6688,06688.csv,52
6690,[2010. 9. 18. 12. 28. 3.796],4,B0054,130,6691,06691.csv,53
6693,[2010. 9. 18. 16. 48. 9.078],4,B0054,133,6694,06694.csv,54
6695,[2010. 9. 18. 20. 32. 11.859],4,B0054,135,6696,06696.csv,55
6697,[2010. 9. 19. 0. 15. 53.859],4,B0054,137,6698,06698.csv,56
6699,[2010. 9. 19. 3. 59. 19.781],4,B0054,139,6700,06700.csv,57
6702,[2010. 9. 19. 8. 18. 42.812],4,B0054,142,6703,06703.csv,58
6705,[2010. 9. 19. 12. 37. 25.421],4,B0054,145,6706,06706.csv,59
6707,[2010. 9. 19. 16. 20. 55.593],4,B0054,147,6708,06708.csv,60
6709,[2010. 9. 19. 20. 4. 0.796],4,B0054,149,6710,06710.csv,61
6711,[2010. 9. 19. 23. 46. 55.921],4,B0054,151,6712,06712.csv,62
6714,[2010. 9. 20. 4. 5. 45.906],4,B0054,154,6715,06715.csv,63
6717,[2010. 9. 20. 8. 24. 15.015],4,B0054,157,6718,06718.csv,64
6719,[2010. 9. 20. 12. 7. 10.968],4,B0054,159,6720,06720.csv,65
6721,[2010. 9. 20. 15. 50. 1.140],4,B0054,161,6722,06722.csv,66
6723,[2010. 9. 20. 19. 32. 6.515],4,B0054,163,6724,06724.csv,67
6726,[2010. 9. 20. 23. 50. 39.718],4,B0054,166,6727,06727.csv,68
6730,[2010. 9. 21. 17. 39. 5.828],4,B0054,170,6731,06731.csv,69
6733,[2010. 9. 21. 21. 58. 28.140],4,B0054,173,6734,06734.csv,70
6735,[2010. 9. 22. 1. 41. 32.187],4,B0054,175,6736,06736.csv,71
6737,[2010. 9. 22. 5. 24. 23.734],4,B0054,177,6738,06738.csv,72
6739,[2010. 9. 22. 9. 6. 33.937],4,B0054,179,6740,06740.csv,73
6742,[2010. 9. 22. 13. 25. 4.078],4,B0054,182,6743,06743.csv,74
6745,[2010. 9. 22. 17. 43. 16.453],4,B0054,185,6746,06746.csv,75
6747,[2010. 9. 22. 21. 25. 52.718],4,B0054,187,6748,06748.csv,76
6749,[2010. 9. 23. 1. 7. 46.453],4,B0054,189,6750,06750.csv,77
6751,[2010. 9. 23. 4. 49. 59.390],4,B0054,191,6752,06752.csv,78
6754,[2010. 9. 23. 9. 7. 43.250],4,B0054,194,6755,06755.csv,79
6757,[2010. 9. 23. 13. 25. 43.781],4,B0054,197,6758,06758.csv,80
6759,[2010. 9. 23. 17. 7. 13.640],4,B0054,199,6760,06760.csv,81
6761,[2010. 9. 23. 20. 48. 49.000],4,B0054,201,6762,06762.csv,82
6763,[2010. 9. 24. 0. 30. 30.234],4,B0054,203,6764,06764.csv,83
6766,[2010. 9. 24. 4. 48. 6.765],4,B0054,206,6767,06767.csv,84
6769,[2010. 9. 24. 9. 5. 40.015],4,B0054,209,6770,06770.csv,85
6771,[2010. 9. 24. 12. 47. 29.312],4,B0054,211,6772,06772.csv,86
6773,[2010. 9. 24. 16. 28. 59.265],4,B0054,213,6774,06774.csv,87
6775,[2010. 9. 24. 20. 10. 9.953],4,B0054,215,6776,06776.csv,88
6778,[2010. 9. 25. 0. 27. 44.859],4,B0054,218,6779,06779.csv,89
6782,[2010. 9. 28. 13. 0. 15.890],4,B0054,222,6783,06783.csv,90
6785,[2010. 9. 28. 17. 20. 8.734],4,B0054,225,6786,06786.csv,91
6787,[2010. 9. 28. 21. 4. 5.953],4,B0054,227,6788,06788.csv,92
6789,[2010. 9. 29. 0. 47. 0.843],4,B0054,229,6790,06790.csv,93
6791,[2010. 9. 29. 4. 29. 50.859],4,B0054,231,6792,06792.csv,94
6794,[2010. 9. 29. 8. 48. 28.531],4,B0054,234,6795,06795.csv,95
6797,[2010. 9. 29. 13. 6. 49.296],4,B0054,237,6798,06798.csv,96
6799,[2010. 9. 29. 16. 49. 33.218],4,B0054,239,6800,06800.csv,97
6801,[2010. 9. 29. 20. 31. 38.875],4,B0054,241,6802,06802.csv,98
6803,[2010. 9. 30. 0. 13. 58.171],4,B0054,243,6804,06804.csv,99
6806,[2010. 9. 30. 4. 31. 22.796],4,B0054,246,6807,06807.csv,100
6809,[2010. 9. 30. 8. 48. 54.250],4,B0054,249,6810,06810.csv,101
6811,[2010. 9. 30. 12. 31. 10.171],4,B0054,251,6812,06812.csv,102
6815,[2010. 9. 3. 13. 31. 57.625],4,B0055,2,6816,06816.csv,1
6818,[2010. 9. 3. 17. 57. 17.250],4,B0055,5,6819,06819.csv,2
6820,[2010. 9. 3. 21. 46. 44.656],4,B0055,7,6821,06821.csv,3
6822,[2010. 9. 4. 1. 34. 26.531],4,B0055,9,6823,06823.csv,4
6824,[2010. 9. 4. 5. 23. 21.515],4,B0055,11,6825,06825.csv,5
6827,[2010. 9. 4. 9. 46. 0.546],4,B0055,14,6828,06828.csv,6
6830,[2010. 9. 4. 14. 6. 24.109],4,B0055,17,6831,06831.csv,7
6832,[2010. 9. 4. 17. 49. 40.140],4,B0055,19,6833,06833.csv,8
6834,[2010. 9. 4. 21. 37. 22.484],4,B0055,21,6835,06835.csv,9
6836,[2010. 9. 5. 1. 24. 28.468],4,B0055,23,6837,06837.csv,10
6839,[2010. 9. 5. 5. 42. 37.078],4,B0055,26,6840,06840.csv,11
6842,[2010. 9. 5. 10. 5. 24.687],4,B0055,29,6843,06843.csv,12
6844,[2010. 9. 5. 13. 51. 37.406],4,B0055,31,6845,06845.csv,13
6846,[2010. 9. 5. 17. 38. 9.718],4,B0055,33,6847,06847.csv,14
6848,[2010. 9. 5. 21. 24. 24.046],4,B0055,35,6849,06849.csv,15
6851,[2010. 9. 6. 1. 46. 17.296],4,B0055,38,6852,06852.csv,16
6854,[2010. 9. 6. 6. 7. 21.890],4,B0055,41,6855,06855.csv,17
6856,[2010. 9. 6. 9. 52. 10.703],4,B0055,43,6857,06857.csv,18
6858,[2010. 9. 6. 13. 37. 22.312],4,B0055,45,6859,06859.csv,19
6860,[2010. 9. 6. 17. 22. 56.859],4,B0055,47,6861,06861.csv,20
6863,[2010. 9. 6. 21. 44. 11.750],4,B0055,50,6864,06864.csv,21
6867,[2010. 9. 9. 17. 25. 2.968],4,B0055,54,6868,06868.csv,22
6870,[2010. 9. 9. 21. 48. 7.734],4,B0055,57,6871,06871.csv,23
6872,[2010. 9. 10. 1. 34. 50.609],4,B0055,59,6873,06873.csv,24
6874,[2010. 9. 10. 5. 20. 43.609],4,B0055,61,6875,06875.csv,25
6876,[2010. 9. 10. 9. 6. 45.796],4,B0055,63,6877,06877.csv,26
6879,[2010. 9. 10. 13. 28. 18.093],4,B0055,66,6880,06880.csv,27
6882,[2010. 9. 10. 17. 49. 42.375],4,B0055,69,6883,06883.csv,28
6884,[2010. 9. 10. 21. 34. 58.687],4,B0055,71,6885,06885.csv,29
6886,[2010. 9. 11. 1. 19. 42.500],4,B0055,73,6887,06887.csv,30
6888,[2010. 9. 11. 5. 4. 36.593],4,B0055,75,6889,06889.csv,31
6891,[2010. 9. 11. 9. 25. 19.390],4,B0055,78,6892,06892.csv,32
6894,[2010. 9. 11. 13. 45. 14.468],4,B0055,81,6895,06895.csv,33
6896,[2010. 9. 11. 17. 29. 53.218],4,B0055,83,6897,06897.csv,34
6898,[2010. 9. 11. 21. 14. 2.187],4,B0055,85,6899,06899.csv,35
6900,[2010. 9. 12. 0. 58. 31.296],4,B0055,87,6901,06901.csv,36
6903,[2010. 9. 12. 5. 18. 1.359],4,B0055,90,6904,06904.csv,37
6906,[2010. 9. 12. 9. 38. 3.171],4,B0055,93,6907,06907.csv,38
6908,[2010. 9. 12. 13. 22. 16.859],4,B0055,95,6909,06909.csv,39
6910,[2010. 9. 12. 17. 6. 9.515],4,B0055,97,6911,06911.csv,40
6912,[2010. 9. 12. 20. 49. 58.468],4,B0055,99,6913,06913.csv,41
6915,[2010. 9. 13. 1. 9. 31.593],4,B0055,102,6916,06916.csv,42
6919,[2010. 9. 14. 13. 26. 0.343],4,B0055,106,6920,06920.csv,43
6922,[2010. 9. 14. 17. 46. 48.031],4,B0055,109,6923,06923.csv,44
6924,[2010. 9. 14. 21. 31. 37.328],4,B0055,111,6925,06925.csv,45
6926,[2010. 9. 15. 1. 16. 6.093],4,B0055,113,6927,06927.csv,46
6928,[2010. 9. 15. 5. 0. 4.750],4,B0055,115,6929,06929.csv,47
6931,[2010. 9. 17. 16. 34. 19.843],4,B0055,118,6932,06932.csv,48
6934,[2010. 9. 17. 20. 55. 26.968],4,B0055,121,6935,06935.csv,49
6936,[2010. 9. 18. 0. 40. 13.437],4,B0055,123,6937,06937.csv,50
6938,[2010. 9. 18. 4. 24. 22.125],4,B0055,125,6939,06939.csv,51
6940,[2010. 9. 18. 8. 8. 20.468],4,B0055,127,6941,06941.csv,52
6943,[2010. 9. 18. 12. 28. 3.796],4,B0055,130,6944,06944.csv,53
6946,[2010. 9. 18. 16. 48. 9.078],4,B0055,133,6947,06947.csv,54
6948,[2010. 9. 18. 20. 32. 11.859],4,B0055,135,6949,06949.csv,55
6950,[2010. 9. 19. 0. 15. 53.859],4,B0055,137,6951,06951.csv,56
6952,[2010. 9. 19. 3. 59. 19.781],4,B0055,139,6953,06953.csv,57
6955,[2010. 9. 19. 8. 18. 42.812],4,B0055,142,6956,06956.csv,58
6958,[2010. 9. 19. 12. 37. 25.421],4,B0055,145,6959,06959.csv,59
6960,[2010. 9. 19. 16. 20. 55.593],4,B0055,147,6961,06961.csv,60
6962,[2010. 9. 19. 20. 4. 0.796],4,B0055,149,6963,06963.csv,61
6964,[2010. 9. 19. 23. 46. 55.921],4,B0055,151,6965,06965.csv,62
6967,[2010. 9. 20. 4. 5. 45.906],4,B0055,154,6968,06968.csv,63
6970,[2010. 9. 20. 8. 24. 15.015],4,B0055,157,6971,06971.csv,64
6972,[2010. 9. 20. 12. 7. 10.968],4,B0055,159,6973,06973.csv,65
6974,[2010. 9. 20. 15. 50. 1.140],4,B0055,161,6975,06975.csv,66
6976,[2010. 9. 20. 19. 32. 6.515],4,B0055,163,6977,06977.csv,67
6979,[2010. 9. 20. 23. 50. 39.718],4,B0055,166,6980,06980.csv,68
6983,[2010. 9. 21. 17. 39. 5.828],4,B0055,170,6984,06984.csv,69
6986,[2010. 9. 21. 21. 58. 28.140],4,B0055,173,6987,06987.csv,70
6988,[2010. 9. 22. 1. 41. 32.187],4,B0055,175,6989,06989.csv,71
6990,[2010. 9. 22. 5. 24. 23.734],4,B0055,177,6991,06991.csv,72
6992,[2010. 9. 22. 9. 6. 33.937],4,B0055,179,6993,06993.csv,73
6995,[2010. 9. 22. 13. 25. 4.078],4,B0055,182,6996,06996.csv,74
6998,[2010. 9. 22. 17. 43. 16.453],4,B0055,185,6999,06999.csv,75
7000,[2010. 9. 22. 21. 25. 52.718],4,B0055,187,7001,07001.csv,76
7002,[2010. 9. 23. 1. 7. 46.453],4,B0055,189,7003,07003.csv,77
7004,[2010. 9. 23. 4. 49. 59.390],4,B0055,191,7005,07005.csv,78
7007,[2010. 9. 23. 9. 7. 43.250],4,B0055,194,7008,07008.csv,79
7010,[2010. 9. 23. 13. 25. 43.781],4,B0055,197,7011,07011.csv,80
7012,[2010. 9. 23. 17. 7. 13.640],4,B0055,199,7013,07013.csv,81
7014,[2010. 9. 23. 20. 48. 49.000],4,B0055,201,7015,07015.csv,82
7016,[2010. 9. 24. 0. 30. 30.234],4,B0055,203,7017,07017.csv,83
7019,[2010. 9. 24. 4. 48. 6.765],4,B0055,206,7020,07020.csv,84
7022,[2010. 9. 24. 9. 5. 40.015],4,B0055,209,7023,07023.csv,85
7024,[2010. 9. 24. 12. 47. 29.312],4,B0055,211,7025,07025.csv,86
7026,[2010. 9. 24. 16. 28. 59.265],4,B0055,213,7027,07027.csv,87
7028,[2010. 9. 24. 20. 10. 9.953],4,B0055,215,7029,07029.csv,88
7031,[2010. 9. 25. 0. 27. 44.859],4,B0055,218,7032,07032.csv,89
7035,[2010. 9. 28. 13. 0. 15.890],4,B0055,222,7036,07036.csv,90
7038,[2010. 9. 28. 17. 20. 8.734],4,B0055,225,7039,07039.csv,91
7040,[2010. 9. 28. 21. 4. 5.953],4,B0055,227,7041,07041.csv,92
7042,[2010. 9. 29. 0. 47. 0.843],4,B0055,229,7043,07043.csv,93
7044,[2010. 9. 29. 4. 29. 50.859],4,B0055,231,7045,07045.csv,94
7047,[2010. 9. 29. 8. 48. 28.531],4,B0055,234,7048,07048.csv,95
7050,[2010. 9. 29. 13. 6. 49.296],4,B0055,237,7051,07051.csv,96
7052,[2010. 9. 29. 16. 49. 33.218],4,B0055,239,7053,07053.csv,97
7054,[2010. 9. 29. 20. 31. 38.875],4,B0055,241,7055,07055.csv,98
7056,[2010. 9. 30. 0. 13. 58.171],4,B0055,243,7057,07057.csv,99
7059,[2010. 9. 30. 4. 31. 22.796],4,B0055,246,7060,07060.csv,100
7062,[2010. 9. 30. 8. 48. 54.250],4,B0055,249,7063,07063.csv,101
7064,[2010. 9. 30. 12. 31. 10.171],4,B0055,251,7065,07065.csv,102
7067,[2010. 9. 3. 13. 31. 57.625],4,B0056,2,7068,07068.csv,1
7070,[2010. 9. 3. 17. 57. 17.250],4,B0056,5,7071,07071.csv,2
7072,[2010. 9. 3. 21. 46. 44.656],4,B0056,7,7073,07073.csv,3
7074,[2010. 9. 4. 1. 34. 26.531],4,B0056,9,7075,07075.csv,4
7076,[2010. 9. 4. 5. 23. 21.515],4,B0056,11,7077,07077.csv,5
7079,[2010. 9. 4. 9. 46. 0.546],4,B0056,14,7080,07080.csv,6
7082,[2010. 9. 4. 14. 6. 24.109],4,B0056,17,7083,07083.csv,7
7084,[2010. 9. 4. 17. 49. 40.140],4,B0056,19,7085,07085.csv,8
7086,[2010. 9. 4. 21. 37. 22.484],4,B0056,21,7087,07087.csv,9
7088,[2010. 9. 5. 1. 24. 28.468],4,B0056,23,7089,07089.csv,10
7091,[2010. 9. 5. 5. 42. 37.078],4,B0056,26,7092,07092.csv,11
7094,[2010. 9. 5. 10. 5. 24.687],4,B0056,29,7095,07095.csv,12
7096,[2010. 9. 5. 13. 51. 37.406],4,B0056,31,7097,07097.csv,13
7098,[2010. 9. 5. 17. 38. 9.718],4,B0056,33,7099,07099.csv,14
7100,[2010. 9. 5. 21. 24. 24.046],4,B0056,35,7101,07101.csv,15
7103,[2010. 9. 6. 1. 46. 17.296],4,B0056,38,7104,07104.csv,16
7106,[2010. 9. 6. 6. 7. 21.890],4,B0056,41,7107,07107.csv,17
7108,[2010. 9. 6. 9. 52. 10.703],4,B0056,43,7109,07109.csv,18
7110,[2010. 9. 6. 13. 37. 22.312],4,B0056,45,7111,07111.csv,19
7112,[2010. 9. 6. 17. 22. 56.859],4,B0056,47,7113,07113.csv,20
7115,[2010. 9. 6. 21. 44. 11.750],4,B0056,50,7116,07116.csv,21
7119,[2010. 9. 9. 17. 25. 2.968],4,B0056,54,7120,07120.csv,22
7122,[2010. 9. 9. 21. 48. 7.734],4,B0056,57,7123,07123.csv,23
7124,[2010. 9. 10. 1. 34. 50.609],4,B0056,59,7125,07125.csv,24
7126,[2010. 9. 10. 5. 20. 43.609],4,B0056,61,7127,07127.csv,25
7128,[2010. 9. 10. 9. 6. 45.796],4,B0056,63,7129,07129.csv,26
7131,[2010. 9. 10. 13. 28. 18.093],4,B0056,66,7132,07132.csv,27
7134,[2010. 9. 10. 17. 49. 42.375],4,B0056,69,7135,07135.csv,28
7136,[2010. 9. 10. 21. 34. 58.687],4,B0056,71,7137,07137.csv,29
7138,[2010. 9. 11. 1. 19. 42.500],4,B0056,73,7139,07139.csv,30
7140,[2010. 9. 11. 5. 4. 36.593],4,B0056,75,7141,07141.csv,31
7143,[2010. 9. 11. 9. 25. 19.390],4,B0056,78,7144,07144.csv,32
7146,[2010. 9. 11. 13. 45. 14.468],4,B0056,81,7147,07147.csv,33
7148,[2010. 9. 11. 17. 29. 53.218],4,B0056,83,7149,07149.csv,34
7150,[2010. 9. 11. 21. 14. 2.187],4,B0056,85,7151,07151.csv,35
7152,[2010. 9. 12. 0. 58. 31.296],4,B0056,87,7153,07153.csv,36
7155,[2010. 9. 12. 5. 18. 1.359],4,B0056,90,7156,07156.csv,37
7158,[2010. 9. 12. 9. 38. 3.171],4,B0056,93,7159,07159.csv,38
7160,[2010. 9. 12. 13. 22. 16.859],4,B0056,95,7161,07161.csv,39
7162,[2010. 9. 12. 17. 6. 9.515],4,B0056,97,7163,07163.csv,40
7164,[2010. 9. 12. 20. 49. 58.468],4,B0056,99,7165,07165.csv,41
7167,[2010. 9. 13. 1. 9. 31.593],4,B0056,102,7168,07168.csv,42
7171,[2010. 9. 14. 13. 26. 0.343],4,B0056,106,7172,07172.csv,43
7174,[2010. 9. 14. 17. 46. 48.031],4,B0056,109,7175,07175.csv,44
7176,[2010. 9. 14. 21. 31. 37.328],4,B0056,111,7177,07177.csv,45
7178,[2010. 9. 15. 1. 16. 6.093],4,B0056,113,7179,07179.csv,46
7180,[2010. 9. 15. 5. 0. 4.750],4,B0056,115,7181,07181.csv,47
7183,[2010. 9. 17. 16. 34. 19.843],4,B0056,118,7184,07184.csv,48
7186,[2010. 9. 17. 20. 55. 26.968],4,B0056,121,7187,07187.csv,49
7188,[2010. 9. 18. 0. 40. 13.437],4,B0056,123,7189,07189.csv,50
7190,[2010. 9. 18. 4. 24. 22.125],4,B0056,125,7191,07191.csv,51
7192,[2010. 9. 18. 8. 8. 20.468],4,B0056,127,7193,07193.csv,52
7195,[2010. 9. 18. 12. 28. 3.796],4,B0056,130,7196,07196.csv,53
7198,[2010. 9. 18. 16. 48. 9.078],4,B0056,133,7199,07199.csv,54
7200,[2010. 9. 18. 20. 32. 11.859],4,B0056,135,7201,07201.csv,55
7202,[2010. 9. 19. 0. 15. 53.859],4,B0056,137,7203,07203.csv,56
7204,[2010. 9. 19. 3. 59. 19.781],4,B0056,139,7205,07205.csv,57
7207,[2010. 9. 19. 8. 18. 42.812],4,B0056,142,7208,07208.csv,58
7210,[2010. 9. 19. 12. 37. 25.421],4,B0056,145,7211,07211.csv,59
7212,[2010. 9. 19. 16. 20. 55.593],4,B0056,147,7213,07213.csv,60
7214,[2010. 9. 19. 20. 4. 0.796],4,B0056,149,7215,07215.csv,61
7216,[2010. 9. 19. 23. 46. 55.921],4,B0056,151,7217,07217.csv,62
7219,[2010. 9. 20. 4. 5. 45.906],4,B0056,154,7220,07220.csv,63
7222,[2010. 9. 20. 8. 24. 15.015],4,B0056,157,7223,07223.csv,64
7224,[2010. 9. 20. 12. 7. 10.968],4,B0056,159,7225,07225.csv,65
7226,[2010. 9. 20. 15. 50. 1.140],4,B0056,161,7227,07227.csv,66
7228,[2010. 9. 20. 19. 32. 6.515],4,B0056,163,7229,07229.csv,67
7231,[2010. 9. 20. 23. 50. 39.718],4,B0056,166,7232,07232.csv,68
7235,[2010. 9. 21. 17. 39. 5.828],4,B0056,170,7236,07236.csv,69
7238,[2010. 9. 21. 21. 58. 28.140],4,B0056,173,7239,07239.csv,70
7240,[2010. 9. 22. 1. 41. 32.187],4,B0056,175,7241,07241.csv,71
7242,[2010. 9. 22. 5. 24. 23.734],4,B0056,177,7243,07243.csv,72
7244,[2010. 9. 22. 9. 6. 33.937],4,B0056,179,7245,07245.csv,73
7247,[2010. 9. 22. 13. 25. 4.078],4,B0056,182,7248,07248.csv,74
7250,[2010. 9. 22. 17. 43. 16.453],4,B0056,185,7251,07251.csv,75
7252,[2010. 9. 22. 21. 25. 52.718],4,B0056,187,7253,07253.csv,76
7254,[2010. 9. 23. 1. 7. 46.453],4,B0056,189,7255,07255.csv,77
7256,[2010. 9. 23. 4. 49. 59.390],4,B0056,191,7257,07257.csv,78
7259,[2010. 9. 23. 9. 7. 43.250],4,B0056,194,7260,07260.csv,79
7262,[2010. 9. 23. 13. 25. 43.781],4,B0056,197,7263,07263.csv,80
7264,[2010. 9. 23. 17. 7. 13.640],4,B0056,199,7265,07265.csv,81
7266,[2010. 9. 23. 20. 48. 49.000],4,B0056,201,7267,07267.csv,82
7268,[2010. 9. 24. 0. 30. 30.234],4,B0056,203,7269,07269.csv,83
7271,[2010. 9. 24. 4. 48. 6.765],4,B0056,206,7272,07272.csv,84
7274,[2010. 9. 24. 9. 5. 40.015],4,B0056,209,7275,07275.csv,85
7276,[2010. 9. 24. 12. 47. 29.312],4,B0056,211,7277,07277.csv,86
7278,[2010. 9. 24. 16. 28. 59.265],4,B0056,213,7279,07279.csv,87
7280,[2010. 9. 24. 20. 10. 9.953],4,B0056,215,7281,07281.csv,88
7283,[2010. 9. 25. 0. 27. 44.859],4,B0056,218,7284,07284.csv,89
7287,[2010. 9. 28. 13. 0. 15.890],4,B0056,222,7288,07288.csv,90
7290,[2010. 9. 28. 17. 20. 8.734],4,B0056,225,7291,07291.csv,91
7292,[2010. 9. 28. 21. 4. 5.953],4,B0056,227,7293,07293.csv,92
7294,[2010. 9. 29. 0. 47. 0.843],4,B0056,229,7295,07295.csv,93
7296,[2010. 9. 29. 4. 29. 50.859],4,B0056,231,7297,07297.csv,94
7299,[2010. 9. 29. 8. 48. 28.531],4,B0056,234,7300,07300.csv,95
7302,[2010. 9. 29. 13. 6. 49.296],4,B0056,237,7303,07303.csv,96
7304,[2010. 9. 29. 16. 49. 33.218],4,B0056,239,7305,07305.csv,97
7306,[2010. 9. 29. 20. 31. 38.875],4,B0056,241,7307,07307.csv,98
7308,[2010. 9. 30. 0. 13. 58.171],4,B0056,243,7309,07309.csv,99
7311,[2010. 9. 30. 4. 31. 22.796],4,B0056,246,7312,07312.csv,100
7314,[2010. 9. 30. 8. 48. 54.250],4,B0056,249,7315,07315.csv,101
7316,[2010. 9. 30. 12. 31. 10.171],4,B0056,251,7317,07317.csv,102
