,start_time,ambient_temperature,battery_id,test_id,uid,filename,Capacity,cycle_number
1,[2008. 4. 2. 15. 25. 41.593],24,B0005,1,2,00002.csv,1.8564874208181572,1
3,[2008. 4. 2. 19. 43. 48.406],24,B0005,3,4,00004.csv,1.846327249719927,2
5,[2008. 4. 3. 0. 1. 6.687],24,B0005,5,6,00006.csv,1.835349194223408,3
7,[2008. 4. 3. 4. 16. 37.375],24,B0005,7,8,00008.csv,1.8352625275821128,4
9,[2008. 4. 3. 8. 33. 25.703],24,B0005,9,10,00010.csv,1.8346455082120416,5
11,[2008. 4. 3. 12. 55. 10.687],24,B0005,11,12,00012.csv,1.8356616600675493,6
13,[2008. 4. 3. 17. 17. 16.015],24,B0005,13,14,00014.csv,1.8351461429226603,7
15,[2008. 4. 3. 21. 28. 14.718],24,B0005,15,16,00016.csv,1.8257567905665535,8
17,[2008. 4. 4. 1. 38. 15.218],24,B0005,17,18,00018.csv,1.8247738529891333,9
19,[2008. 4. 4. 5. 48. 8.609],24,B0005,19,20,00020.csv,1.824613268496936,10
21,[2008. 4. 4. 9. 57. 19.765],24,B0005,21,22,00022.csv,1.8246195526864504,11
24,[2008. 4. 4. 17. 56. 27.609],24,B0005,24,25,00025.csv,1.814201935767392,12
26,[2008. 4. 4. 22. 1. 54.671],24,B0005,26,27,00027.csv,1.8137521577549052,13
28,[2008. 4. 5. 2. 20. 26.703],24,B0005,28,29,00029.csv,1.8134404914735824,14
30,[2008. 4. 5. 6. 25. 1.890],24,B0005,30,31,00031.csv,1.8025980036306504,15
32,[2008. 4. 5. 10. 30. 32.312],24,B0005,32,33,00033.csv,1.80210690024615,16
34,[2008. 4. 5. 14. 34. 41.468],24,B0005,34,35,00035.csv,1.802579500826209,17
36,[2008. 4. 5. 18. 39. 25.218],24,B0005,36,37,00037.csv,1.8030683142834096,18
38,[2008. 4. 5. 22. 46. 35.484],24,B0005,38,39,00039.csv,1.802777624719604,19
41,[2008. 4. 18. 21. 10. 19.796],24,B0005,41,42,00042.csv,1.8470259949329195,20
45,[2008. 4. 19. 2. 29. 9.000],24,B0005,45,46,00046.csv,1.847417311283644,21
49,[2008. 4. 19. 7. 47. 15.703],24,B0005,49,50,00050.csv,1.8361774213478947,22
53,[2008. 4. 19. 13. 1. 42.562],24,B0005,53,54,00054.csv,1.825780747577624,23
57,[2008. 4. 19. 18. 27. 29.828],24,B0005,57,58,00058.csv,1.8251136435078368,24
61,[2008. 4. 19. 23. 41. 55.687],24,B0005,61,62,00062.csv,1.825581504220376,25
65,[2008. 4. 20. 4. 54. 41.734],24,B0005,65,66,00066.csv,1.814031127508391,26
69,[2008. 4. 20. 10. 16. 28.859],24,B0005,69,70,00070.csv,1.8147691941158937,27
73,[2008. 4. 20. 15. 37. 5.281],24,B0005,73,74,00074.csv,1.813969388710352,28
77,[2008. 4. 20. 20. 50. 38.921],24,B0005,77,78,00078.csv,1.802765665167823,29
81,[2008. 4. 21. 2. 15. 2.921],24,B0005,81,82,00082.csv,1.804077040117352,30
85,[2008. 4. 22. 15. 33. 49.875],24,B0005,85,86,00086.csv,1.8518025516704488,31
89,[2008. 4. 22. 20. 26. 18.921],24,B0005,89,90,00090.csv,1.8307038456739428,32
93,[2008. 4. 23. 1. 18. 11.796],24,B0005,93,94,00094.csv,1.8199041089501269,33
97,[2008. 4. 23. 6. 18. 19.921],24,B0005,97,98,00098.csv,1.809307963702852,34
101,[2008. 4. 23. 11. 8. 0.312],24,B0005,101,102,00102.csv,1.80460990458052,35
105,[2008. 4. 23. 16. 6. 25.171],24,B0005,105,106,00106.csv,1.7993770651972192,36
109,[2008. 4. 23. 21. 2. 58.296],24,B0005,109,110,00110.csv,1.7884432335370462,37
113,[2008. 4. 24. 1. 51. 33.890],24,B0005,113,114,00114.csv,1.7829230484252725,38
117,[2008. 4. 24. 6. 50. 0.031],24,B0005,117,118,00118.csv,1.7730337158018288,39
121,[2008. 4. 24. 11. 49. 24.281],24,B0005,121,122,00122.csv,1.773037755078937,40
125,[2008. 4. 24. 16. 45. 56.015],24,B0005,125,126,00126.csv,1.7678721106662054,41
129,[2008. 4. 24. 21. 38. 11.078],24,B0005,129,130,00130.csv,1.762315070409309,42
133,[2008. 4. 25. 12. 3. 44.093],24,B0005,133,134,00134.csv,1.7676172924938447,43
135,[2008. 4. 25. 20. 3. 55.921],24,B0005,135,136,00136.csv,1.762668359743147,44
139,[2008. 4. 26. 1. 4. 35.718],24,B0005,139,140,00140.csv,1.7517304870664143,45
143,[2008. 4. 26. 5. 57. 35.140],24,B0005,143,144,00144.csv,1.7418496047960008,46
147,[2008. 4. 26. 10. 58. 25.843],24,B0005,147,148,00148.csv,1.7360913511847138,47
149,[2008. 4. 29. 12. 15. 56.953],24,B0005,149,150,00150.csv,1.7936240148573608,48
153,[2008. 4. 29. 17. 5. 27.781],24,B0005,153,154,00154.csv,1.7831890223273277,49
157,[2008. 4. 29. 22. 0. 4.750],24,B0005,157,158,00158.csv,1.7673642076278957,50
161,[2008. 4. 30. 2. 43. 55.312],24,B0005,161,162,00162.csv,1.7570177850353066,51
165,[2008. 4. 30. 7. 41. 42.578],24,B0005,165,166,00166.csv,1.7468706179837907,52
169,[2008. 4. 30. 12. 28. 49.265],24,B0005,169,170,00170.csv,1.7417172507457144,53
173,[2008. 4. 30. 17. 20. 16.140],24,B0005,173,174,00174.csv,1.7364225056478186,54
177,[2008. 4. 30. 22. 14. 54.062],24,B0005,177,178,00178.csv,1.7263217239235826,55
181,[2008. 5. 1. 3. 15. 33.140],24,B0005,181,182,00182.csv,1.7158065389330133,56
185,[2008. 5. 1. 8. 16. 3.343],24,B0005,185,186,00186.csv,1.710533351135192,57
189,[2008. 5. 1. 13. 14. 24.875],24,B0005,189,190,00190.csv,1.706014499648521,58
193,[2008. 5. 1. 18. 11. 10.984],24,B0005,193,194,00194.csv,1.7003110272642588,59
197,[2008. 5. 1. 23. 10. 15.265],24,B0005,197,198,00198.csv,1.6945798601797897,60
201,[2008. 5. 2. 3. 53. 34.765],24,B0005,201,202,00202.csv,1.6849029086609286,61
205,[2008. 5. 2. 8. 44. 40.859],24,B0005,205,206,00206.csv,1.6744741591159715,62
209,[2008. 5. 2. 13. 43. 5.093],24,B0005,209,210,00210.csv,1.6745692479879102,63
213,[2008. 5. 2. 19. 7. 48.359],24,B0005,213,214,00214.csv,1.663716375981405,64
215,[2008. 5. 2. 23. 24. 17.687],24,B0005,215,216,00216.csv,1.659013868748246,65
219,[2008. 5. 3. 4. 13. 8.609],24,B0005,219,220,00220.csv,1.6538540573335014,66
223,[2008. 5. 3. 9. 10. 19.812],24,B0005,223,224,00224.csv,1.642653782130131,67
227,[2008. 5. 3. 14. 4. 34.187],24,B0005,227,228,00228.csv,1.6378578430223698,68
231,[2008. 5. 3. 18. 58. 13.468],24,B0005,231,232,00232.csv,1.6327350407099108,69
235,[2008. 5. 3. 23. 42. 30.093],24,B0005,235,236,00236.csv,1.6277528915533617,70
239,[2008. 5. 4. 4. 41. 40.000],24,B0005,239,240,00240.csv,1.622125485521159,71
243,[2008. 5. 4. 9. 40. 11.906],24,B0005,243,244,00244.csv,1.6113256603765849,72
247,[2008. 5. 4. 14. 38. 13.359],24,B0005,247,248,00248.csv,1.6065631397488385,73
251,[2008. 5. 4. 19. 37. 7.890],24,B0005,251,252,00252.csv,1.6015142233917594,74
255,[2008. 5. 5. 0. 35. 53.968],24,B0005,255,256,00256.csv,1.590369231400328,75
259,[2008. 5. 5. 5. 28. 13.937],24,B0005,259,260,00260.csv,1.5857889968242211,76
263,[2008. 5. 5. 11. 41. 31.500],24,B0005,263,264,00264.csv,1.5849430707374117,77
265,[2008. 5. 5. 20. 40. 8.562],24,B0005,265,266,00266.csv,1.5955263892495937,78
269,[2008. 5. 6. 1. 38. 46.265],24,B0005,269,270,00270.csv,1.5747301747801037,79
273,[2008. 5. 6. 6. 37. 6.296],24,B0005,273,274,00274.csv,1.5649019950937946,80
277,[2008. 5. 6. 11. 25. 21.031],24,B0005,277,278,00278.csv,1.5597659473370362,81
281,[2008. 5. 6. 16. 23. 36.296],24,B0005,281,282,00282.csv,1.5594815668184234,82
285,[2008. 5. 6. 21. 21. 49.265],24,B0005,285,286,00286.csv,1.55468935359061,83
289,[2008. 5. 7. 2. 17. 25.156],24,B0005,289,290,00290.csv,1.5488741079890418,84
293,[2008. 5. 7. 7. 4. 2.109],24,B0005,293,294,00294.csv,1.538236598942558,85
297,[2008. 5. 7. 12. 1. 49.906],24,B0005,297,298,00298.csv,1.527914258251028,86
301,[2008. 5. 7. 16. 59. 29.937],24,B0005,301,302,00302.csv,1.5285252629756445,87
305,[2008. 5. 7. 21. 56. 9.656],24,B0005,305,306,00306.csv,1.522647325284378,88
309,[2008. 5. 8. 2. 53. 49.937],24,B0005,309,310,00310.csv,1.5174859938489869,89
312,[2008. 5. 9. 12. 25. 7.000],24,B0005,312,313,00313.csv,1.605818899130659,90
315,[2008. 5. 9. 20. 28. 9.734],24,B0005,315,316,00316.csv,1.5638491446744425,91
319,[2008. 5. 10. 1. 21. 56.500],24,B0005,319,320,00320.csv,1.5480915247767786,92
323,[2008. 5. 10. 6. 18. 12.000],24,B0005,323,324,00324.csv,1.5323755631868592,93
327,[2008. 5. 10. 11. 16. 4.843],24,B0005,327,328,00328.csv,1.5269528268489705,94
331,[2008. 5. 10. 16. 11. 56.109],24,B0005,331,332,00332.csv,1.5169573017136326,95
335,[2008. 5. 10. 21. 7. 54.625],24,B0005,335,336,00336.csv,1.511897596014269,96
339,[2008. 5. 11. 2. 5. 21.796],24,B0005,339,340,00340.csv,1.5065638960681105,97
343,[2008. 5. 11. 6. 55. 27.734],24,B0005,343,344,00344.csv,1.5015453526671363,98
347,[2008. 5. 11. 11. 52. 47.187],24,B0005,347,348,00348.csv,1.4908444050400238,99
351,[2008. 5. 11. 16. 49. 58.921],24,B0005,351,352,00352.csv,1.485868384561201,100
355,[2008. 5. 11. 21. 47. 12.843],24,B0005,355,356,00356.csv,1.480413677976106,101
359,[2008. 5. 12. 2. 36. 58.921],24,B0005,359,360,00360.csv,1.4752095869031632,102
363,[2008. 5. 12. 12. 56. 34.781],24,B0005,363,364,00364.csv,1.4859035988304024,103
366,[2008. 5. 12. 18. 59. 59.453],24,B0005,366,367,00367.csv,1.4960918298136696,104
370,[2008. 5. 12. 23. 53. 17.609],24,B0005,370,371,00371.csv,1.4808005946928984,105
374,[2008. 5. 13. 4. 35. 25.359],24,B0005,374,375,00375.csv,1.4697543268466824,106
378,[2008. 5. 13. 9. 24. 4.718],24,B0005,378,379,00379.csv,1.4539012274845928,107
382,[2008. 5. 13. 14. 20. 24.937],24,B0005,382,383,00383.csv,1.454146206723569,108
386,[2008. 5. 13. 19. 4. 20.531],24,B0005,386,387,00387.csv,1.455023751906683,109
390,[2008. 5. 13. 23. 59. 26.015],24,B0005,390,391,00391.csv,1.449042163761236,110
394,[2008. 5. 14. 4. 55. 57.453],24,B0005,394,395,00395.csv,1.4386709371480566,111
398,[2008. 5. 14. 9. 52. 22.062],24,B0005,398,399,00399.csv,1.433445432156979,112
402,[2008. 5. 14. 14. 35. 22.515],24,B0005,402,403,00403.csv,1.4333958900838095,113
406,[2008. 5. 14. 19. 31. 39.390],24,B0005,406,407,00407.csv,1.42806487344776,114
410,[2008. 5. 15. 0. 27. 55.625],24,B0005,410,411,00411.csv,1.4229203181741186,115
414,[2008. 5. 15. 5. 24. 4.890],24,B0005,414,415,00415.csv,1.417429032731308,116
418,[2008. 5. 15. 10. 20. 3.875],24,B0005,418,419,00419.csv,1.412409228794446,117
422,[2008. 5. 15. 15. 10. 59.437],24,B0005,422,423,00423.csv,1.412578792940193,118
426,[2008. 5. 15. 19. 56. 47.390],24,B0005,426,427,00427.csv,1.4075983731469897,119
430,[2008. 5. 16. 16. 54. 59.812],24,B0005,430,431,00431.csv,1.4333920485221476,120
432,[2008. 5. 16. 21. 37. 39.671],24,B0005,432,433,00433.csv,1.4382550176792908,121
436,[2008. 5. 17. 2. 32. 13.968],24,B0005,436,437,00437.csv,1.4173547174485526,122
440,[2008. 5. 17. 7. 25. 19.906],24,B0005,440,441,00441.csv,1.406981663677643,123
444,[2008. 5. 17. 12. 21. 15.890],24,B0005,444,445,00445.csv,1.4012037783587623,124
448,[2008. 5. 17. 17. 15. 37.281],24,B0005,448,449,00449.csv,1.3967008232726328,125
452,[2008. 5. 17. 22. 10. 51.218],24,B0005,452,453,00453.csv,1.391284788852726,126
456,[2008. 5. 18. 3. 5. 19.265],24,B0005,456,457,00457.csv,1.3862287677978349,127
460,[2008. 5. 18. 8. 0. 50.421],24,B0005,460,461,00461.csv,1.3804366761974138,128
464,[2008. 5. 18. 12. 44. 48.437],24,B0005,464,465,00465.csv,1.3752364150256224,129
468,[2008. 5. 18. 17. 36. 29.734],24,B0005,468,469,00469.csv,1.3705128024895008,130
472,[2008. 5. 18. 22. 31. 45.515],24,B0005,472,473,00473.csv,1.37050855662704,131
476,[2008. 5. 19. 3. 27. 7.765],24,B0005,476,477,00477.csv,1.3647355108681518,132
480,[2008. 5. 19. 15. 34. 33.625],24,B0005,480,481,00481.csv,1.375392016895762,133
482,[2008. 5. 19. 20. 59. 48.437],24,B0005,482,483,00483.csv,1.3861115151535393,134
484,[2008. 5. 20. 1. 16. 42.609],24,B0005,484,485,00485.csv,1.369850003583894,135
488,[2008. 5. 20. 6. 12. 6.265],24,B0005,488,489,00489.csv,1.3647827949260758,136
492,[2008. 5. 20. 11. 7. 23.453],24,B0005,492,493,00493.csv,1.3543220466259964,137
496,[2008. 5. 20. 15. 57. 27.312],24,B0005,496,497,00497.csv,1.3546417018378962,138
500,[2008. 5. 20. 20. 50. 39.015],24,B0005,500,501,00501.csv,1.354703921319241,139
504,[2008. 5. 21. 1. 39. 38.968],24,B0005,504,505,00505.csv,1.349314997503458,140
508,[2008. 5. 21. 6. 24. 27.281],24,B0005,508,509,00509.csv,1.3441891937970554,141
512,[2008. 5. 21. 11. 18. 6.015],24,B0005,512,513,00513.csv,1.3389913790695755,142
516,[2008. 5. 21. 16. 10. 21.203],24,B0005,516,517,00517.csv,1.3389145230206971,143
520,[2008. 5. 21. 21. 2. 9.781],24,B0005,520,521,00521.csv,1.3340066759761655,144
524,[2008. 5. 22. 1. 42. 59.218],24,B0005,524,525,00525.csv,1.3286444309174914,145
528,[2008. 5. 22. 6. 32. 40.921],24,B0005,528,529,00529.csv,1.323170899227622,146
532,[2008. 5. 22. 11. 23. 22.187],24,B0005,532,533,00533.csv,1.3181691588445197,147
536,[2008. 5. 22. 16. 17. 58.890],24,B0005,536,537,00537.csv,1.3184664436640334,148
540,[2008. 5. 22. 20. 59. 50.203],24,B0005,540,541,00541.csv,1.318293040102702,149
544,[2008. 5. 23. 12. 13. 16.359],24,B0005,544,545,00545.csv,1.323872422244268,150
547,[2008. 5. 23. 20. 14. 29.875],24,B0005,547,548,00548.csv,1.3601216766554785,151
551,[2008. 5. 24. 1. 9. 21.562],24,B0005,551,552,00552.csv,1.3395306867947354,152
555,[2008. 5. 24. 6. 0. 20.156],24,B0005,555,556,00556.csv,1.3290286565120697,153
559,[2008. 5. 24. 10. 42. 50.484],24,B0005,559,560,00560.csv,1.3236741274998955,154
563,[2008. 5. 24. 15. 31. 10.593],24,B0005,563,564,00564.csv,1.318633896753293,155
567,[2008. 5. 24. 20. 21. 13.437],24,B0005,567,568,00568.csv,1.3134751321324272,156
571,[2008. 5. 25. 1. 6. 49.828],24,B0005,571,572,00572.csv,1.3132020634442203,157
575,[2008. 5. 25. 5. 57. 17.890],24,B0005,575,576,00576.csv,1.3077959946944353,158
579,[2008. 5. 25. 10. 51. 37.015],24,B0005,579,580,00580.csv,1.3030329186405918,159
583,[2008. 5. 25. 15. 37. 8.890],24,B0005,583,584,00584.csv,1.3033573559038203,160
587,[2008. 5. 25. 20. 23. 4.453],24,B0005,587,588,00588.csv,1.3034100438655642,161
591,[2008. 5. 26. 1. 13. 2.796],24,B0005,591,592,00592.csv,1.2978870806495706,162
595,[2008. 5. 26. 6. 1. 8.171],24,B0005,595,596,00596.csv,1.2980735056918902,163
599,[2008. 5. 26. 10. 44. 38.468],24,B0005,599,600,00600.csv,1.293463613844243,164
603,[2008. 5. 26. 15. 30. 43.968],24,B0005,603,604,00604.csv,1.288003392619118,165
607,[2008. 5. 26. 20. 21. 4.921],24,B0005,607,608,00608.csv,1.2874525221379407,166
611,[2008. 5. 27. 15. 52. 41.359],24,B0005,611,612,00612.csv,1.3090153642307354,167
613,[2008. 5. 27. 20. 45. 42.125],24,B0005,613,614,00614.csv,1.3250793286429356,168
617,[2008. 4. 2. 15. 25. 41.593],24,B0006,1,618,00618.csv,2.035337591005598,1
619,[2008. 4. 2. 19. 43. 48.406],24,B0006,3,620,00620.csv,2.025140246031412,2
621,[2008. 4. 3. 0. 1. 6.687],24,B0006,5,622,00622.csv,2.013326371345464,3
623,[2008. 4. 3. 4. 16. 37.375],24,B0006,7,624,00624.csv,2.0132846655407413,4
625,[2008. 4. 3. 8. 33. 25.703],24,B0006,9,626,00626.csv,2.000528337624771,5
627,[2008. 4. 3. 12. 55. 10.687],24,B0006,11,628,00628.csv,2.0138990759931645,6
629,[2008. 4. 3. 17. 17. 16.015],24,B0006,13,630,00630.csv,2.013101105626967,7
631,[2008. 4. 3. 21. 28. 14.718],24,B0006,15,632,00632.csv,1.96878982627284,8
633,[2008. 4. 4. 1. 38. 15.218],24,B0006,17,634,00634.csv,1.9681661764334244,9
635,[2008. 4. 4. 5. 48. 8.609],24,B0006,19,636,00636.csv,1.9572307917560536,10
637,[2008. 4. 4. 9. 57. 19.765],24,B0006,21,638,00638.csv,1.9455991514129352,11
640,[2008. 4. 4. 17. 56. 27.609],24,B0006,24,641,00641.csv,1.934750504484113,12
642,[2008. 4. 4. 22. 1. 54.671],24,B0006,26,643,00643.csv,1.9232799539368028,13
644,[2008. 4. 5. 2. 20. 26.703],24,B0006,28,645,00645.csv,1.911889930948487,14
646,[2008. 4. 5. 6. 25. 1.890],24,B0006,30,647,00647.csv,1.9010667141979305,15
648,[2008. 4. 5. 10. 30. 32.312],24,B0006,32,649,00649.csv,1.8891989948061456,16
650,[2008. 4. 5. 14. 34. 41.468],24,B0006,34,651,00651.csv,1.878278372248849,17
652,[2008. 4. 5. 18. 39. 25.218],24,B0006,36,653,00653.csv,1.8675697161520208,18
654,[2008. 4. 5. 22. 46. 35.484],24,B0006,38,655,00655.csv,1.8675892574453767,19
657,[2008. 4. 18. 21. 10. 19.796],24,B0006,41,658,00658.csv,1.979626548250818,20
661,[2008. 4. 19. 2. 29. 9.000],24,B0006,45,662,00662.csv,1.9575499080884025,21
665,[2008. 4. 19. 7. 47. 15.703],24,B0006,49,666,00666.csv,1.9458150170787551,22
669,[2008. 4. 19. 13. 1. 42.562],24,B0006,53,670,00670.csv,1.9242461121680092,23
673,[2008. 4. 19. 18. 27. 29.828],24,B0006,57,674,00674.csv,1.945981133142164,24
677,[2008. 4. 19. 23. 41. 55.687],24,B0006,61,678,00678.csv,1.901407930553079,25
681,[2008. 4. 20. 4. 54. 41.734],24,B0006,65,682,00682.csv,1.878674213680085,26
685,[2008. 4. 20. 10. 16. 28.859],24,B0006,69,686,00686.csv,1.8683061328264217,27
689,[2008. 4. 20. 15. 37. 5.281],24,B0006,73,690,00690.csv,1.8560244070083,28
693,[2008. 4. 20. 20. 50. 38.921],24,B0006,77,694,00694.csv,1.8451997961855775,29
697,[2008. 4. 21. 2. 15. 2.921],24,B0006,81,698,00698.csv,1.857228890885317,30
701,[2008. 4. 22. 15. 33. 49.875],24,B0006,85,702,00702.csv,1.9247760889090637,31
705,[2008. 4. 22. 20. 26. 18.921],24,B0006,89,706,00706.csv,1.8822317526092551,32
709,[2008. 4. 23. 1. 18. 11.796],24,B0006,93,710,00710.csv,1.855276687885587,33
713,[2008. 4. 23. 6. 18. 19.921],24,B0006,97,714,00714.csv,1.839250891718188,34
717,[2008. 4. 23. 11. 8. 0.312],24,B0006,101,718,00718.csv,1.8185396073994429,35
721,[2008. 4. 23. 16. 6. 25.171],24,B0006,105,722,00722.csv,1.8134770059567056,36
725,[2008. 4. 23. 21. 2. 58.296],24,B0006,109,726,00726.csv,1.7971018450305436,37
729,[2008. 4. 24. 1. 51. 33.890],24,B0006,113,730,00730.csv,1.7810046294120476,38
733,[2008. 4. 24. 6. 50. 0.031],24,B0006,117,734,00734.csv,1.7710130422682329,39
737,[2008. 4. 24. 11. 49. 24.281],24,B0006,121,738,00738.csv,1.7604712448170945,40
741,[2008. 4. 24. 16. 45. 56.015],24,B0006,125,742,00742.csv,1.7502913788006589,41
745,[2008. 4. 24. 21. 38. 11.078],24,B0006,129,746,00746.csv,1.7394925037732578,42
749,[2008. 4. 25. 12. 3. 44.093],24,B0006,133,750,00750.csv,1.7546766553637203,43
751,[2008. 4. 25. 20. 3. 55.921],24,B0006,135,752,00752.csv,1.7659390941842177,44
755,[2008. 4. 26. 1. 4. 35.718],24,B0006,139,756,00756.csv,1.7337887419624838,45
759,[2008. 4. 26. 5. 57. 35.140],24,B0006,143,760,00760.csv,1.713325912040734,46
763,[2008. 4. 26. 10. 58. 25.843],24,B0006,147,764,00764.csv,1.7024077813673466,47
765,[2008. 4. 29. 12. 15. 56.953],24,B0006,149,766,00766.csv,1.82371946178183,48
769,[2008. 4. 29. 17. 5. 27.781],24,B0006,153,770,00770.csv,1.8081284050314708,49
773,[2008. 4. 29. 22. 0. 4.750],24,B0006,157,774,00774.csv,1.7757610945034283,50
777,[2008. 4. 30. 2. 43. 55.312],24,B0006,161,778,00778.csv,1.7447409841836798,51
781,[2008. 4. 30. 7. 41. 42.578],24,B0006,165,782,00782.csv,1.729207034132373,52
785,[2008. 4. 30. 12. 28. 49.265],24,B0006,169,786,00786.csv,1.7081086552553244,53
789,[2008. 4. 30. 17. 20. 16.140],24,B0006,173,790,00790.csv,1.6975954237461768,54
793,[2008. 4. 30. 22. 14. 54.062],24,B0006,177,794,00794.csv,1.6820634524029463,55
797,[2008. 5. 1. 3. 15. 33.140],24,B0006,181,798,00798.csv,1.6714768322295086,56
801,[2008. 5. 1. 8. 16. 3.343],24,B0006,185,802,00802.csv,1.6607591387047655,57
805,[2008. 5. 1. 13. 14. 24.875],24,B0006,189,806,00806.csv,1.651121015038069,58
809,[2008. 5. 1. 18. 11. 10.984],24,B0006,193,810,00810.csv,1.640134925619093,59
813,[2008. 5. 1. 23. 10. 15.265],24,B0006,197,814,00814.csv,1.629199941616544,60
817,[2008. 5. 2. 3. 53. 34.765],24,B0006,201,818,00818.csv,1.6088496302961666,61
821,[2008. 5. 2. 8. 44. 40.859],24,B0006,205,822,00822.csv,1.6035244898969248,62
825,[2008. 5. 2. 13. 43. 5.093],24,B0006,209,826,00826.csv,1.5989712144027983,63
829,[2008. 5. 2. 19. 7. 48.359],24,B0006,213,830,00830.csv,1.5876273123575604,64
831,[2008. 5. 2. 23. 24. 17.687],24,B0006,215,832,00832.csv,1.5829719744686166,65
835,[2008. 5. 3. 4. 13. 8.609],24,B0006,219,836,00836.csv,1.567137636713563,66
839,[2008. 5. 3. 9. 10. 19.812],24,B0006,223,840,00840.csv,1.5613446139713882,67
843,[2008. 5. 3. 14. 4. 34.187],24,B0006,227,844,00844.csv,1.551171189279042,68
847,[2008. 5. 3. 18. 58. 13.468],24,B0006,231,848,00848.csv,1.5406741606295171,69
851,[2008. 5. 3. 23. 42. 30.093],24,B0006,235,852,00852.csv,1.5253138744624433,70
855,[2008. 5. 4. 4. 41. 40.000],24,B0006,239,856,00856.csv,1.5301570318067428,71
859,[2008. 5. 4. 9. 40. 11.906],24,B0006,243,860,00860.csv,1.524656683447409,72
863,[2008. 5. 4. 14. 38. 13.359],24,B0006,247,864,00864.csv,1.5145492986655429,73
867,[2008. 5. 4. 19. 37. 7.890],24,B0006,251,868,00868.csv,1.509391504602082,74
871,[2008. 5. 5. 0. 35. 53.968],24,B0006,255,872,00872.csv,1.5039974333050703,75
875,[2008. 5. 5. 5. 28. 13.937],24,B0006,259,876,00876.csv,1.4935201918040188,76
879,[2008. 5. 5. 11. 41. 31.500],24,B0006,263,880,00880.csv,1.4876323024497422,77
881,[2008. 5. 5. 20. 40. 8.562],24,B0006,265,882,00882.csv,1.5302876214401704,78
885,[2008. 5. 6. 1. 38. 46.265],24,B0006,269,886,00886.csv,1.5040760088360112,79
889,[2008. 5. 6. 6. 37. 6.296],24,B0006,273,890,00890.csv,1.4887593608730894,80
893,[2008. 5. 6. 11. 25. 21.031],24,B0006,277,894,00894.csv,1.4782779285546637,81
897,[2008. 5. 6. 16. 23. 36.296],24,B0006,281,898,00898.csv,1.478459982215684,82
901,[2008. 5. 6. 21. 21. 49.265],24,B0006,285,902,00902.csv,1.473214844899973,83
905,[2008. 5. 7. 2. 17. 25.156],24,B0006,289,906,00906.csv,1.4675164935067897,84
909,[2008. 5. 7. 7. 4. 2.109],24,B0006,293,910,00910.csv,1.4516292657521337,85
913,[2008. 5. 7. 12. 1. 49.906],24,B0006,297,914,00914.csv,1.4519237720967175,86
917,[2008. 5. 7. 16. 59. 29.937],24,B0006,301,918,00918.csv,1.4471484694777743,87
921,[2008. 5. 7. 21. 56. 9.656],24,B0006,305,922,00922.csv,1.4468538105659885,88
925,[2008. 5. 8. 2. 53. 49.937],24,B0006,309,926,00926.csv,1.4416741930284678,89
928,[2008. 5. 9. 12. 25. 7.000],24,B0006,312,929,00929.csv,1.5935866593100128,90
931,[2008. 5. 9. 20. 28. 9.734],24,B0006,315,932,00932.csv,1.5463902376915637,91
935,[2008. 5. 10. 1. 21. 56.500],24,B0006,319,936,00936.csv,1.51470559175661,92
939,[2008. 5. 10. 6. 18. 12.000],24,B0006,323,940,00940.csv,1.4989786083335404,93
943,[2008. 5. 10. 11. 16. 4.843],24,B0006,327,944,00944.csv,1.4831110745410492,94
947,[2008. 5. 10. 16. 11. 56.109],24,B0006,331,948,00948.csv,1.4729664825468278,95
951,[2008. 5. 10. 21. 7. 54.625],24,B0006,335,952,00952.csv,1.4627604396099307,96
955,[2008. 5. 11. 2. 5. 21.796],24,B0006,339,956,00956.csv,1.4518364681062514,97
959,[2008. 5. 11. 6. 55. 27.734],24,B0006,343,960,00960.csv,1.4468670644030392,98
963,[2008. 5. 11. 11. 52. 47.187],24,B0006,347,964,00964.csv,1.441380399427779,99
967,[2008. 5. 11. 16. 49. 58.921],24,B0006,351,968,00968.csv,1.431210744960774,100
971,[2008. 5. 11. 21. 47. 12.843],24,B0006,355,972,00972.csv,1.4260247179525716,101
975,[2008. 5. 12. 2. 36. 58.921],24,B0006,359,976,00976.csv,1.420487649966195,102
979,[2008. 5. 12. 12. 56. 34.781],24,B0006,363,980,00980.csv,1.4207006230355006,103
982,[2008. 5. 12. 18. 59. 59.453],24,B0006,366,983,00983.csv,1.452255804330839,104
986,[2008. 5. 12. 23. 53. 17.609],24,B0006,370,987,00987.csv,1.431557632772571,105
990,[2008. 5. 13. 4. 35. 25.359],24,B0006,374,991,00991.csv,1.415015751158943,106
994,[2008. 5. 13. 9. 24. 4.718],24,B0006,378,995,00995.csv,1.4097311506517451,107
998,[2008. 5. 13. 14. 20. 24.937],24,B0006,382,999,00999.csv,1.404917318129309,108
1002,[2008. 5. 13. 19. 4. 20.531],24,B0006,386,1003,01003.csv,1.395164296571563,109
1006,[2008. 5. 13. 23. 59. 26.015],24,B0006,390,1007,01007.csv,1.3945343832614077,110
1010,[2008. 5. 14. 4. 55. 57.453],24,B0006,394,1011,01011.csv,1.3893171179312644,111
1014,[2008. 5. 14. 9. 52. 22.062],24,B0006,398,1015,01015.csv,1.3838379472327809,112
1018,[2008. 5. 14. 14. 35. 22.515],24,B0006,402,1019,01019.csv,1.3736814238195123,113
1022,[2008. 5. 14. 19. 31. 39.390],24,B0006,406,1023,01023.csv,1.3786059891863676,114
1026,[2008. 5. 15. 0. 27. 55.625],24,B0006,410,1027,01027.csv,1.3737600299108574,115
1030,[2008. 5. 15. 5. 24. 4.890],24,B0006,414,1031,01031.csv,1.3682580583942712,116
1034,[2008. 5. 15. 10. 20. 3.875],24,B0006,418,1035,01035.csv,1.3633024037317505,117
1038,[2008. 5. 15. 15. 10. 59.437],24,B0006,422,1039,01039.csv,1.35809661401726,118
1042,[2008. 5. 15. 19. 56. 47.390],24,B0006,426,1043,01043.csv,1.353269090999531,119
1046,[2008. 5. 16. 16. 54. 59.812],24,B0006,430,1047,01047.csv,1.3841605738237488,120
1048,[2008. 5. 16. 21. 37. 39.671],24,B0006,432,1049,01049.csv,1.4051467790651473,121
1052,[2008. 5. 17. 2. 32. 13.968],24,B0006,436,1053,01053.csv,1.378719022627353,122
1056,[2008. 5. 17. 7. 25. 19.906],24,B0006,440,1057,01057.csv,1.3682657783199066,123
1060,[2008. 5. 17. 12. 21. 15.890],24,B0006,444,1061,01061.csv,1.3573151296618016,124
1064,[2008. 5. 17. 17. 15. 37.281],24,B0006,448,1065,01065.csv,1.3524934638801596,125
1068,[2008. 5. 17. 22. 10. 51.218],24,B0006,452,1069,01069.csv,1.3474099151661236,126
1072,[2008. 5. 18. 3. 5. 19.265],24,B0006,456,1073,01073.csv,1.3370075130842318,127
1076,[2008. 5. 18. 8. 0. 50.421],24,B0006,460,1077,01077.csv,1.3312352966718526,128
1080,[2008. 5. 18. 12. 44. 48.437],24,B0006,464,1081,01081.csv,1.3259303781727645,129
1084,[2008. 5. 18. 17. 36. 29.734],24,B0006,468,1085,01085.csv,1.321578743867529,130
1088,[2008. 5. 18. 22. 31. 45.515],24,B0006,472,1089,01089.csv,1.321225074066109,131
1092,[2008. 5. 19. 3. 27. 7.765],24,B0006,476,1093,01093.csv,1.3156485301862682,132
1096,[2008. 5. 19. 15. 34. 33.625],24,B0006,480,1097,01097.csv,1.3209025697502388,133
1098,[2008. 5. 19. 20. 59. 48.437],24,B0006,482,1099,01099.csv,1.3474328767273906,134
1100,[2008. 5. 20. 1. 16. 42.609],24,B0006,484,1101,01101.csv,1.3260128072353616,135
1104,[2008. 5. 20. 6. 12. 6.265],24,B0006,488,1105,01105.csv,1.3101186784831065,136
1108,[2008. 5. 20. 11. 7. 23.453],24,B0006,492,1109,01109.csv,1.30521620229393,137
1112,[2008. 5. 20. 15. 57. 27.312],24,B0006,496,1113,01113.csv,1.3004061951355774,138
1116,[2008. 5. 20. 20. 50. 39.015],24,B0006,500,1117,01117.csv,1.300235735841116,139
1120,[2008. 5. 21. 1. 39. 38.968],24,B0006,504,1121,01121.csv,1.2895066722480757,140
1124,[2008. 5. 21. 6. 24. 27.281],24,B0006,508,1125,01125.csv,1.279253057384795,141
1128,[2008. 5. 21. 11. 18. 6.015],24,B0006,512,1129,01129.csv,1.2792078171714618,142
1132,[2008. 5. 21. 16. 10. 21.203],24,B0006,516,1133,01133.csv,1.274036760902923,143
1136,[2008. 5. 21. 21. 2. 9.781],24,B0006,520,1137,01137.csv,1.2741273923001468,144
1140,[2008. 5. 22. 1. 42. 59.218],24,B0006,524,1141,01141.csv,1.263763942644078,145
1144,[2008. 5. 22. 6. 32. 40.921],24,B0006,528,1145,01145.csv,1.2581373688955233,146
1148,[2008. 5. 22. 11. 23. 22.187],24,B0006,532,1149,01149.csv,1.253259864055301,147
1152,[2008. 5. 22. 16. 17. 58.890],24,B0006,536,1153,01153.csv,1.2532313315493426,148
1156,[2008. 5. 22. 20. 59. 50.203],24,B0006,540,1157,01157.csv,1.2480874960313575,149
1160,[2008. 5. 23. 12. 13. 16.359],24,B0006,544,1161,01161.csv,1.2534354284944844,150
1163,[2008. 5. 23. 20. 14. 29.875],24,B0006,547,1164,01164.csv,1.28980487732669,151
1167,[2008. 5. 24. 1. 9. 21.562],24,B0006,551,1168,01168.csv,1.2635402021758837,152
1171,[2008. 5. 24. 6. 0. 20.156],24,B0006,555,1172,01172.csv,1.2479761706842851,153
1175,[2008. 5. 24. 10. 42. 50.484],24,B0006,559,1176,01176.csv,1.2321202877943334,154
1179,[2008. 5. 24. 15. 31. 10.593],24,B0006,563,1180,01180.csv,1.2271137666213534,155
1183,[2008. 5. 24. 20. 21. 13.437],24,B0006,567,1184,01184.csv,1.2217397581377356,156
1187,[2008. 5. 25. 1. 6. 49.828],24,B0006,571,1188,01188.csv,1.211102678915174,157
1191,[2008. 5. 25. 5. 57. 17.890],24,B0006,575,1192,01192.csv,1.2056159765131735,158
1195,[2008. 5. 25. 10. 51. 37.015],24,B0006,579,1196,01196.csv,1.2008936262717274,159
1199,[2008. 5. 25. 15. 37. 8.890],24,B0006,583,1200,01200.csv,1.1905903985558337,160
1203,[2008. 5. 25. 20. 23. 4.453],24,B0006,587,1204,01204.csv,1.185179251041941,161
1207,[2008. 5. 26. 1. 13. 2.796],24,B0006,591,1208,01208.csv,1.1796706818144624,162
1211,[2008. 5. 26. 6. 1. 8.171],24,B0006,595,1212,01212.csv,1.1745952836753917,163
1215,[2008. 5. 26. 10. 44. 38.468],24,B0006,599,1216,01216.csv,1.15381833159625,164
1219,[2008. 5. 26. 15. 30. 43.968],24,B0006,603,1220,01220.csv,1.1644009557372264,165
1223,[2008. 5. 26. 20. 21. 4.921],24,B0006,607,1224,01224.csv,1.1587974947916069,166
1227,[2008. 5. 27. 15. 52. 41.359],24,B0006,611,1228,01228.csv,1.1749748834769171,167
1229,[2008. 5. 27. 20. 45. 42.125],24,B0006,613,1230,01230.csv,1.1856752327929356,168
1233,[2008. 4. 2. 15. 25. 41.593],24,B0007,1,1234,01234.csv,1.89105229539079,1
1235,[2008. 4. 2. 19. 43. 48.406],24,B0007,3,1236,01236.csv,1.880637027686859,2
1237,[2008. 4. 3. 0. 1. 6.687],24,B0007,5,1238,01238.csv,1.8806626717011388,3
1239,[2008. 4. 3. 4. 16. 37.375],24,B0007,7,1240,01240.csv,1.8807709009833444,4
1241,[2008. 4. 3. 8. 33. 25.703],24,B0007,9,1242,01242.csv,1.8794508728285055,5
1243,[2008. 4. 3. 12. 55. 10.687],24,B0007,11,1244,01244.csv,1.8807003517117404,6
1245,[2008. 4. 3. 17. 17. 16.015],24,B0007,13,1246,01246.csv,1.8799352523566075,7
1247,[2008. 4. 3. 21. 28. 14.718],24,B0007,15,1248,01248.csv,1.88150881240388,8
1249,[2008. 4. 4. 1. 38. 15.218],24,B0007,17,1250,01250.csv,1.8696907870385844,9
1251,[2008. 4. 4. 5. 48. 8.609],24,B0007,19,1252,01252.csv,1.870052380139199,10
1253,[2008. 4. 4. 9. 57. 19.765],24,B0007,21,1254,01254.csv,1.8700442394188577,11
1256,[2008. 4. 4. 17. 56. 27.609],24,B0007,24,1257,01257.csv,1.8596518987766364,12
1258,[2008. 4. 4. 22. 1. 54.671],24,B0007,26,1259,01259.csv,1.8590746560862208,13
1260,[2008. 4. 5. 2. 20. 26.703],24,B0007,28,1261,01261.csv,1.8590084577709232,14
1262,[2008. 4. 5. 6. 25. 1.890],24,B0007,30,1263,01263.csv,1.8593622586957048,15
1264,[2008. 4. 5. 10. 30. 32.312],24,B0007,32,1265,01265.csv,1.8587355450601035,16
1266,[2008. 4. 5. 14. 34. 41.468],24,B0007,34,1267,01267.csv,1.847817291322145,17
1268,[2008. 4. 5. 18. 39. 25.218],24,B0007,36,1269,01269.csv,1.8485252916137047,18
1270,[2008. 4. 5. 22. 46. 35.484],24,B0007,38,1271,01271.csv,1.848378951850034,19
1273,[2008. 4. 18. 21. 10. 19.796],24,B0007,41,1274,01274.csv,1.8807805437609768,20
1277,[2008. 4. 19. 2. 29. 9.000],24,B0007,45,1278,01278.csv,1.88147215974436,21
1281,[2008. 4. 19. 7. 47. 15.703],24,B0007,49,1282,01282.csv,1.8810954313244783,22
1285,[2008. 4. 19. 13. 1. 42.562],24,B0007,53,1286,01286.csv,1.8710089649779995,23
1289,[2008. 4. 19. 18. 27. 29.828],24,B0007,57,1290,01290.csv,1.8701995151941373,24
1293,[2008. 4. 19. 23. 41. 55.687],24,B0007,61,1294,01294.csv,1.8706715362800983,25
1297,[2008. 4. 20. 4. 54. 41.734],24,B0007,65,1298,01298.csv,1.8596124644020169,26
1301,[2008. 4. 20. 10. 16. 28.859],24,B0007,69,1302,01302.csv,1.860033909718346,27
1305,[2008. 4. 20. 15. 37. 5.281],24,B0007,73,1306,01306.csv,1.8591653109160768,28
1309,[2008. 4. 20. 20. 50. 38.921],24,B0007,77,1310,01310.csv,1.8481398178778288,29
1313,[2008. 4. 21. 2. 15. 2.921],24,B0007,81,1314,01314.csv,1.849201702126164,30
1317,[2008. 4. 22. 15. 33. 49.875],24,B0007,85,1318,01318.csv,1.8834677437950849,31
1321,[2008. 4. 22. 20. 26. 18.921],24,B0007,89,1322,01322.csv,1.8628211117905844,32
1325,[2008. 4. 23. 1. 18. 11.796],24,B0007,93,1326,01326.csv,1.852085039652352,33
1329,[2008. 4. 23. 6. 18. 19.921],24,B0007,97,1330,01330.csv,1.8469504648208708,34
1333,[2008. 4. 23. 11. 8. 0.312],24,B0007,101,1334,01334.csv,1.836828431169018,35
1337,[2008. 4. 23. 16. 6. 25.171],24,B0007,105,1338,01338.csv,1.8371619619672277,36
1341,[2008. 4. 23. 21. 2. 58.296],24,B0007,109,1342,01342.csv,1.8316722583718852,37
1345,[2008. 4. 24. 1. 51. 33.890],24,B0007,113,1346,01346.csv,1.8211470951317783,38
1349,[2008. 4. 24. 6. 50. 0.031],24,B0007,117,1350,01350.csv,1.816506091511515,39
1353,[2008. 4. 24. 11. 49. 24.281],24,B0007,121,1354,01354.csv,1.8113815601504557,40
1357,[2008. 4. 24. 16. 45. 56.015],24,B0007,125,1358,01358.csv,1.8116056333939583,41
1361,[2008. 4. 24. 21. 38. 11.078],24,B0007,129,1362,01362.csv,1.8060548955557405,42
1365,[2008. 4. 25. 12. 3. 44.093],24,B0007,133,1366,01366.csv,1.8132041826994056,43
1367,[2008. 4. 25. 20. 3. 55.921],24,B0007,135,1368,01368.csv,1.8062641938283532,44
1371,[2008. 4. 26. 1. 4. 35.718],24,B0007,139,1372,01372.csv,1.7958310249900458,45
1375,[2008. 4. 26. 5. 57. 35.140],24,B0007,143,1376,01376.csv,1.7858852600390451,46
1379,[2008. 4. 26. 10. 58. 25.843],24,B0007,147,1380,01380.csv,1.780326860450275,47
1381,[2008. 4. 29. 12. 15. 56.953],24,B0007,149,1382,01382.csv,1.8150756899575575,48
1385,[2008. 4. 29. 17. 5. 27.781],24,B0007,153,1386,01386.csv,1.815702515484584,49
1389,[2008. 4. 29. 22. 0. 4.750],24,B0007,157,1390,01390.csv,1.800243217805667,50
1393,[2008. 4. 30. 2. 43. 55.312],24,B0007,161,1394,01394.csv,1.7904476205609308,51
1397,[2008. 4. 30. 7. 41. 42.578],24,B0007,165,1398,01398.csv,1.780343032300132,52
1401,[2008. 4. 30. 12. 28. 49.265],24,B0007,169,1402,01402.csv,1.775328769596812,53
1405,[2008. 4. 30. 17. 20. 16.140],24,B0007,173,1406,01406.csv,1.770262973473285,54
1409,[2008. 4. 30. 22. 14. 54.062],24,B0007,177,1410,01410.csv,1.760081061854204,55
1413,[2008. 5. 1. 3. 15. 33.140],24,B0007,181,1414,01414.csv,1.749647593537689,56
1417,[2008. 5. 1. 8. 16. 3.343],24,B0007,185,1418,01418.csv,1.749650075059311,57
1421,[2008. 5. 1. 13. 14. 24.875],24,B0007,189,1422,01422.csv,1.745028739214683,58
1425,[2008. 5. 1. 18. 11. 10.984],24,B0007,193,1426,01426.csv,1.739645745528673,59
1429,[2008. 5. 1. 23. 10. 15.265],24,B0007,197,1430,01430.csv,1.7285642277717963,60
1433,[2008. 5. 2. 3. 53. 34.765],24,B0007,201,1434,01434.csv,1.723900324588418,61
1437,[2008. 5. 2. 8. 44. 40.859],24,B0007,205,1438,01438.csv,1.7139788776485192,62
1441,[2008. 5. 2. 13. 43. 5.093],24,B0007,209,1442,01442.csv,1.7139701997004613,63
1445,[2008. 5. 2. 19. 7. 48.359],24,B0007,213,1446,01446.csv,1.7036521173638766,64
1447,[2008. 5. 2. 23. 24. 17.687],24,B0007,215,1448,01448.csv,1.7040137474382486,65
1451,[2008. 5. 3. 4. 13. 8.609],24,B0007,219,1452,01452.csv,1.6935716157343033,66
1455,[2008. 5. 3. 9. 10. 19.812],24,B0007,223,1456,01456.csv,1.6876577363877656,67
1459,[2008. 5. 3. 14. 4. 34.187],24,B0007,227,1460,01460.csv,1.6830744356583152,68
1463,[2008. 5. 3. 18. 58. 13.468],24,B0007,231,1464,01464.csv,1.6779270142025482,69
1467,[2008. 5. 3. 23. 42. 30.093],24,B0007,235,1468,01468.csv,1.6732060275966172,70
1471,[2008. 5. 4. 4. 41. 40.000],24,B0007,239,1472,01472.csv,1.6674367208253988,71
1475,[2008. 5. 4. 9. 40. 11.906],24,B0007,243,1476,01476.csv,1.6622662630667526,72
1479,[2008. 5. 4. 14. 38. 13.359],24,B0007,247,1480,01480.csv,1.6574243065763063,73
1483,[2008. 5. 4. 19. 37. 7.890],24,B0007,251,1484,01484.csv,1.652538684928734,74
1487,[2008. 5. 5. 0. 35. 53.968],24,B0007,255,1488,01488.csv,1.6472174627573322,75
1491,[2008. 5. 5. 5. 28. 13.937],24,B0007,259,1492,01492.csv,1.6364136810898071,76
1495,[2008. 5. 5. 11. 41. 31.500],24,B0007,263,1496,01496.csv,1.6362554312048496,77
1497,[2008. 5. 5. 20. 40. 8.562],24,B0007,265,1498,01498.csv,1.641119179218384,78
1501,[2008. 5. 6. 1. 38. 46.265],24,B0007,269,1502,01502.csv,1.6315700789656966,79
1505,[2008. 5. 6. 6. 37. 6.296],24,B0007,273,1506,01506.csv,1.621213282987236,80
1509,[2008. 5. 6. 11. 25. 21.031],24,B0007,277,1510,01510.csv,1.6164273214762122,81
1513,[2008. 5. 6. 16. 23. 36.296],24,B0007,281,1514,01514.csv,1.615823510161921,82
1517,[2008. 5. 6. 21. 21. 49.265],24,B0007,285,1518,01518.csv,1.61672418029789,83
1521,[2008. 5. 7. 2. 17. 25.156],24,B0007,289,1522,01522.csv,1.6108655863730026,84
1525,[2008. 5. 7. 7. 4. 2.109],24,B0007,293,1526,01526.csv,1.6006603374309376,85
1529,[2008. 5. 7. 12. 1. 49.906],24,B0007,297,1530,01530.csv,1.5959174487005665,86
1533,[2008. 5. 7. 16. 59. 29.937],24,B0007,301,1534,01534.csv,1.5962179519462243,87
1537,[2008. 5. 7. 21. 56. 9.656],24,B0007,305,1538,01538.csv,1.5958065114633972,88
1541,[2008. 5. 8. 2. 53. 49.937],24,B0007,309,1542,01542.csv,1.5906507821480704,89
1544,[2008. 5. 9. 12. 25. 7.000],24,B0007,312,1545,01545.csv,1.6888211161855506,90
1547,[2008. 5. 9. 20. 28. 9.734],24,B0007,315,1548,01548.csv,1.6259938279733204,91
1551,[2008. 5. 10. 1. 21. 56.500],24,B0007,319,1552,01552.csv,1.6157433862812898,92
1555,[2008. 5. 10. 6. 18. 12.000],24,B0007,323,1556,01556.csv,1.6056626764846538,93
1559,[2008. 5. 10. 11. 16. 4.843],24,B0007,327,1560,01560.csv,1.5949746921524348,94
1563,[2008. 5. 10. 16. 11. 56.109],24,B0007,331,1564,01564.csv,1.5904102438871943,95
1567,[2008. 5. 10. 21. 7. 54.625],24,B0007,335,1568,01568.csv,1.5853517062988178,96
1571,[2008. 5. 11. 2. 5. 21.796],24,B0007,339,1572,01572.csv,1.5799737147242376,97
1575,[2008. 5. 11. 6. 55. 27.734],24,B0007,343,1576,01576.csv,1.5752185465278068,98
1579,[2008. 5. 11. 11. 52. 47.187],24,B0007,347,1580,01580.csv,1.569798484648868,99
1583,[2008. 5. 11. 16. 49. 58.921],24,B0007,351,1584,01584.csv,1.5702565375950357,100
1587,[2008. 5. 11. 21. 47. 12.843],24,B0007,355,1588,01588.csv,1.565249873909438,101
1591,[2008. 5. 12. 2. 36. 58.921],24,B0007,359,1592,01592.csv,1.559633933561147,102
1595,[2008. 5. 12. 12. 56. 34.781],24,B0007,363,1596,01596.csv,1.5649820533392105,103
1598,[2008. 5. 12. 18. 59. 59.453],24,B0007,366,1599,01599.csv,1.57497949984227,104
1602,[2008. 5. 12. 23. 53. 17.609],24,B0007,370,1603,01603.csv,1.5652811168780458,105
1606,[2008. 5. 13. 4. 35. 25.359],24,B0007,374,1607,01607.csv,1.559755497470126,106
1610,[2008. 5. 13. 9. 24. 4.718],24,B0007,378,1611,01611.csv,1.549897685670499,107
1614,[2008. 5. 13. 14. 20. 24.937],24,B0007,382,1615,01615.csv,1.543877153134502,108
1618,[2008. 5. 13. 19. 4. 20.531],24,B0007,386,1619,01619.csv,1.5450187488690073,109
1622,[2008. 5. 13. 23. 59. 26.015],24,B0007,390,1623,01623.csv,1.5445940154102908,110
1626,[2008. 5. 14. 4. 55. 57.453],24,B0007,394,1627,01627.csv,1.5343086721758876,111
1630,[2008. 5. 14. 9. 52. 22.062],24,B0007,398,1631,01631.csv,1.5287603942958483,112
1634,[2008. 5. 14. 14. 35. 22.515],24,B0007,402,1635,01635.csv,1.5289260249179843,113
1638,[2008. 5. 14. 19. 31. 39.390],24,B0007,406,1639,01639.csv,1.529091650133123,114
1642,[2008. 5. 15. 0. 27. 55.625],24,B0007,410,1643,01643.csv,1.5239059324661248,115
1646,[2008. 5. 15. 5. 24. 4.890],24,B0007,414,1647,01647.csv,1.5186675419100617,116
1650,[2008. 5. 15. 10. 20. 3.875],24,B0007,418,1651,01651.csv,1.5136482266426952,117
1654,[2008. 5. 15. 15. 10. 59.437],24,B0007,422,1655,01655.csv,1.5136050185229033,118
1658,[2008. 5. 15. 19. 56. 47.390],24,B0007,426,1659,01659.csv,1.5139470614867965,119
1662,[2008. 5. 16. 16. 54. 59.812],24,B0007,430,1663,01663.csv,1.5339599193158786,120
1664,[2008. 5. 16. 21. 37. 39.671],24,B0007,432,1665,01665.csv,1.5391372798653098,121
1668,[2008. 5. 17. 2. 32. 13.968],24,B0007,436,1669,01669.csv,1.5236247972838737,122
1672,[2008. 5. 17. 7. 25. 19.906],24,B0007,440,1673,01673.csv,1.5135813035589147,123
1676,[2008. 5. 17. 12. 21. 15.890],24,B0007,444,1677,01677.csv,1.5077850749847914,124
1680,[2008. 5. 17. 17. 15. 37.281],24,B0007,448,1681,01681.csv,1.5031960676037333,125
1684,[2008. 5. 17. 22. 10. 51.218],24,B0007,452,1685,01685.csv,1.497822059699588,126
1688,[2008. 5. 18. 3. 5. 19.265],24,B0007,456,1689,01689.csv,1.492848534633516,127
1692,[2008. 5. 18. 8. 0. 50.421],24,B0007,460,1693,01693.csv,1.492414389867026,128
1696,[2008. 5. 18. 12. 44. 48.437],24,B0007,464,1697,01697.csv,1.487482776538081,129
1700,[2008. 5. 18. 17. 36. 29.734],24,B0007,468,1701,01701.csv,1.482535148640411,130
1704,[2008. 5. 18. 22. 31. 45.515],24,B0007,472,1705,01705.csv,1.4827874322228984,131
1708,[2008. 5. 19. 3. 27. 7.765],24,B0007,476,1709,01709.csv,1.476971179775059,132
1712,[2008. 5. 19. 15. 34. 33.625],24,B0007,480,1713,01713.csv,1.4819015554137276,133
1714,[2008. 5. 19. 20. 59. 48.437],24,B0007,482,1715,01715.csv,1.4981366198874824,134
1716,[2008. 5. 20. 1. 16. 42.609],24,B0007,484,1717,01717.csv,1.4820775214392872,135
1720,[2008. 5. 20. 6. 12. 6.265],24,B0007,488,1721,01721.csv,1.4771155312812152,136
1724,[2008. 5. 20. 11. 7. 23.453],24,B0007,492,1725,01725.csv,1.4720772783056488,137
1728,[2008. 5. 20. 15. 57. 27.312],24,B0007,496,1729,01729.csv,1.472248013656454,138
1732,[2008. 5. 20. 20. 50. 39.015],24,B0007,500,1733,01733.csv,1.4670106672274663,139
1736,[2008. 5. 21. 1. 39. 38.968],24,B0007,504,1737,01737.csv,1.461767249533538,140
1740,[2008. 5. 21. 6. 24. 27.281],24,B0007,508,1741,01741.csv,1.4566952670489708,141
1744,[2008. 5. 21. 11. 18. 6.015],24,B0007,512,1745,01745.csv,1.451354972758956,142
1748,[2008. 5. 21. 16. 10. 21.203],24,B0007,516,1749,01749.csv,1.451615926257375,143
1752,[2008. 5. 21. 21. 2. 9.781],24,B0007,520,1753,01753.csv,1.4468161332173683,144
1756,[2008. 5. 22. 1. 42. 59.218],24,B0007,524,1757,01757.csv,1.4467570607768785,145
1760,[2008. 5. 22. 6. 32. 40.921],24,B0007,528,1761,01761.csv,1.4413797481446793,146
1764,[2008. 5. 22. 11. 23. 22.187],24,B0007,532,1765,01765.csv,1.4362456252208178,147
1768,[2008. 5. 22. 16. 17. 58.890],24,B0007,536,1769,01769.csv,1.4368154153924828,148
1772,[2008. 5. 22. 20. 59. 50.203],24,B0007,540,1773,01773.csv,1.4362945145860049,149
1776,[2008. 5. 23. 12. 13. 16.359],24,B0007,544,1777,01777.csv,1.4418575315878015,150
1779,[2008. 5. 23. 20. 14. 29.875],24,B0007,547,1780,01780.csv,1.4672063484781797,151
1783,[2008. 5. 24. 1. 9. 21.562],24,B0007,551,1784,01784.csv,1.4518640367848883,152
1787,[2008. 5. 24. 6. 0. 20.156],24,B0007,555,1788,01788.csv,1.44713797527485,153
1791,[2008. 5. 24. 10. 42. 50.484],24,B0007,559,1792,01792.csv,1.441790586562399,154
1795,[2008. 5. 24. 15. 31. 10.593],24,B0007,563,1796,01796.csv,1.431630947911111,155
1799,[2008. 5. 24. 20. 21. 13.437],24,B0007,567,1800,01800.csv,1.4318084249673686,156
1803,[2008. 5. 25. 1. 6. 49.828],24,B0007,571,1804,01804.csv,1.4262562585106868,157
1807,[2008. 5. 25. 5. 57. 17.890],24,B0007,575,1808,01808.csv,1.4260877528924911,158
1811,[2008. 5. 25. 10. 51. 37.015],24,B0007,579,1812,01812.csv,1.4212633510031694,159
1815,[2008. 5. 25. 15. 37. 8.890],24,B0007,583,1816,01816.csv,1.4163272748795108,160
1819,[2008. 5. 25. 20. 23. 4.453],24,B0007,587,1820,01820.csv,1.4165781829175994,161
1823,[2008. 5. 26. 1. 13. 2.796],24,B0007,591,1824,01824.csv,1.4108401729425175,162
1827,[2008. 5. 26. 6. 1. 8.171],24,B0007,595,1828,01828.csv,1.4109949628347804,163
1831,[2008. 5. 26. 10. 44. 38.468],24,B0007,599,1832,01832.csv,1.40617142903988,164
1835,[2008. 5. 26. 15. 30. 43.968],24,B0007,603,1836,01836.csv,1.4063358479692922,165
1839,[2008. 5. 26. 20. 21. 4.921],24,B0007,607,1840,01840.csv,1.4004552399066514,166
1843,[2008. 5. 27. 15. 52. 41.359],24,B0007,611,1844,01844.csv,1.4217865046055154,167
1845,[2008. 5. 27. 20. 45. 42.125],24,B0007,613,1846,01846.csv,1.4324552720625434,168
1850,[2008. 7. 7. 15. 15. 28.875],24,B0018,2,1851,01851.csv,1.8550045207910817,1
1854,[2008. 7. 7. 21. 53. 6.125],24,B0018,6,1855,01855.csv,1.8431955317089987,2
1858,[2008. 7. 8. 2. 56. 8.453],24,B0018,10,1859,01859.csv,1.8396018424355425,3
1862,[2008. 7. 8. 7. 58. 55.953],24,B0018,14,1863,01863.csv,1.8306736044962053,4
1865,[2008. 7. 8. 18. 57. 48.968],24,B0018,17,1866,01866.csv,1.8327002069419656,5
1867,[2008. 7. 8. 22. 57. 17.203],24,B0018,19,1868,01868.csv,1.8285288846046388,6
1869,[2008. 7. 9. 2. 56. 41.281],24,B0018,21,1870,01870.csv,1.8212011895697924,7
1871,[2008. 7. 9. 6. 55. 54.875],24,B0018,23,1872,01872.csv,1.815170010643328,8
1874,[2008. 7. 9. 11. 26. 41.906],24,B0018,26,1875,01875.csv,1.8042980520967649,9
1877,[2008. 7. 10. 16. 34. 39.859],24,B0018,29,1878,01878.csv,1.8231002302844224,10
1879,[2008. 7. 10. 20. 33. 58.031],24,B0018,31,1880,01880.csv,1.8121253520255491,11
1881,[2008. 7. 11. 0. 30. 25.484],24,B0018,33,1882,01882.csv,1.8046916382117768,12
1883,[2008. 7. 11. 4. 28. 49.531],24,B0018,35,1884,01884.csv,1.790844349786295,13
1886,[2008. 7. 11. 8. 59. 8.656],24,B0018,38,1887,01887.csv,1.783470722841926,14
1889,[2008. 7. 11. 14. 27. 5.640],24,B0018,41,1890,01890.csv,1.7809386125310702,15
1891,[2008. 7. 11. 18. 25. 27.593],24,B0018,43,1892,01892.csv,1.771209039672698,16
1893,[2008. 7. 11. 22. 22. 5.406],24,B0018,45,1894,01894.csv,1.7686303996707076,17
1895,[2008. 7. 12. 2. 18. 11.125],24,B0018,47,1896,01896.csv,1.7536304801917124,18
1898,[2008. 7. 12. 6. 45. 43.859],24,B0018,50,1899,01899.csv,1.7462197416415093,19
1901,[2008. 7. 12. 11. 15. 36.812],24,B0018,53,1902,01902.csv,1.7376647337053737,20
1903,[2008. 7. 12. 15. 13. 28.609],24,B0018,55,1904,01904.csv,1.7315166735475835,21
1905,[2008. 7. 12. 18. 52. 45.109],24,B0018,57,1906,01906.csv,1.7085949894470602,22
1907,[2008. 7. 12. 22. 50. 29.984],24,B0018,59,1908,01908.csv,1.711469957068211,23
1910,[2008. 7. 13. 3. 19. 5.703],24,B0018,62,1911,01911.csv,1.7075021373272627,24
1913,[2008. 7. 14. 13. 8. 20.500],24,B0018,65,1914,01914.csv,1.7492382064360228,25
1915,[2008. 7. 14. 17. 3. 45.625],24,B0018,67,1916,01916.csv,1.7327697147429957,26
1917,[2008. 7. 14. 20. 57. 32.609],24,B0018,69,1918,01918.csv,1.7222313328292376,27
1919,[2008. 7. 15. 0. 49. 58.484],24,B0018,71,1920,01920.csv,1.711846298984729,28
1922,[2008. 7. 15. 5. 14. 47.250],24,B0018,74,1923,01923.csv,1.699267835126687,29
1925,[2008. 7. 15. 9. 43. 28.937],24,B0018,77,1926,01926.csv,1.6940366439243106,30
1927,[2008. 7. 15. 13. 36. 47.890],24,B0018,79,1928,01928.csv,1.6819027078768087,31
1929,[2008. 7. 15. 17. 29. 47.765],24,B0018,81,1930,01930.csv,1.6769770618433686,32
1931,[2008. 7. 15. 21. 21. 30.390],24,B0018,83,1932,01932.csv,1.6655229306478936,33
1934,[2008. 7. 16. 1. 45. 13.390],24,B0018,86,1935,01935.csv,1.6571924575832084,34
1937,[2008. 7. 16. 6. 12. 34.390],24,B0018,89,1938,01938.csv,1.6482241555294048,35
1939,[2008. 7. 16. 10. 5. 40.718],24,B0018,91,1940,01940.csv,1.6387701497987262,36
1941,[2008. 7. 16. 13. 57. 42.468],24,B0018,93,1942,01942.csv,1.6276486907262062,37
1943,[2008. 7. 16. 17. 51. 36.078],24,B0018,95,1944,01944.csv,1.62215370227252,38
1946,[2008. 7. 16. 22. 13. 57.593],24,B0018,98,1947,01947.csv,1.6140066510467586,39
1949,[2008. 7. 18. 17. 28. 12.125],24,B0018,101,1950,01950.csv,1.6760516154424625,40
1951,[2008. 7. 18. 21. 19. 44.421],24,B0018,103,1952,01952.csv,1.649300642552199,41
1953,[2008. 7. 19. 1. 10. 7.046],24,B0018,105,1954,01954.csv,1.63238299185809,42
1955,[2008. 7. 19. 5. 1. 4.953],24,B0018,107,1956,01956.csv,1.6164159719025777,43
1958,[2008. 7. 19. 9. 25. 29.875],24,B0018,110,1959,01959.csv,1.6109028378249377,44
1961,[2008. 7. 19. 13. 53. 0.750],24,B0018,113,1962,01962.csv,1.5954638693695655,45
1964,[2008. 7. 29. 18. 34. 27.281],24,B0018,116,1965,01965.csv,1.726707440085764,46
1966,[2008. 7. 29. 22. 21. 53.500],24,B0018,118,1967,01967.csv,1.7165673917429751,47
1968,[2008. 7. 30. 2. 9. 48.828],24,B0018,120,1969,01969.csv,1.6958235570934848,48
1970,[2008. 7. 30. 5. 57. 2.328],24,B0018,122,1971,01971.csv,1.6777783190792557,49
1972,[2008. 7. 30. 9. 52. 21.281],24,B0018,124,1973,01973.csv,1.6606586897774192,50
1975,[2008. 7. 30. 19. 28. 7.671],24,B0018,127,1976,01976.csv,1.6664109274827466,51
1977,[2008. 7. 30. 23. 16. 54.218],24,B0018,129,1978,01978.csv,1.6468336174407805,52
1979,[2008. 7. 31. 2. 46. 18.031],24,B0018,131,1980,01980.csv,1.6257639928779952,53
1981,[2008. 7. 31. 6. 15. 17.843],24,B0018,133,1982,01982.csv,1.6121577411874597,54
1983,[2008. 7. 31. 10. 10. 14.359],24,B0018,135,1984,01984.csv,1.6057366823755344,55
1988,[2008. 8. 1. 17. 46. 33.109],24,B0018,140,1989,01989.csv,1.673645314879889,56
1990,[2008. 8. 1. 21. 32. 12.937],24,B0018,142,1991,01991.csv,1.6404348572349936,57
1992,[2008. 8. 2. 1. 17. 9.625],24,B0018,144,1993,01993.csv,1.6132653317422077,58
1994,[2008. 8. 2. 5. 3. 55.921],24,B0018,146,1995,01995.csv,1.5920964324686278,59
1997,[2008. 8. 2. 9. 26. 51.375],24,B0018,149,1998,01998.csv,1.5866011820698824,60
2000,[2008. 8. 2. 13. 55. 3.296],24,B0018,152,2001,02001.csv,1.580076649033625,61
2002,[2008. 8. 2. 17. 41. 59.359],24,B0018,154,2003,02003.csv,1.5641732953289167,62
2004,[2008. 8. 2. 21. 29. 24.406],24,B0018,156,2005,02005.csv,1.555618272193922,63
2006,[2008. 8. 3. 1. 16. 7.078],24,B0018,158,2007,02007.csv,1.5402045278637395,64
2009,[2008. 8. 3. 5. 39. 11.953],24,B0018,161,2010,02010.csv,1.5321613015959863,65
2012,[2008. 8. 3. 10. 8. 42.828],24,B0018,164,2013,02013.csv,1.5316232403693415,66
2014,[2008. 8. 3. 13. 54. 25.093],24,B0018,166,2015,02015.csv,1.5222595950771978,67
2016,[2008. 8. 3. 17. 42. 28.750],24,B0018,168,2017,02017.csv,1.5065267126851285,68
2018,[2008. 8. 3. 21. 26. 49.765],24,B0018,170,2019,02019.csv,1.5014219556532926,69
2021,[2008. 8. 4. 1. 48. 42.890],24,B0018,173,2022,02022.csv,1.4963534117486457,70
2024,[2008. 8. 4. 17. 8. 25.328],24,B0018,176,2025,02025.csv,1.5334262000312422,71
2026,[2008. 8. 4. 20. 55. 13.796],24,B0018,178,2027,02027.csv,1.523845267514426,72
2028,[2008. 8. 5. 0. 41. 24.609],24,B0018,180,2029,02029.csv,1.501192099426124,73
2030,[2008. 8. 5. 4. 27. 50.953],24,B0018,182,2031,02031.csv,1.492417671450291,74
2032,[2008. 8. 5. 8. 23. 48.250],24,B0018,184,2033,02033.csv,1.483323851940123,75
2035,[2008. 8. 5. 12. 50. 42.531],24,B0018,187,2036,02036.csv,1.4807376792294196,76
2037,[2008. 8. 5. 16. 36. 12.671],24,B0018,189,2038,02038.csv,1.4735077809902477,77
2039,[2008. 8. 5. 20. 21. 46.906],24,B0018,191,2040,02040.csv,1.46801928526661,78
2041,[2008. 8. 6. 0. 6. 53.156],24,B0018,193,2042,02042.csv,1.458092355711902,79
2044,[2008. 8. 6. 4. 27. 52.921],24,B0018,196,2045,02045.csv,1.44786609888914,80
2047,[2008. 8. 6. 8. 55. 24.593],24,B0018,199,2048,02048.csv,1.4527808777541982,81
2049,[2008. 8. 6. 12. 40. 42.031],24,B0018,201,2050,02050.csv,1.4425356364492432,82
2051,[2008. 8. 6. 16. 25. 32.093],24,B0018,203,2052,02052.csv,1.4392712877203313,83
2053,[2008. 8. 6. 20. 9. 11.453],24,B0018,205,2054,02054.csv,1.4286475681888218,84
2056,[2008. 8. 7. 0. 27. 39.046],24,B0018,208,2057,02057.csv,1.4249026750004896,85
2059,[2008. 8. 7. 19. 5. 53.109],24,B0018,211,2060,02060.csv,1.4698115324524124,86
2061,[2008. 8. 7. 22. 50. 51.859],24,B0018,213,2062,02062.csv,1.4525819651050202,87
2063,[2008. 8. 8. 2. 32. 53.250],24,B0018,215,2064,02064.csv,1.442834198908794,88
2065,[2008. 8. 8. 6. 16. 47.328],24,B0018,217,2066,02066.csv,1.428376058807949,89
2067,[2008. 8. 8. 10. 14. 50.671],24,B0018,219,2068,02068.csv,1.4154547844370715,90
2070,[2008. 8. 8. 20. 10. 8.812],24,B0018,222,2071,02071.csv,1.454576670077708,91
2072,[2008. 8. 8. 23. 54. 1.812],24,B0018,224,2073,02073.csv,1.4283179548274056,92
2074,[2008. 8. 9. 3. 37. 6.281],24,B0018,226,2075,02075.csv,1.4197026883204058,93
2076,[2008. 8. 9. 7. 19. 59.656],24,B0018,228,2077,02077.csv,1.4155606630306516,94
2079,[2008. 8. 9. 11. 36. 57.875],24,B0018,231,2080,02080.csv,1.405680035419228,95
2082,[2008. 8. 9. 15. 59. 2.406],24,B0018,234,2083,02083.csv,1.4084461071166137,96
2084,[2008. 8. 9. 19. 41. 13.296],24,B0018,236,2085,02085.csv,1.3968547782872414,97
2086,[2008. 8. 9. 23. 22. 0.984],24,B0018,238,2087,02087.csv,1.3935670371440676,98
2088,[2008. 8. 10. 3. 1. 8.859],24,B0018,240,2089,02089.csv,1.3893644292809475,99
2091,[2008. 8. 10. 7. 19. 8.453],24,B0018,243,2092,02092.csv,1.378565141566671,100
2094,[2008. 8. 10. 11. 39. 39.812],24,B0018,246,2095,02095.csv,1.384901110085747,101
2096,[2008. 8. 10. 15. 21. 25.468],24,B0018,248,2097,02097.csv,1.3703251814242443,102
2098,[2008. 8. 10. 19. 1. 7.218],24,B0018,250,2099,02099.csv,1.3733464385229082,103
2100,[2008. 8. 10. 22. 40. 10.453],24,B0018,252,2101,02101.csv,1.3679487285504814,104
2103,[2008. 8. 11. 2. 53. 19.859],24,B0018,255,2104,02104.csv,1.3567141087089647,105
2106,[2008. 8. 14. 13. 4. 49.687],24,B0018,258,2107,02107.csv,1.4604310209194575,106
2108,[2008. 8. 14. 16. 49. 56.812],24,B0018,260,2109,02109.csv,1.4500998937104097,107
2110,[2008. 8. 14. 20. 29. 23.812],24,B0018,262,2111,02111.csv,1.4381406901824496,108
2112,[2008. 8. 15. 0. 8. 59.578],24,B0018,264,2113,02113.csv,1.4283681980964316,109
2114,[2008. 8. 15. 3. 59. 10.796],24,B0018,266,2115,02115.csv,1.4147874517552432,110
2117,[2008. 8. 15. 8. 19. 52.703],24,B0018,269,2118,02118.csv,1.413889163393182,111
2119,[2008. 8. 15. 12. 0. 3.390],24,B0018,271,2120,02120.csv,1.3989331662177225,112
2121,[2008. 8. 15. 15. 37. 16.687],24,B0018,273,2122,02122.csv,1.3953322584033976,113
2123,[2008. 8. 15. 19. 13. 34.203],24,B0018,275,2124,02124.csv,1.390046129540245,114
2126,[2008. 8. 15. 23. 27. 4.375],24,B0018,278,2127,02127.csv,1.3860271454209647,115
2129,[2008. 8. 16. 3. 52. 55.640],24,B0018,281,2130,02130.csv,1.388215260193751,116
2131,[2008. 8. 16. 7. 37. 37.796],24,B0018,283,2132,02132.csv,1.3761826562394497,117
2133,[2008. 8. 16. 11. 21. 22.140],24,B0018,285,2134,02134.csv,1.3647168898640163,118
2135,[2008. 8. 16. 15. 2. 56.640],24,B0018,287,2136,02136.csv,1.3589854739373584,119
2138,[2008. 8. 16. 19. 15. 49.609],24,B0018,290,2139,02139.csv,1.34623087640088,120
2141,[2008. 8. 18. 14. 27. 16.015],24,B0018,293,2142,02142.csv,1.4268427818454643,121
2143,[2008. 8. 18. 18. 8. 54.125],24,B0018,295,2144,02144.csv,1.4064481483279665,122
2145,[2008. 8. 18. 21. 48. 48.484],24,B0018,297,2146,02146.csv,1.3934907492075153,123
2147,[2008. 8. 19. 1. 25. 43.656],24,B0018,299,2148,02148.csv,1.3882493512249316,124
2149,[2008. 8. 19. 5. 17. 5.812],24,B0018,301,2150,02150.csv,1.3701878338420928,125
2152,[2008. 8. 19. 9. 39. 42.500],24,B0018,304,2153,02153.csv,1.379695166560862,126
2154,[2008. 8. 19. 13. 17. 33.984],24,B0018,306,2155,02155.csv,1.3686586323935683,127
2156,[2008. 8. 19. 16. 54. 51.734],24,B0018,308,2157,02157.csv,1.3627371779096438,128
2158,[2008. 8. 19. 20. 32. 20.468],24,B0018,310,2159,02159.csv,1.3634051133928071,129
2161,[2008. 8. 20. 0. 43. 5.406],24,B0018,313,2162,02162.csv,1.3518646035305233,130
2164,[2008. 8. 20. 5. 2. 0.296],24,B0018,316,2165,02165.csv,1.3547969729652622,131
2166,[2008. 8. 20. 8. 37. 19.515],24,B0018,318,2167,02167.csv,1.341051440640485,132
2170,[2009. 2. 13. 23. 12. 28.078],24,B0025,3,2171,02171.csv,1.847011162956716,1
2172,[2009. 2. 14. 4. 3. 34.578],24,B0025,5,2173,02173.csv,1.8485654344528384,2
2174,[2009. 2. 14. 8. 54. 41.468],24,B0025,7,2175,02175.csv,1.847111177186175,3
2176,[2009. 2. 14. 13. 45. 23.546],24,B0025,9,2177,02177.csv,1.8489837601535537,4
2178,[2009. 2. 14. 18. 35. 40.671],24,B0025,11,2179,02179.csv,1.837012071856044,5
2182,[2009. 2. 18. 10. 48. 58.156],24,B0025,15,2183,02183.csv,1.817549211247137,6
2186,[2009. 2. 18. 16. 49. 7.390],24,B0025,19,2187,02187.csv,1.839863822522073,7
2189,[2009. 2. 19. 0. 52. 49.687],24,B0025,22,2190,02190.csv,1.8430595619731431,8
2191,[2009. 2. 19. 5. 38. 57.140],24,B0025,24,2192,02192.csv,1.8401871729536057,9
2193,[2009. 2. 19. 10. 25. 15.218],24,B0025,26,2194,02194.csv,1.8281265632888255,10
2197,[2009. 2. 20. 9. 44. 26.828],24,B0025,30,2198,02198.csv,1.8253563336445804,11
2201,[2009. 2. 20. 15. 43. 26.140],24,B0025,34,2202,02202.csv,1.8214180552626156,12
2203,[2009. 2. 20. 20. 27. 0.812],24,B0025,36,2204,02204.csv,1.830315627968932,13
2205,[2009. 2. 21. 1. 12. 57.984],24,B0025,38,2206,02206.csv,1.8175491643824844,14
2207,[2009. 2. 21. 5. 57. 5.062],24,B0025,40,2208,02208.csv,1.810901200296979,15
2209,[2009. 2. 21. 10. 42. 44.125],24,B0025,42,2210,02210.csv,1.8083032603084237,16
2213,[2009. 3. 2. 16. 30. 34.015],24,B0025,46,2214,02214.csv,1.7928016149381063,17
2217,[2009. 3. 2. 22. 19. 45.593],24,B0025,50,2218,02218.csv,1.812563150045885,18
2219,[2009. 3. 3. 2. 59. 39.453],24,B0025,52,2220,02220.csv,1.807772607491239,19
2221,[2009. 3. 3. 7. 39. 7.296],24,B0025,54,2222,02222.csv,1.8048055175003967,20
2223,[2009. 3. 3. 12. 18. 51.281],24,B0025,56,2224,02224.csv,1.800538555899242,21
2225,[2009. 3. 3. 16. 58. 46.625],24,B0025,58,2226,02226.csv,1.7942356098033032,22
2232,[2009. 3. 5. 18. 40. 18.984],24,B0025,65,2233,02233.csv,1.807409052434889,23
2234,[2009. 3. 5. 23. 20. 1.140],24,B0025,67,2235,02235.csv,1.7902504816962077,24
2236,[2009. 3. 6. 4. 0. 25.046],24,B0025,69,2237,02237.csv,1.7961223845359495,25
2238,[2009. 3. 6. 8. 39. 37.156],24,B0025,71,2239,02239.csv,1.7912236690350776,26
2240,[2009. 3. 6. 13. 20. 49.203],24,B0025,73,2241,02241.csv,1.7854822365303245,27
2244,[2009. 3. 19. 10. 34. 54.078],24,B0025,77,2245,02245.csv,1.7677890780323615,28
2250,[2009. 2. 13. 23. 12. 28.078],24,B0026,3,2251,02251.csv,1.8132504303869896,1
2252,[2009. 2. 14. 4. 3. 34.578],24,B0026,5,2253,02253.csv,1.8149760087078304,2
2254,[2009. 2. 14. 8. 54. 41.468],24,B0026,7,2255,02255.csv,1.8135354175561995,3
2256,[2009. 2. 14. 13. 45. 23.546],24,B0026,9,2257,02257.csv,1.815149273310334,4
2258,[2009. 2. 14. 18. 35. 40.671],24,B0026,11,2259,02259.csv,1.81429130140682,5
2262,[2009. 2. 18. 10. 48. 58.156],24,B0026,15,2263,02263.csv,1.3863373424430123,6
2266,[2009. 2. 18. 16. 49. 7.390],24,B0026,19,2267,02267.csv,1.8165277958816064,7
2269,[2009. 2. 19. 0. 52. 49.687],24,B0026,22,2270,02270.csv,1.8085638576011065,8
2271,[2009. 2. 19. 5. 38. 57.140],24,B0026,24,2272,02272.csv,1.804936077644182,9
2273,[2009. 2. 19. 10. 25. 15.218],24,B0026,26,2274,02274.csv,1.8049315924982108,10
2277,[2009. 2. 20. 9. 44. 26.828],24,B0026,30,2278,02278.csv,1.717679232699393,11
2281,[2009. 2. 20. 15. 43. 26.140],24,B0026,34,2282,02282.csv,1.809804813280106,12
2283,[2009. 2. 20. 20. 27. 0.812],24,B0026,36,2284,02284.csv,1.806556213274488,13
2285,[2009. 2. 21. 1. 12. 57.984],24,B0026,38,2286,02286.csv,1.7938155707698509,14
2287,[2009. 2. 21. 5. 57. 5.062],24,B0026,40,2288,02288.csv,1.799304949381792,15
2289,[2009. 2. 21. 10. 42. 44.125],24,B0026,42,2290,02290.csv,1.7842197448470132,16
2293,[2009. 3. 2. 16. 30. 34.015],24,B0026,46,2294,02294.csv,1.6818819918515189,17
2297,[2009. 3. 2. 22. 19. 45.593],24,B0026,50,2298,02298.csv,1.8007519383961936,18
2299,[2009. 3. 3. 2. 59. 39.453],24,B0026,52,2300,02300.csv,1.795972684272296,19
2301,[2009. 3. 3. 7. 39. 7.296],24,B0026,54,2302,02302.csv,1.7931026940553298,20
2303,[2009. 3. 3. 12. 18. 51.281],24,B0026,56,2304,02304.csv,1.8010267542068712,21
2305,[2009. 3. 3. 16. 58. 46.625],24,B0026,58,2306,02306.csv,1.7824572301269948,22
2312,[2009. 3. 5. 18. 40. 18.984],24,B0026,65,2313,02313.csv,1.7959303030608789,23
2314,[2009. 3. 5. 23. 20. 1.140],24,B0026,67,2315,02315.csv,1.7783142127341005,24
2316,[2009. 3. 6. 4. 0. 25.046],24,B0026,69,2317,02317.csv,1.771719092984802,25
2318,[2009. 3. 6. 8. 39. 37.156],24,B0026,71,2319,02319.csv,1.7790749489536772,26
2320,[2009. 3. 6. 13. 20. 49.203],24,B0026,73,2321,02321.csv,1.7733229782464677,27
2324,[2009. 3. 19. 10. 34. 54.078],24,B0026,77,2325,02325.csv,1.768754111010884,28
2330,[2009. 2. 13. 23. 12. 28.078],24,B0027,3,2331,02331.csv,1.8233077742149364,1
2332,[2009. 2. 14. 4. 3. 34.578],24,B0027,5,2333,02333.csv,1.814238465116796,2
2334,[2009. 2. 14. 8. 54. 41.468],24,B0027,7,2335,02335.csv,1.812859679313087,3
2336,[2009. 2. 14. 13. 45. 23.546],24,B0027,9,2337,02337.csv,1.814424244673997,4
2338,[2009. 2. 14. 18. 35. 40.671],24,B0027,11,2339,02339.csv,1.812800333853042,5
2342,[2009. 2. 18. 10. 48. 58.156],24,B0027,15,2343,02343.csv,1.7946038703195293,6
2346,[2009. 2. 18. 16. 49. 7.390],24,B0027,19,2347,02347.csv,1.816519171293833,7
2349,[2009. 2. 19. 0. 52. 49.687],24,B0027,22,2350,02350.csv,1.819833556519024,8
2351,[2009. 2. 19. 5. 38. 57.140],24,B0027,24,2352,02352.csv,1.816980986440728,9
2353,[2009. 2. 19. 10. 25. 15.218],24,B0027,26,2354,02354.csv,1.8047602710768988,10
2357,[2009. 2. 20. 9. 44. 26.828],24,B0027,30,2358,02358.csv,1.802177888140868,11
2361,[2009. 2. 20. 15. 43. 26.140],24,B0027,34,2362,02362.csv,1.810054375611175,12
2363,[2009. 2. 20. 20. 27. 0.812],24,B0027,36,2364,02364.csv,1.8191618703574552,13
2365,[2009. 2. 21. 1. 12. 57.984],24,B0027,38,2366,02366.csv,1.806344581230731,14
2367,[2009. 2. 21. 5. 57. 5.062],24,B0027,40,2368,02368.csv,1.8120006378747944,15
2369,[2009. 2. 21. 10. 42. 44.125],24,B0027,42,2370,02370.csv,1.809238569578753,16
2373,[2009. 3. 2. 16. 30. 34.015],24,B0027,46,2374,02374.csv,1.7820717716005336,17
2377,[2009. 3. 2. 22. 19. 45.593],24,B0027,50,2378,02378.csv,1.8145504562341048,18
2379,[2009. 3. 3. 2. 59. 39.453],24,B0027,52,2380,02380.csv,1.809153485164282,19
2381,[2009. 3. 3. 7. 39. 7.296],24,B0027,54,2382,02382.csv,1.806555150809371,20
2383,[2009. 3. 3. 12. 18. 51.281],24,B0027,56,2384,02384.csv,1.802401655959492,21
2385,[2009. 3. 3. 16. 58. 46.625],24,B0027,58,2386,02386.csv,1.7964331683322998,22
2392,[2009. 3. 5. 18. 40. 18.984],24,B0027,65,2393,02393.csv,1.8088036930508289,23
2394,[2009. 3. 5. 23. 20. 1.140],24,B0027,67,2395,02395.csv,1.7915527748749651,24
2396,[2009. 3. 6. 4. 0. 25.046],24,B0027,69,2397,02397.csv,1.7853375192239571,25
2398,[2009. 3. 6. 8. 39. 37.156],24,B0027,71,2399,02399.csv,1.793209210325309,26
2400,[2009. 3. 6. 13. 20. 49.203],24,B0027,73,2401,02401.csv,1.7873097711102113,27
2404,[2009. 3. 19. 10. 34. 54.078],24,B0027,77,2405,02405.csv,1.7700926253324452,28
2410,[2009. 2. 13. 23. 12. 28.078],24,B0028,3,2411,02411.csv,1.8046847720100736,1
2412,[2009. 2. 14. 4. 3. 34.578],24,B0028,5,2413,02413.csv,1.804783321452588,2
2414,[2009. 2. 14. 8. 54. 41.468],24,B0028,7,2415,02415.csv,1.797618668222458,3
2416,[2009. 2. 14. 13. 45. 23.546],24,B0028,9,2417,02417.csv,1.7929913687761174,4
2418,[2009. 2. 14. 18. 35. 40.671],24,B0028,11,2419,02419.csv,1.7919180081592216,5
2422,[2009. 2. 18. 10. 48. 58.156],24,B0028,15,2423,02423.csv,1.775026135903797,6
2426,[2009. 2. 18. 16. 49. 7.390],24,B0028,19,2427,02427.csv,1.7920487852223417,7
2429,[2009. 2. 19. 0. 52. 49.687],24,B0028,22,2430,02430.csv,1.790475801581265,8
2431,[2009. 2. 19. 5. 38. 57.140],24,B0028,24,2432,02432.csv,1.7868365091987264,9
2433,[2009. 2. 19. 10. 25. 15.218],24,B0028,26,2434,02434.csv,1.7871529619962183,10
2437,[2009. 2. 20. 9. 44. 26.828],24,B0028,30,2438,02438.csv,1.7816340617009505,11
2441,[2009. 2. 20. 15. 43. 26.140],24,B0028,34,2442,02442.csv,1.7850235136604733,12
2443,[2009. 2. 20. 20. 27. 0.812],24,B0028,36,2444,02444.csv,1.7803865429693038,13
2445,[2009. 2. 21. 1. 12. 57.984],24,B0028,38,2446,02446.csv,1.7789060856417256,14
2447,[2009. 2. 21. 5. 57. 5.062],24,B0028,40,2448,02448.csv,1.7738387518973049,15
2449,[2009. 2. 21. 10. 42. 44.125],24,B0028,42,2450,02450.csv,1.769682881523146,16
2453,[2009. 3. 2. 16. 30. 34.015],24,B0028,46,2454,02454.csv,1.7408787283206992,17
2457,[2009. 3. 2. 22. 19. 45.593],24,B0028,50,2458,02458.csv,1.7648189744011906,18
2459,[2009. 3. 3. 2. 59. 39.453],24,B0028,52,2460,02460.csv,1.7617857390844025,19
2461,[2009. 3. 3. 7. 39. 7.296],24,B0028,54,2462,02462.csv,1.75770610357021,20
2463,[2009. 3. 3. 12. 18. 51.281],24,B0028,56,2464,02464.csv,1.7519375960601256,21
2465,[2009. 3. 3. 16. 58. 46.625],24,B0028,58,2466,02466.csv,1.7521244035832175,22
2472,[2009. 3. 5. 18. 40. 18.984],24,B0028,65,2473,02473.csv,1.759771413398964,23
2474,[2009. 3. 5. 23. 20. 1.140],24,B0028,67,2475,02475.csv,1.7483011320324189,24
2476,[2009. 3. 6. 4. 0. 25.046],24,B0028,69,2477,02477.csv,1.7411482627836237,25
2478,[2009. 3. 6. 8. 39. 37.156],24,B0028,71,2479,02479.csv,1.7363833316311177,26
2480,[2009. 3. 6. 13. 20. 49.203],24,B0028,73,2481,02481.csv,1.736559066269527,27
2484,[2009. 3. 19. 10. 34. 54.078],24,B0028,77,2485,02485.csv,1.7172335652295243,28
2488,[2009. 4. 7. 16. 31. 1.890],43,B0029,1,2489,02489.csv,1.697507332205763,1
2490,[2009. 4. 7. 19. 44. 26.578],43,B0029,3,2491,02491.csv,1.844701206961174,2
2492,[2009. 4. 7. 22. 58. 18.000],43,B0029,5,2493,02493.csv,1.8254376674722927,3
2494,[2009. 4. 8. 2. 11. 30.218],43,B0029,7,2495,02495.csv,1.815750429913437,4
2496,[2009. 4. 8. 5. 23. 26.343],43,B0029,9,2497,02497.csv,1.8132993337127028,5
2500,[2009. 4. 9. 10. 24. 58.296],43,B0029,13,2501,02501.csv,1.8151647619660576,6
2502,[2009. 4. 9. 13. 33. 59.843],43,B0029,15,2503,02503.csv,1.8143317955190057,7
2504,[2009. 4. 9. 16. 42. 43.421],43,B0029,17,2505,02505.csv,1.801343601809866,8
2506,[2009. 4. 9. 19. 50. 50.062],43,B0029,19,2507,02507.csv,1.7881558802945825,9
2508,[2009. 4. 9. 22. 58. 17.875],43,B0029,21,2509,02509.csv,1.7760714604539518,10
2512,[2009. 4. 10. 12. 49. 4.718],43,B0029,25,2513,02513.csv,1.7852807447597443,11
2514,[2009. 4. 10. 15. 54. 20.093],43,B0029,27,2515,02515.csv,1.7698116401111978,12
2516,[2009. 4. 10. 18. 59. 6.625],43,B0029,29,2517,02517.csv,1.7565231680521758,13
2518,[2009. 4. 10. 22. 3. 26.625],43,B0029,31,2519,02519.csv,1.7543413277348154,14
2520,[2009. 4. 11. 1. 8. 27.484],43,B0029,33,2521,02521.csv,1.7392875506998715,15
2524,[2009. 4. 13. 9. 51. 27.484],43,B0029,37,2525,02525.csv,1.7797845109331345,16
2526,[2009. 4. 13. 12. 55. 24.468],43,B0029,39,2527,02527.csv,1.7657088508465202,17
2528,[2009. 4. 13. 15. 59. 56.875],43,B0029,41,2529,02529.csv,1.7523941408724169,18
2530,[2009. 4. 13. 19. 4. 39.468],43,B0029,43,2531,02531.csv,1.7380191225603103,19
2532,[2009. 4. 13. 22. 9. 45.531],43,B0029,45,2533,02533.csv,1.7312214443143976,20
2536,[2009. 4. 14. 10. 33. 23.937],43,B0029,49,2537,02537.csv,1.7379128985265808,21
2538,[2009. 4. 14. 13. 36. 17.437],43,B0029,51,2539,02539.csv,1.7224270683625882,22
2540,[2009. 4. 14. 16. 39. 25.031],43,B0029,53,2541,02541.csv,1.7184213765608034,23
2542,[2009. 4. 14. 19. 42. 47.234],43,B0029,55,2543,02543.csv,1.7010220930648232,24
2544,[2009. 4. 14. 22. 45. 53.781],43,B0029,57,2545,02545.csv,1.693698739563104,25
2548,[2009. 4. 15. 14. 58. 30.250],43,B0029,61,2549,02549.csv,1.713072721286705,26
2550,[2009. 4. 15. 18. 1. 43.843],43,B0029,63,2551,02551.csv,1.6976972688567131,27
2552,[2009. 4. 15. 21. 2. 58.328],43,B0029,65,2553,02553.csv,1.6899314034061208,28
2554,[2009. 4. 16. 0. 5. 0.812],43,B0029,67,2555,02555.csv,1.685023551367069,29
2556,[2009. 4. 16. 3. 6. 43.062],43,B0029,69,2557,02557.csv,1.678389965463405,30
2560,[2009. 4. 16. 10. 13. 36.390],43,B0029,73,2561,02561.csv,1.6737947494868326,31
2562,[2009. 4. 16. 13. 14. 46.296],43,B0029,75,2563,02563.csv,1.6687898927884717,32
2564,[2009. 4. 16. 16. 16. 19.734],43,B0029,77,2565,02565.csv,1.6492566306631429,33
2566,[2009. 4. 16. 19. 17. 26.531],43,B0029,79,2567,02567.csv,1.6409676757039668,34
2568,[2009. 4. 16. 22. 17. 17.750],43,B0029,81,2569,02569.csv,1.6456360229757092,35
2572,[2009. 4. 17. 9. 45. 34.062],43,B0029,85,2573,02573.csv,1.654547743574037,36
2574,[2009. 4. 17. 12. 46. 29.125],43,B0029,87,2575,02575.csv,1.6461201520877546,37
2576,[2009. 4. 17. 15. 46. 53.875],43,B0029,89,2577,02577.csv,1.6275119188151763,38
2578,[2009. 4. 17. 18. 47. 33.937],43,B0029,91,2579,02579.csv,1.6200530533464497,39
2580,[2009. 4. 17. 21. 46. 23.796],43,B0029,93,2581,02581.csv,1.612079811711934,40
2585,[2009. 4. 7. 16. 31. 1.890],43,B0030,1,2586,02586.csv,1.6560706096175404,1
2587,[2009. 4. 7. 19. 44. 26.578],43,B0030,3,2588,02588.csv,1.7815548749509116,2
2589,[2009. 4. 7. 22. 58. 18.000],43,B0030,5,2590,02590.csv,1.761969227822918,3
2591,[2009. 4. 8. 2. 11. 30.218],43,B0030,7,2592,02592.csv,1.751755031874225,4
2593,[2009. 4. 8. 5. 23. 26.343],43,B0030,9,2594,02594.csv,1.7381688070362076,5
2597,[2009. 4. 9. 10. 24. 58.296],43,B0030,13,2598,02598.csv,1.750674529346134,6
2599,[2009. 4. 9. 13. 33. 59.843],43,B0030,15,2600,02600.csv,1.7491047649061158,7
2601,[2009. 4. 9. 16. 42. 43.421],43,B0030,17,2602,02602.csv,1.7252544028765475,8
2603,[2009. 4. 9. 19. 50. 50.062],43,B0030,19,2604,02604.csv,1.7112621367644252,9
2605,[2009. 4. 9. 22. 58. 17.875],43,B0030,21,2606,02606.csv,1.6990418392711273,10
2609,[2009. 4. 10. 12. 49. 4.718],43,B0030,25,2610,02610.csv,1.7185770039532977,11
2611,[2009. 4. 10. 15. 54. 20.093],43,B0030,27,2612,02612.csv,1.70324722921867,12
2613,[2009. 4. 10. 18. 59. 6.625],43,B0030,29,2614,02614.csv,1.689458044662304,13
2615,[2009. 4. 10. 22. 3. 26.625],43,B0030,31,2616,02616.csv,1.6756136292719177,14
2617,[2009. 4. 11. 1. 8. 27.484],43,B0030,33,2618,02618.csv,1.6718407140871654,15
2621,[2009. 4. 13. 9. 51. 27.484],43,B0030,37,2622,02622.csv,1.7233056681204446,16
2623,[2009. 4. 13. 12. 55. 24.468],43,B0030,39,2624,02624.csv,1.709207290507283,17
2625,[2009. 4. 13. 15. 59. 56.875],43,B0030,41,2626,02626.csv,1.684001734344571,18
2627,[2009. 4. 13. 19. 4. 39.468],43,B0030,43,2628,02628.csv,1.66898698813004,19
2629,[2009. 4. 13. 22. 9. 45.531],43,B0030,45,2630,02630.csv,1.6620689362837142,20
2633,[2009. 4. 14. 10. 33. 23.937],43,B0030,49,2634,02634.csv,1.6687049625248174,21
2635,[2009. 4. 14. 13. 36. 17.437],43,B0030,51,2636,02636.csv,1.652762183550463,22
2637,[2009. 4. 14. 16. 39. 25.031],43,B0030,53,2638,02638.csv,1.648481366235244,23
2639,[2009. 4. 14. 19. 42. 47.234],43,B0030,55,2640,02640.csv,1.6307406443132095,24
2641,[2009. 4. 14. 22. 45. 53.781],43,B0030,57,2642,02642.csv,1.62323023017929,25
2645,[2009. 4. 15. 14. 58. 30.250],43,B0030,61,2646,02646.csv,1.654190654039439,26
2647,[2009. 4. 15. 18. 1. 43.843],43,B0030,63,2648,02648.csv,1.638514396616985,27
2649,[2009. 4. 15. 21. 2. 58.328],43,B0030,65,2650,02650.csv,1.618847673357618,28
2651,[2009. 4. 16. 0. 5. 0.812],43,B0030,67,2652,02652.csv,1.6134212267751404,29
2653,[2009. 4. 16. 3. 6. 43.062],43,B0030,69,2654,02654.csv,1.6066443601761986,30
2657,[2009. 4. 16. 10. 13. 36.390],43,B0030,73,2658,02658.csv,1.6138387876938998,31
2659,[2009. 4. 16. 13. 14. 46.296],43,B0030,75,2660,02660.csv,1.596329501327274,32
2661,[2009. 4. 16. 16. 16. 19.734],43,B0030,77,2662,02662.csv,1.589078586740699,33
2663,[2009. 4. 16. 19. 17. 26.531],43,B0030,79,2664,02664.csv,1.5805481432309574,34
2665,[2009. 4. 16. 22. 17. 17.750],43,B0030,81,2666,02666.csv,1.584613105427081,35
2669,[2009. 4. 17. 9. 45. 34.062],43,B0030,85,2670,02670.csv,1.5936651221220737,36
2671,[2009. 4. 17. 12. 46. 29.125],43,B0030,87,2672,02672.csv,1.5849874126960888,37
2673,[2009. 4. 17. 15. 46. 53.875],43,B0030,89,2674,02674.csv,1.5787064969416462,38
2675,[2009. 4. 17. 18. 47. 33.937],43,B0030,91,2676,02676.csv,1.570705516096967,39
2677,[2009. 4. 17. 21. 46. 23.796],43,B0030,93,2678,02678.csv,1.562780404428482,40
2682,[2009. 4. 7. 16. 31. 1.890],43,B0031,1,2683,02683.csv,1.6666751942525773,1
2684,[2009. 4. 7. 19. 44. 26.578],43,B0031,3,2685,02685.csv,1.8328583629543171,2
2686,[2009. 4. 7. 22. 58. 18.000],43,B0031,5,2687,02687.csv,1.8139835002945135,3
2688,[2009. 4. 8. 2. 11. 30.218],43,B0031,7,2689,02689.csv,1.8044387333514835,4
2690,[2009. 4. 8. 5. 23. 26.343],43,B0031,9,2691,02691.csv,1.802147684291295,5
2694,[2009. 4. 9. 10. 24. 58.296],43,B0031,13,2695,02695.csv,1.7715647509798835,6
2696,[2009. 4. 9. 13. 33. 59.843],43,B0031,15,2697,02697.csv,1.8139928165779544,7
2698,[2009. 4. 9. 16. 42. 43.421],43,B0031,17,2699,02699.csv,1.8013261041198854,8
2700,[2009. 4. 9. 19. 50. 50.062],43,B0031,19,2701,02701.csv,1.7883722583933568,9
2702,[2009. 4. 9. 22. 58. 17.875],43,B0031,21,2703,02703.csv,1.776540165737316,10
2706,[2009. 4. 10. 12. 49. 4.718],43,B0031,25,2707,02707.csv,1.7856209131823229,11
2708,[2009. 4. 10. 15. 54. 20.093],43,B0031,27,2709,02709.csv,1.781363403668594,12
2710,[2009. 4. 10. 18. 59. 6.625],43,B0031,29,2711,02711.csv,1.768489838397124,13
2712,[2009. 4. 10. 22. 3. 26.625],43,B0031,31,2713,02713.csv,1.766505238291406,14
2714,[2009. 4. 11. 1. 8. 27.484],43,B0031,33,2715,02715.csv,1.751740527921767,15
2718,[2009. 4. 13. 9. 51. 27.484],43,B0031,37,2719,02719.csv,1.7352349314055016,16
2720,[2009. 4. 13. 12. 55. 24.468],43,B0031,39,2721,02721.csv,1.7782778274549178,17
2722,[2009. 4. 13. 15. 59. 56.875],43,B0031,41,2723,02723.csv,1.7649894859707391,18
2724,[2009. 4. 13. 19. 4. 39.468],43,B0031,43,2725,02725.csv,1.762591283533551,19
2726,[2009. 4. 13. 22. 9. 45.531],43,B0031,45,2727,02727.csv,1.744314576121582,20
2730,[2009. 4. 14. 10. 33. 23.937],43,B0031,49,2731,02731.csv,1.7628373753518478,21
2732,[2009. 4. 14. 13. 36. 17.437],43,B0031,51,2733,02733.csv,1.747857930947971,22
2734,[2009. 4. 14. 16. 39. 25.031],43,B0031,53,2735,02735.csv,1.7441167338864991,23
2736,[2009. 4. 14. 19. 42. 47.234],43,B0031,55,2737,02737.csv,1.7268422932817389,24
2738,[2009. 4. 14. 22. 45. 53.781],43,B0031,57,2739,02739.csv,1.7203093493042263,25
2742,[2009. 4. 15. 14. 58. 30.250],43,B0031,61,2743,02743.csv,1.7394245516699778,26
2744,[2009. 4. 15. 18. 1. 43.843],43,B0031,63,2745,02745.csv,1.7367384416372014,27
2746,[2009. 4. 15. 21. 2. 58.328],43,B0031,65,2747,02747.csv,1.716963468448543,28
2748,[2009. 4. 16. 0. 5. 0.812],43,B0031,67,2749,02749.csv,1.7127773558366357,29
2750,[2009. 4. 16. 3. 6. 43.062],43,B0031,69,2751,02751.csv,1.7061083466554066,30
2754,[2009. 4. 16. 10. 13. 36.390],43,B0031,73,2755,02755.csv,1.713732696207521,31
2756,[2009. 4. 16. 13. 14. 46.296],43,B0031,75,2757,02757.csv,1.7093475797926974,32
2758,[2009. 4. 16. 16. 16. 19.734],43,B0031,77,2759,02759.csv,1.690100045411559,33
2760,[2009. 4. 16. 19. 17. 26.531],43,B0031,79,2761,02761.csv,1.6946883343387664,34
2762,[2009. 4. 16. 22. 17. 17.750],43,B0031,81,2763,02763.csv,1.687010991299212,35
2766,[2009. 4. 17. 9. 45. 34.062],43,B0031,85,2767,02767.csv,1.6957069027070075,36
2768,[2009. 4. 17. 12. 46. 29.125],43,B0031,87,2769,02769.csv,1.687696889615565,37
2770,[2009. 4. 17. 15. 46. 53.875],43,B0031,89,2771,02771.csv,1.6819617127259294,38
2772,[2009. 4. 17. 18. 47. 33.937],43,B0031,91,2773,02773.csv,1.6750033888978846,39
2774,[2009. 4. 17. 21. 46. 23.796],43,B0031,93,2775,02775.csv,1.6672987794846676,40
2779,[2009. 4. 7. 16. 31. 1.890],43,B0032,1,2780,02780.csv,1.704864107351214,1
2781,[2009. 4. 7. 19. 44. 26.578],43,B0032,3,2782,02782.csv,1.8940319526948568,2
2783,[2009. 4. 7. 22. 58. 18.000],43,B0032,5,2784,02784.csv,1.8747686491853093,3
2785,[2009. 4. 8. 2. 11. 30.218],43,B0032,7,2786,02786.csv,1.8654947184112376,4
2787,[2009. 4. 8. 5. 23. 26.343],43,B0032,9,2788,02788.csv,1.8527398169018068,5
2791,[2009. 4. 9. 10. 24. 58.296],43,B0032,13,2792,02792.csv,1.844174397003866,6
2793,[2009. 4. 9. 13. 33. 59.843],43,B0032,15,2794,02794.csv,1.8430238477512757,7
2795,[2009. 4. 9. 16. 42. 43.421],43,B0032,17,2796,02796.csv,1.8302818174911863,8
2797,[2009. 4. 9. 19. 50. 50.062],43,B0032,19,2798,02798.csv,1.8173838456081812,9
2799,[2009. 4. 9. 22. 58. 17.875],43,B0032,21,2800,02800.csv,1.805799298110468,10
2803,[2009. 4. 10. 12. 49. 4.718],43,B0032,25,2804,02804.csv,1.8149829605049184,11
2805,[2009. 4. 10. 15. 54. 20.093],43,B0032,27,2806,02806.csv,1.7995150369321795,12
2807,[2009. 4. 10. 18. 59. 6.625],43,B0032,29,2808,02808.csv,1.7866516942518147,13
2809,[2009. 4. 10. 22. 3. 26.625],43,B0032,31,2810,02810.csv,1.7735550719416031,14
2811,[2009. 4. 11. 1. 8. 27.484],43,B0032,33,2812,02812.csv,1.769995333364443,15
2815,[2009. 4. 13. 9. 51. 27.484],43,B0032,37,2816,02816.csv,1.799526080374287,16
2817,[2009. 4. 13. 12. 55. 24.468],43,B0032,39,2818,02818.csv,1.7968530684449833,17
2819,[2009. 4. 13. 15. 59. 56.875],43,B0032,41,2820,02820.csv,1.7838265504081745,18
2821,[2009. 4. 13. 19. 4. 39.468],43,B0032,43,2822,02822.csv,1.7696444491040102,19
2823,[2009. 4. 13. 22. 9. 45.531],43,B0032,45,2824,02824.csv,1.7512940457049684,20
2827,[2009. 4. 14. 10. 33. 23.937],43,B0032,49,2828,02828.csv,1.7697554297961993,21
2829,[2009. 4. 14. 13. 36. 17.437],43,B0032,51,2830,02830.csv,1.7547726933914918,22
2831,[2009. 4. 14. 16. 39. 25.031],43,B0032,53,2832,02832.csv,1.7389166355812984,23
2833,[2009. 4. 14. 19. 42. 47.234],43,B0032,55,2834,02834.csv,1.7337200518764075,24
2835,[2009. 4. 14. 22. 45. 53.781],43,B0032,57,2836,02836.csv,1.7150972597500092,25
2839,[2009. 4. 15. 14. 58. 30.250],43,B0032,61,2840,02840.csv,1.7462926148815636,26
2841,[2009. 4. 15. 18. 1. 43.843],43,B0032,63,2842,02842.csv,1.719149261914565,27
2843,[2009. 4. 15. 21. 2. 58.328],43,B0032,65,2844,02844.csv,1.711582246191498,28
2845,[2009. 4. 16. 0. 5. 0.812],43,B0032,67,2846,02846.csv,1.69510511952259,29
2847,[2009. 4. 16. 3. 6. 43.062],43,B0032,69,2848,02848.csv,1.7005124371100973,30
2851,[2009. 4. 16. 10. 13. 36.390],43,B0032,73,2852,02852.csv,1.7080989351250158,31
2853,[2009. 4. 16. 13. 14. 46.296],43,B0032,75,2854,02854.csv,1.691435430587127,32
2855,[2009. 4. 16. 16. 16. 19.734],43,B0032,77,2856,02856.csv,1.6844494328889932,33
2857,[2009. 4. 16. 19. 17. 26.531],43,B0032,79,2858,02858.csv,1.664037581688075,34
2859,[2009. 4. 16. 22. 17. 17.750],43,B0032,81,2860,02860.csv,1.6686372014231974,35
2863,[2009. 4. 17. 9. 45. 34.062],43,B0032,85,2864,02864.csv,1.6899344075625968,36
2865,[2009. 4. 17. 12. 46. 29.125],43,B0032,87,2866,02866.csv,1.669431712846442,37
2867,[2009. 4. 17. 15. 46. 53.875],43,B0032,89,2868,02868.csv,1.6634226761839213,38
2869,[2009. 4. 17. 18. 47. 33.937],43,B0032,91,2870,02870.csv,1.643615219594737,39
2871,[2009. 4. 17. 21. 46. 23.796],43,B0032,93,2872,02872.csv,1.6358000873538243,40
2875,[2009. 6. 19. 17. 18. 16.015],24,B0033,0,2876,02876.csv,0.0684257224060181,1
2879,[2009. 6. 19. 22. 2. 50.609],24,B0033,4,2880,02880.csv,0.6895699007862814,2
2881,[2009. 6. 20. 1. 59. 39.750],24,B0033,6,2882,02882.csv,1.1610848192311252,3
2883,[2009. 6. 20. 5. 55. 38.984],24,B0033,8,2884,02884.csv,1.2529393053824995,4
2885,[2009. 6. 20. 9. 50. 35.156],24,B0033,10,2886,02886.csv,1.302918002447558,5
2887,[2009. 6. 20. 13. 47. 19.156],24,B0033,12,2888,02888.csv,1.3218773211472523,6
2891,[2009. 6. 20. 18. 55. 22.281],24,B0033,16,2892,02892.csv,1.2884694418301417,7
2893,[2009. 6. 20. 22. 51. 49.984],24,B0033,18,2894,02894.csv,1.713169326386719,8
2895,[2009. 6. 21. 2. 48. 20.078],24,B0033,20,2896,02896.csv,1.6560966776720512,9
2897,[2009. 6. 21. 6. 44. 49.843],24,B0033,22,2898,02898.csv,1.6197297341990775,10
2899,[2009. 6. 21. 10. 41. 15.046],24,B0033,24,2900,02900.csv,1.604655812282729,11
2903,[2009. 6. 21. 15. 49. 5.796],24,B0033,28,2904,02904.csv,1.6255699769029337,12
2905,[2009. 6. 21. 19. 45. 24.468],24,B0033,30,2906,02906.csv,1.5900967306245992,13
2907,[2009. 6. 21. 23. 41. 43.609],24,B0033,32,2908,02908.csv,1.5739402299623984,14
2909,[2009. 6. 22. 3. 37. 57.218],24,B0033,34,2910,02910.csv,1.5711303351557309,15
2911,[2009. 6. 22. 7. 34. 6.234],24,B0033,36,2912,02912.csv,1.5897706153457416,16
2915,[2009. 6. 22. 12. 41. 48.359],24,B0033,40,2916,02916.csv,1.6257378771074,17
2917,[2009. 6. 22. 16. 38. 13.281],24,B0033,42,2918,02918.csv,1.6523506333962537,18
2919,[2009. 6. 22. 20. 34. 46.062],24,B0033,44,2920,02920.csv,1.6143816761595386,19
2921,[2009. 6. 23. 0. 31. 3.375],24,B0033,46,2922,02922.csv,1.58697453394504,20
2923,[2009. 6. 23. 4. 27. 4.484],24,B0033,48,2924,02924.csv,1.5818355572787333,21
2927,[2009. 6. 26. 15. 29. 34.968],24,B0033,52,2928,02928.csv,1.6919769406371152,22
2931,[2009. 6. 26. 20. 32. 24.265],24,B0033,56,2932,02932.csv,1.6879483800354476,23
2933,[2009. 6. 27. 0. 28. 29.453],24,B0033,58,2934,02934.csv,1.6586223007531458,24
2935,[2009. 6. 27. 4. 25. 16.218],24,B0033,60,2936,02936.csv,1.6420179032789863,25
2937,[2009. 6. 27. 8. 21. 51.234],24,B0033,62,2938,02938.csv,1.6381810791118745,26
2939,[2009. 6. 27. 12. 18. 20.500],24,B0033,64,2940,02940.csv,1.6422892507912386,27
2943,[2009. 6. 27. 17. 26. 12.718],24,B0033,68,2944,02944.csv,1.651270876264092,28
2945,[2009. 6. 27. 21. 22. 21.781],24,B0033,70,2946,02946.csv,1.6326559297917211,29
2947,[2009. 6. 28. 1. 18. 34.656],24,B0033,72,2948,02948.csv,1.6260888111680731,30
2949,[2009. 6. 28. 5. 14. 48.250],24,B0033,74,2950,02950.csv,1.6079292963823688,31
2951,[2009. 6. 28. 9. 10. 46.125],24,B0033,76,2952,02952.csv,1.6125361114907395,32
2955,[2009. 6. 28. 14. 18. 12.906],24,B0033,80,2956,02956.csv,1.6218384168987892,33
2957,[2009. 6. 28. 18. 13. 23.984],24,B0033,82,2958,02958.csv,1.6145443029101134,34
2959,[2009. 6. 28. 22. 7. 58.453],24,B0033,84,2960,02960.csv,1.5953958917107596,35
2961,[2009. 6. 29. 2. 3. 46.140],24,B0033,86,2962,02962.csv,1.5877243027113055,36
2963,[2009. 6. 29. 5. 59. 12.218],24,B0033,88,2964,02964.csv,1.5811840578305605,37
2967,[2009. 6. 29. 11. 6. 27.906],24,B0033,92,2968,02968.csv,1.6128422608267754,38
2969,[2009. 6. 29. 14. 59. 50.625],24,B0033,94,2970,02970.csv,1.61998606328022,39
2971,[2009. 6. 29. 18. 50. 48.062],24,B0033,96,2972,02972.csv,1.6099381853611876,40
2973,[2009. 6. 29. 22. 44. 42.875],24,B0033,98,2974,02974.csv,1.577097753956516,41
2975,[2009. 6. 30. 2. 36. 39.734],24,B0033,100,2976,02976.csv,1.5708599066554392,42
2979,[2009. 7. 1. 11. 15. 23.875],24,B0033,104,2980,02980.csv,1.6261581345348248,43
2983,[2009. 7. 1. 16. 18. 18.546],24,B0033,108,2984,02984.csv,1.6348129972245726,44
2985,[2009. 7. 1. 20. 10. 2.437],24,B0033,110,2986,02986.csv,1.611705363734261,45
2987,[2009. 7. 14. 16. 14. 47.937],24,B0033,112,2988,02988.csv,1.8851401699720665,46
2991,[2009. 7. 14. 21. 23. 50.218],24,B0033,116,2992,02992.csv,1.6584957887780232,47
2993,[2009. 7. 15. 1. 16. 15.015],24,B0033,118,2994,02994.csv,1.62418934644937,48
2995,[2009. 7. 15. 5. 9. 4.546],24,B0033,120,2996,02996.csv,1.604172098856364,49
2997,[2009. 7. 15. 9. 4. 59.109],24,B0033,122,2998,02998.csv,1.6080016740907346,50
2999,[2009. 7. 15. 12. 57. 49.296],24,B0033,124,3000,03000.csv,1.6256752138435595,51
3003,[2009. 7. 15. 18. 0. 54.640],24,B0033,128,3004,03004.csv,1.617632765910718,52
3005,[2009. 7. 15. 21. 52. 48.093],24,B0033,130,3006,03006.csv,1.5973191489094265,53
3007,[2009. 7. 16. 1. 44. 58.390],24,B0033,132,3008,03008.csv,1.5875852250170606,54
3009,[2009. 7. 16. 5. 37. 32.718],24,B0033,134,3010,03010.csv,1.5802530015403684,55
3011,[2009. 7. 16. 9. 29. 18.125],24,B0033,136,3012,03012.csv,1.583036530487776,56
3015,[2009. 7. 16. 14. 36. 0.453],24,B0033,140,3016,03016.csv,1.6027138832797037,57
3017,[2009. 7. 16. 18. 26. 9.140],24,B0033,142,3018,03018.csv,1.5930709154513834,58
3019,[2009. 7. 16. 22. 18. 31.578],24,B0033,144,3020,03020.csv,1.5448888685020246,59
3021,[2009. 7. 17. 2. 10. 38.265],24,B0033,146,3022,03022.csv,1.5352188565640517,60
3023,[2009. 7. 17. 6. 2. 31.671],24,B0033,148,3024,03024.csv,1.5252677314227332,61
3027,[2009. 7. 17. 11. 8. 50.734],24,B0033,152,3028,03028.csv,1.5559492005453626,62
3029,[2009. 7. 17. 15. 0. 0.140],24,B0033,154,3030,03030.csv,1.564802943842715,63
3031,[2009. 7. 17. 18. 49. 14.750],24,B0033,156,3032,03032.csv,1.5518620461881203,64
3033,[2009. 7. 17. 22. 40. 36.953],24,B0033,158,3034,03034.csv,1.5144550545105004,65
3035,[2009. 7. 18. 2. 32. 19.203],24,B0033,160,3036,03036.csv,1.5051936202146428,66
3039,[2009. 7. 23. 10. 25. 18.890],24,B0033,164,3040,03040.csv,1.605823969917045,67
3043,[2009. 7. 23. 15. 28. 51.734],24,B0033,168,3044,03044.csv,1.6249005195877049,68
3045,[2009. 7. 23. 19. 19. 21.390],24,B0033,170,3046,03046.csv,1.589785130036615,69
3047,[2009. 7. 23. 23. 11. 10.812],24,B0033,172,3048,03048.csv,1.5552386152299904,70
3049,[2009. 7. 24. 3. 2. 51.234],24,B0033,174,3050,03050.csv,1.539756404636803,71
3051,[2009. 7. 24. 6. 55. 12.218],24,B0033,176,3052,03052.csv,1.5293174002138357,72
3055,[2009. 7. 24. 12. 1. 7.843],24,B0033,180,3056,03056.csv,1.547680553576876,73
3057,[2009. 7. 24. 15. 46. 9.421],24,B0033,182,3058,03058.csv,1.5659920939439786,74
3059,[2009. 7. 24. 19. 35. 49.250],24,B0033,184,3060,03060.csv,1.5416252851780503,75
3061,[2009. 7. 24. 23. 28. 2.156],24,B0033,186,3062,03062.csv,1.517590655990168,76
3063,[2009. 7. 25. 3. 20. 5.390],24,B0033,188,3064,03064.csv,1.5075202042593092,77
3067,[2009. 7. 25. 8. 26. 42.515],24,B0033,192,3068,03068.csv,1.49549282626034,78
3069,[2009. 7. 25. 12. 19. 43.718],24,B0033,194,3070,03070.csv,1.4997618811573148,79
3071,[2009. 7. 25. 16. 13. 2.187],24,B0033,196,3072,03072.csv,1.4906966807803954,80
3073,[2009. 7. 25. 20. 6. 55.421],24,B0033,198,3074,03074.csv,1.4800999425051866,81
3075,[2009. 7. 26. 0. 1. 9.546],24,B0033,200,3076,03076.csv,1.4676091496100632,82
3079,[2009. 7. 26. 5. 7. 11.546],24,B0033,204,3080,03080.csv,1.4729818491920503,83
3081,[2009. 7. 26. 9. 1. 35.140],24,B0033,206,3082,03082.csv,1.4742872137206404,84
3083,[2009. 7. 26. 12. 55. 45.109],24,B0033,208,3084,03084.csv,1.4635162808346138,85
3085,[2009. 7. 26. 16. 49. 47.359],24,B0033,210,3086,03086.csv,1.4527095680488362,86
3087,[2009. 7. 26. 20. 43. 48.921],24,B0033,212,3088,03088.csv,1.4557303847230247,87
3091,[2009. 7. 27. 1. 50. 3.890],24,B0033,216,3092,03092.csv,1.459740099618568,88
3093,[2009. 7. 27. 5. 43. 49.015],24,B0033,218,3094,03094.csv,1.448711504158192,89
3095,[2009. 7. 27. 9. 37. 15.140],24,B0033,220,3096,03096.csv,1.4666759762884336,90
3097,[2009. 7. 27. 13. 29. 48.031],24,B0033,222,3098,03098.csv,1.4689502109504418,91
3099,[2009. 7. 27. 17. 21. 22.671],24,B0033,224,3100,03100.csv,1.471116588522042,92
3103,[2009. 7. 27. 22. 28. 0.187],24,B0033,228,3104,03104.csv,1.4473012364654927,93
3105,[2009. 7. 28. 2. 21. 28.109],24,B0033,230,3106,03106.csv,1.4205315547561643,94
3107,[2009. 7. 28. 6. 15. 44.125],24,B0033,232,3108,03108.csv,1.4241466094817417,95
3109,[2009. 7. 28. 10. 9. 52.296],24,B0033,234,3110,03110.csv,1.4412820083364295,96
3111,[2009. 7. 28. 14. 3. 56.171],24,B0033,236,3112,03112.csv,1.4448965388921615,97
3115,[2009. 7. 28. 19. 9. 29.828],24,B0033,240,3116,03116.csv,1.4540256354795746,98
3117,[2009. 7. 28. 23. 2. 26.656],24,B0033,242,3118,03118.csv,1.4226030447542912,99
3119,[2009. 7. 29. 2. 56. 24.125],24,B0033,244,3120,03120.csv,1.410196954589097,100
3121,[2009. 7. 29. 6. 50. 26.906],24,B0033,246,3122,03122.csv,1.4144881298999457,101
3123,[2009. 7. 29. 10. 44. 27.906],24,B0033,248,3124,03124.csv,1.431360032946153,102
3127,[2009. 7. 29. 15. 50. 33.843],24,B0033,252,3128,03128.csv,1.4515133236517528,103
3129,[2009. 7. 29. 19. 41. 4.109],24,B0033,254,3130,03130.csv,1.4230376757726733,104
3131,[2009. 7. 29. 23. 34. 17.859],24,B0033,256,3132,03132.csv,1.396298696255913,105
3133,[2009. 7. 30. 3. 28. 18.171],24,B0033,258,3134,03134.csv,1.3979060730399124,106
3135,[2009. 7. 30. 7. 22. 22.187],24,B0033,260,3136,03136.csv,1.4011347560096767,107
3139,[2009. 7. 30. 12. 28. 5.953],24,B0033,264,3140,03140.csv,1.436782528945267,108
3141,[2009. 7. 30. 16. 19. 5.437],24,B0033,266,3142,03142.csv,1.4370006879546382,109
3143,[2009. 7. 30. 20. 9. 43.296],24,B0033,268,3144,03144.csv,1.410355528453481,110
3145,[2009. 7. 31. 0. 3. 7.406],24,B0033,270,3146,03146.csv,1.382633397996189,111
3147,[2009. 7. 31. 3. 56. 28.390],24,B0033,272,3148,03148.csv,1.3699403583067564,112
3151,[2009. 7. 31. 9. 1. 51.906],24,B0033,276,3152,03152.csv,1.3786129327882322,113
3153,[2009. 7. 31. 15. 42. 0.562],24,B0033,278,3154,03154.csv,1.8035959863147195,114
3157,[2009. 7. 31. 21. 3. 2.062],24,B0033,282,3158,03158.csv,1.4234424290662009,115
3159,[2009. 8. 1. 0. 54. 40.031],24,B0033,284,3160,03160.csv,1.3946003892958665,116
3161,[2009. 8. 1. 4. 46. 48.453],24,B0033,286,3162,03162.csv,1.3961613987822286,117
3163,[2009. 8. 1. 8. 40. 39.031],24,B0033,288,3164,03164.csv,1.384968608315797,118
3165,[2009. 8. 1. 12. 33. 32.734],24,B0033,290,3166,03166.csv,1.3715114742475478,119
3169,[2009. 8. 1. 17. 38. 48.781],24,B0033,294,3170,03170.csv,1.3616865084879255,120
3171,[2009. 8. 1. 21. 30. 33.968],24,B0033,296,3172,03172.csv,1.3796301360966086,121
3173,[2009. 8. 2. 1. 23. 21.296],24,B0033,298,3174,03174.csv,1.364231776003204,122
3175,[2009. 8. 2. 5. 16. 47.781],24,B0033,300,3176,03176.csv,1.3418414512081456,123
3177,[2009. 8. 2. 9. 10. 15.046],24,B0033,302,3178,03178.csv,1.355221569579225,124
3181,[2009. 8. 2. 14. 15. 27.171],24,B0033,306,3182,03182.csv,1.3403860264029774,125
3183,[2009. 8. 2. 18. 8. 54.375],24,B0033,308,3184,03184.csv,1.3594078914195438,126
3185,[2009. 8. 2. 22. 2. 10.046],24,B0033,310,3186,03186.csv,1.3457100861355502,127
3187,[2009. 8. 3. 1. 55. 22.875],24,B0033,312,3188,03188.csv,1.3477611420854358,128
3189,[2009. 8. 3. 5. 48. 39.625],24,B0033,314,3190,03190.csv,1.335482103134067,129
3193,[2009. 8. 3. 10. 53. 34.968],24,B0033,318,3194,03194.csv,1.353154941842234,130
3195,[2009. 8. 3. 14. 44. 14.312],24,B0033,320,3196,03196.csv,1.3709677706044292,131
3197,[2009. 8. 3. 18. 38. 5.890],24,B0033,322,3198,03198.csv,1.357426672491866,132
3199,[2009. 8. 3. 22. 31. 42.515],24,B0033,324,3200,03200.csv,1.3443678821106904,133
3201,[2009. 8. 4. 2. 24. 55.453],24,B0033,326,3202,03202.csv,1.33005823859453,134
3205,[2009. 8. 5. 10. 47. 54.890],24,B0033,330,3206,03206.csv,1.4033641858066626,135
3209,[2009. 8. 5. 15. 53. 12.468],24,B0033,334,3210,03210.csv,1.3865570950229378,136
3211,[2009. 8. 5. 19. 44. 54.078],24,B0033,336,3212,03212.csv,1.3704138176872631,137
3213,[2009. 8. 5. 23. 38. 49.906],24,B0033,338,3214,03214.csv,1.325319393635713,138
3215,[2009. 8. 6. 3. 32. 21.312],24,B0033,340,3216,03216.csv,0.8439684993200656,139
3217,[2009. 8. 6. 7. 22. 48.562],24,B0033,342,3218,03218.csv,0.298661803715835,140
3221,[2009. 8. 6. 12. 25. 17.046],24,B0033,346,3222,03222.csv,0.2344867974702557,141
3223,[2009. 8. 6. 16. 13. 25.921],24,B0033,348,3224,03224.csv,0.2025633038072582,142
3225,[2009. 8. 6. 20. 0. 59.562],24,B0033,350,3226,03226.csv,0.2353199565407024,143
3227,[2009. 8. 6. 23. 49. 34.390],24,B0033,352,3228,03228.csv,0.2355042783748287,144
3229,[2009. 8. 7. 3. 40. 19.734],24,B0033,354,3230,03230.csv,0.4304242256752923,145
3233,[2009. 8. 7. 8. 44. 36.250],24,B0033,358,3234,03234.csv,0.4643633320269643,146
3235,[2009. 8. 7. 12. 32. 22.343],24,B0033,360,3236,03236.csv,0.3994839380247729,147
3237,[2009. 8. 7. 16. 20. 49.765],24,B0033,362,3238,03238.csv,1.461469789426299,148
3239,[2009. 8. 7. 20. 14. 10.406],24,B0033,364,3240,03240.csv,1.4150999545382532,149
3241,[2009. 8. 8. 0. 7. 5.125],24,B0033,366,3242,03242.csv,1.383632373873956,150
3245,[2009. 8. 8. 5. 11. 27.593],24,B0033,370,3246,03246.csv,1.3705402893609833,151
3247,[2009. 8. 8. 9. 3. 54.812],24,B0033,372,3248,03248.csv,1.3557042566115398,152
3249,[2009. 8. 8. 12. 56. 26.703],24,B0033,374,3250,03250.csv,1.3578385793919765,153
3251,[2009. 8. 8. 16. 48. 44.937],24,B0033,376,3252,03252.csv,1.3609083979571397,154
3253,[2009. 8. 8. 20. 40. 51.687],24,B0033,378,3254,03254.csv,1.3495626547684758,155
3257,[2009. 8. 17. 13. 8. 30.968],24,B0033,382,3258,03258.csv,1.1888877132486642,156
3261,[2009. 8. 17. 18. 14. 9.375],24,B0033,386,3262,03262.csv,1.5041493934608643,157
3263,[2009. 8. 17. 22. 6. 54.109],24,B0033,388,3264,03264.csv,1.4899088638712767,158
3265,[2009. 8. 18. 2. 1. 3.312],24,B0033,390,3266,03266.csv,1.475330178643193,159
3267,[2009. 8. 18. 5. 55. 2.015],24,B0033,392,3268,03268.csv,1.459830765413703,160
3269,[2009. 8. 18. 9. 48. 49.640],24,B0033,394,3270,03270.csv,1.4474169057725728,161
3273,[2009. 8. 18. 14. 54. 37.937],24,B0033,398,3274,03274.csv,1.4676323674647154,162
3275,[2009. 8. 18. 18. 45. 24.703],24,B0033,400,3276,03276.csv,1.441552493165527,163
3277,[2009. 8. 18. 22. 39. 17.609],24,B0033,402,3278,03278.csv,1.418392873584403,164
3279,[2009. 8. 19. 2. 32. 38.625],24,B0033,404,3280,03280.csv,1.4031824838852518,165
3281,[2009. 8. 19. 6. 25. 55.265],24,B0033,406,3282,03282.csv,1.3911104661211642,166
3285,[2009. 8. 19. 11. 30. 52.687],24,B0033,410,3286,03286.csv,1.4086019958134537,167
3287,[2009. 8. 19. 15. 24. 12.875],24,B0033,412,3288,03288.csv,1.413770890394895,168
3289,[2009. 8. 19. 19. 17. 33.312],24,B0033,414,3290,03290.csv,1.412472234540845,169
3291,[2009. 8. 19. 23. 10. 50.875],24,B0033,416,3292,03292.csv,1.3831900026575588,170
3293,[2009. 8. 20. 3. 3. 46.687],24,B0033,418,3294,03294.csv,1.3646098107432565,171
3297,[2009. 8. 20. 8. 8. 26.703],24,B0033,422,3298,03298.csv,1.369751365782437,172
3299,[2009. 8. 20. 12. 1. 9.546],24,B0033,424,3300,03300.csv,1.3867946911071662,173
3301,[2009. 8. 20. 15. 51. 55.171],24,B0033,426,3302,03302.csv,1.3918615875742792,174
3303,[2009. 8. 20. 19. 42. 35.546],24,B0033,428,3304,03304.csv,1.377162352180965,175
3305,[2009. 8. 20. 23. 35. 23.250],24,B0033,430,3306,03306.csv,1.3599525359390852,176
3309,[2009. 8. 21. 17. 59. 25.484],24,B0033,434,3310,03310.csv,1.379779043170725,177
3313,[2009. 8. 21. 23. 4. 26.375],24,B0033,438,3314,03314.csv,1.3631373661966442,178
3315,[2009. 8. 22. 2. 57. 6.984],24,B0033,440,3316,03316.csv,1.3652295228794809,179
3317,[2009. 8. 22. 6. 49. 38.890],24,B0033,442,3318,03318.csv,1.3498620694059131,180
3319,[2009. 8. 22. 10. 41. 58.171],24,B0033,444,3320,03320.csv,1.3529504172332432,181
3321,[2009. 8. 22. 14. 34. 5.875],24,B0033,446,3322,03322.csv,1.3535740542605128,182
3325,[2009. 8. 22. 19. 38. 7.906],24,B0033,450,3326,03326.csv,1.3432225183905024,183
3327,[2009. 8. 22. 23. 30. 19.437],24,B0033,452,3328,03328.csv,1.3412081769053426,184
3329,[2009. 8. 23. 3. 22. 24.156],24,B0033,454,3330,03330.csv,1.3277389969987805,185
3331,[2009. 8. 23. 7. 14. 19.109],24,B0033,456,3332,03332.csv,1.329778900445409,186
3333,[2009. 8. 23. 11. 6. 6.546],24,B0033,458,3334,03334.csv,1.3356045028702497,187
3337,[2009. 8. 23. 16. 9. 49.296],24,B0033,462,3338,03338.csv,1.3177489685711123,188
3339,[2009. 8. 23. 20. 1. 32.500],24,B0033,464,3340,03340.csv,1.317605472474197,189
3341,[2009. 8. 23. 23. 53. 2.437],24,B0033,466,3342,03342.csv,1.3185279522072382,190
3343,[2009. 8. 24. 3. 44. 13.046],24,B0033,468,3344,03344.csv,1.3215397269813982,191
3345,[2009. 8. 24. 7. 35. 22.546],24,B0033,470,3346,03346.csv,1.3046615372928705,192
3349,[2009. 8. 24. 12. 38. 30.390],24,B0033,474,3350,03350.csv,1.3280324770208678,193
3351,[2009. 8. 24. 16. 30. 26.734],24,B0033,476,3352,03352.csv,1.3634549770713926,194
3353,[2009. 8. 24. 20. 22. 13.218],24,B0033,478,3354,03354.csv,1.3291316747402466,195
3355,[2009. 8. 25. 0. 13. 33.593],24,B0033,480,3356,03356.csv,1.3124201086917682,196
3357,[2009. 8. 25. 4. 4. 24.875],24,B0033,482,3358,03358.csv,1.3152825503676355,197
3361,[2009. 6. 19. 17. 18. 16.015],24,B0034,0,3362,03362.csv,0.7459302957645664,1
3365,[2009. 6. 19. 22. 2. 50.609],24,B0034,4,3366,03366.csv,1.6623217152845853,2
3367,[2009. 6. 20. 1. 59. 39.750],24,B0034,6,3368,03368.csv,1.645087369694532,3
3369,[2009. 6. 20. 5. 55. 38.984],24,B0034,8,3370,03370.csv,1.620729289277574,4
3371,[2009. 6. 20. 9. 50. 35.156],24,B0034,10,3372,03372.csv,1.5967402025126003,5
3373,[2009. 6. 20. 13. 47. 19.156],24,B0034,12,3374,03374.csv,1.4856500618812698,6
3377,[2009. 6. 20. 18. 55. 22.281],24,B0034,16,3378,03378.csv,1.4866702197497013,7
3379,[2009. 6. 20. 22. 51. 49.984],24,B0034,18,3380,03380.csv,1.4701330958405268,8
3381,[2009. 6. 21. 2. 48. 20.078],24,B0034,20,3382,03382.csv,1.4565041801019636,9
3383,[2009. 6. 21. 6. 44. 49.843],24,B0034,22,3384,03384.csv,1.4418961035576472,10
3385,[2009. 6. 21. 10. 41. 15.046],24,B0034,24,3386,03386.csv,1.4370949588970292,11
3389,[2009. 6. 21. 15. 49. 5.796],24,B0034,28,3390,03390.csv,1.4458703624967404,12
3391,[2009. 6. 21. 19. 45. 24.468],24,B0034,30,3392,03392.csv,1.432104054561837,13
3393,[2009. 6. 21. 23. 41. 43.609],24,B0034,32,3394,03394.csv,1.426720633302465,14
3395,[2009. 6. 22. 3. 37. 57.218],24,B0034,34,3396,03396.csv,1.4230846885129826,15
3397,[2009. 6. 22. 7. 34. 6.234],24,B0034,36,3398,03398.csv,1.4409479522418909,16
3401,[2009. 6. 22. 12. 41. 48.359],24,B0034,40,3402,03402.csv,1.486901544051865,17
3403,[2009. 6. 22. 16. 38. 13.281],24,B0034,42,3404,03404.csv,1.5245313226850703,18
3405,[2009. 6. 22. 20. 34. 46.062],24,B0034,44,3406,03406.csv,1.4629049605190707,19
3407,[2009. 6. 23. 0. 31. 3.375],24,B0034,46,3408,03408.csv,1.423079450854989,20
3409,[2009. 6. 23. 4. 27. 4.484],24,B0034,48,3410,03410.csv,1.4051040863603437,21
3413,[2009. 6. 26. 15. 29. 34.968],24,B0034,52,3414,03414.csv,1.6329463925070862,22
3417,[2009. 6. 26. 20. 32. 24.265],24,B0034,56,3418,03418.csv,1.5687138208259117,23
3419,[2009. 6. 27. 0. 28. 29.453],24,B0034,58,3420,03420.csv,1.5149520966053402,24
3421,[2009. 6. 27. 4. 25. 16.218],24,B0034,60,3422,03422.csv,1.4855182940634626,25
3423,[2009. 6. 27. 8. 21. 51.234],24,B0034,62,3424,03424.csv,1.480771929049074,26
3425,[2009. 6. 27. 12. 18. 20.500],24,B0034,64,3426,03426.csv,1.484026357317059,27
3429,[2009. 6. 27. 17. 26. 12.718],24,B0034,68,3430,03430.csv,1.4922153055506522,28
3431,[2009. 6. 27. 21. 22. 21.781],24,B0034,70,3432,03432.csv,1.473312924099279,29
3433,[2009. 6. 28. 1. 18. 34.656],24,B0034,72,3434,03434.csv,1.441593178980006,30
3435,[2009. 6. 28. 5. 14. 48.250],24,B0034,74,3436,03436.csv,1.4225873198015788,31
3437,[2009. 6. 28. 9. 10. 46.125],24,B0034,76,3438,03438.csv,1.4266489379486664,32
3441,[2009. 6. 28. 14. 18. 12.906],24,B0034,80,3442,03442.csv,1.4596775560238575,33
3443,[2009. 6. 28. 18. 13. 23.984],24,B0034,82,3444,03444.csv,1.4396159938545154,34
3445,[2009. 6. 28. 22. 7. 58.453],24,B0034,84,3446,03446.csv,1.4195512657848512,35
3447,[2009. 6. 29. 2. 3. 46.140],24,B0034,86,3448,03448.csv,1.4118101714470452,36
3449,[2009. 6. 29. 5. 59. 12.218],24,B0034,88,3450,03450.csv,1.4044196701845313,37
3453,[2009. 6. 29. 11. 6. 27.906],24,B0034,92,3454,03454.csv,1.4735059098606866,38
3455,[2009. 6. 29. 14. 59. 50.625],24,B0034,94,3456,03456.csv,1.492658600645149,39
3457,[2009. 6. 29. 18. 50. 48.062],24,B0034,96,3458,03458.csv,1.4820260149945934,40
3459,[2009. 6. 29. 22. 44. 42.875],24,B0034,98,3460,03460.csv,1.423575357658995,41
3461,[2009. 6. 30. 2. 36. 39.734],24,B0034,100,3462,03462.csv,1.403825219724535,42
3465,[2009. 7. 1. 11. 15. 23.875],24,B0034,104,3466,03466.csv,1.5363173478836123,43
3469,[2009. 7. 1. 16. 18. 18.546],24,B0034,108,3470,03470.csv,1.5440367168176732,44
3471,[2009. 7. 1. 20. 10. 2.437],24,B0034,110,3472,03472.csv,1.507892155360249,45
3473,[2009. 7. 14. 16. 14. 47.937],24,B0034,112,3474,03474.csv,1.8203060058691087,46
3477,[2009. 7. 14. 21. 23. 50.218],24,B0034,116,3478,03478.csv,1.5936575758226643,47
3479,[2009. 7. 15. 1. 16. 15.015],24,B0034,118,3480,03480.csv,1.533070464968097,48
3481,[2009. 7. 15. 5. 9. 4.546],24,B0034,120,3482,03482.csv,1.4862143093107285,49
3483,[2009. 7. 15. 9. 4. 59.109],24,B0034,122,3484,03484.csv,1.5029318848267783,50
3485,[2009. 7. 15. 12. 57. 49.296],24,B0034,124,3486,03486.csv,1.5202185406928062,51
3489,[2009. 7. 15. 18. 0. 54.640],24,B0034,128,3490,03490.csv,1.5118194735004464,52
3491,[2009. 7. 15. 21. 52. 48.093],24,B0034,130,3492,03492.csv,1.464601301820905,53
3493,[2009. 7. 16. 1. 44. 58.390],24,B0034,132,3494,03494.csv,1.4546140961511749,54
3495,[2009. 7. 16. 5. 37. 32.718],24,B0034,134,3496,03496.csv,1.4333400490204142,55
3497,[2009. 7. 16. 9. 29. 18.125],24,B0034,136,3498,03498.csv,1.449326234639616,56
3501,[2009. 7. 16. 14. 36. 0.453],24,B0034,140,3502,03502.csv,1.495199821798908,57
3503,[2009. 7. 16. 18. 26. 9.140],24,B0034,142,3504,03504.csv,1.4720590241846008,58
3505,[2009. 7. 16. 22. 18. 31.578],24,B0034,144,3506,03506.csv,1.4097383014648728,59
3507,[2009. 7. 17. 2. 10. 38.265],24,B0034,146,3508,03508.csv,1.3861944181384176,60
3509,[2009. 7. 17. 6. 2. 31.671],24,B0034,148,3510,03510.csv,1.3624125407550536,61
3513,[2009. 7. 17. 11. 8. 50.734],24,B0034,152,3514,03514.csv,1.4471377445077278,62
3515,[2009. 7. 17. 15. 0. 0.140],24,B0034,154,3516,03516.csv,1.4554483390450048,63
3517,[2009. 7. 17. 18. 49. 14.750],24,B0034,156,3518,03518.csv,1.4423952167302958,64
3519,[2009. 7. 17. 22. 40. 36.953],24,B0034,158,3520,03520.csv,1.377541945989605,65
3521,[2009. 7. 18. 2. 32. 19.203],24,B0034,160,3522,03522.csv,1.3539935892900532,66
3525,[2009. 7. 23. 10. 25. 18.890],24,B0034,164,3526,03526.csv,1.5509038861664448,67
3529,[2009. 7. 23. 15. 28. 51.734],24,B0034,168,3530,03530.csv,1.5562932697752867,68
3531,[2009. 7. 23. 19. 19. 21.390],24,B0034,170,3532,03532.csv,1.5067526605064707,69
3533,[2009. 7. 23. 23. 11. 10.812],24,B0034,172,3534,03534.csv,1.444138733302766,70
3535,[2009. 7. 24. 3. 2. 51.234],24,B0034,174,3536,03536.csv,1.4144103811292437,71
3537,[2009. 7. 24. 6. 55. 12.218],24,B0034,176,3538,03538.csv,1.3897574212362729,72
3541,[2009. 7. 24. 12. 1. 7.843],24,B0034,180,3542,03542.csv,1.449968311475299,73
3543,[2009. 7. 24. 15. 46. 9.421],24,B0034,182,3544,03544.csv,1.4678653068012166,74
3545,[2009. 7. 24. 19. 35. 49.250],24,B0034,184,3546,03546.csv,1.4290644310445066,75
3547,[2009. 7. 24. 23. 28. 2.156],24,B0034,186,3548,03548.csv,1.376744834668327,76
3549,[2009. 7. 25. 3. 20. 5.390],24,B0034,188,3550,03550.csv,1.3515813262521057,77
3553,[2009. 7. 25. 8. 26. 42.515],24,B0034,192,3554,03554.csv,1.353993472828928,78
3555,[2009. 7. 25. 12. 19. 43.718],24,B0034,194,3556,03556.csv,1.3577165116893766,79
3557,[2009. 7. 25. 16. 13. 2.187],24,B0034,196,3558,03558.csv,1.334169315351027,80
3559,[2009. 7. 25. 20. 6. 55.421],24,B0034,198,3560,03560.csv,1.3372147888783987,81
3561,[2009. 7. 26. 0. 1. 9.546],24,B0034,200,3562,03562.csv,1.339045224276927,82
3565,[2009. 7. 26. 5. 7. 11.546],24,B0034,204,3566,03566.csv,1.3439244604756322,83
3567,[2009. 7. 26. 9. 1. 35.140],24,B0034,206,3568,03568.csv,1.3454786192090245,84
3569,[2009. 7. 26. 12. 55. 45.109],24,B0034,208,3570,03570.csv,1.3482263029682544,85
3571,[2009. 7. 26. 16. 49. 47.359],24,B0034,210,3572,03572.csv,1.3373192299576058,86
3573,[2009. 7. 26. 20. 43. 48.921],24,B0034,212,3574,03574.csv,1.3402523341553034,87
3577,[2009. 7. 27. 1. 50. 3.890],24,B0034,216,3578,03578.csv,1.329096568237912,88
3579,[2009. 7. 27. 5. 43. 49.015],24,B0034,218,3580,03580.csv,1.3323485655766352,89
3581,[2009. 7. 27. 9. 37. 15.140],24,B0034,220,3582,03582.csv,1.3501541310555516,90
3583,[2009. 7. 27. 13. 29. 48.031],24,B0034,222,3584,03584.csv,1.381523441054128,91
3585,[2009. 7. 27. 17. 21. 22.671],24,B0034,224,3586,03586.csv,1.3835971952817807,92
3589,[2009. 7. 27. 22. 28. 0.187],24,B0034,228,3590,03590.csv,1.33011618620809,93
3591,[2009. 7. 28. 2. 21. 28.109],24,B0034,230,3592,03592.csv,1.3176982121703231,94
3593,[2009. 7. 28. 6. 15. 44.125],24,B0034,232,3594,03594.csv,1.3063657719651272,95
3595,[2009. 7. 28. 10. 9. 52.296],24,B0034,234,3596,03596.csv,1.3381567383793782,96
3597,[2009. 7. 28. 14. 3. 56.171],24,B0034,236,3598,03598.csv,1.3563258092165067,97
3601,[2009. 7. 28. 19. 9. 29.828],24,B0034,240,3602,03602.csv,1.3648997529550058,98
3603,[2009. 7. 28. 23. 2. 26.656],24,B0034,242,3604,03604.csv,1.3337639975535058,99
3605,[2009. 7. 29. 2. 56. 24.125],24,B0034,244,3606,03606.csv,1.3060123668658763,100
3607,[2009. 7. 29. 6. 50. 26.906],24,B0034,246,3608,03608.csv,1.3101868361375808,101
3609,[2009. 7. 29. 10. 44. 27.906],24,B0034,248,3610,03610.csv,1.3567668941696105,102
3613,[2009. 7. 29. 15. 50. 33.843],24,B0034,252,3614,03614.csv,1.3916857433587717,103
3615,[2009. 7. 29. 19. 41. 4.109],24,B0034,254,3616,03616.csv,1.3629935079344777,104
3617,[2009. 7. 29. 23. 34. 17.859],24,B0034,256,3618,03618.csv,1.3211711973900628,105
3619,[2009. 7. 30. 3. 28. 18.171],24,B0034,258,3620,03620.csv,1.3074869015593356,106
3621,[2009. 7. 30. 7. 22. 22.187],24,B0034,260,3622,03622.csv,1.3105881895483489,107
3625,[2009. 7. 30. 12. 28. 5.953],24,B0034,264,3626,03626.csv,1.376312668196664,108
3627,[2009. 7. 30. 16. 19. 5.437],24,B0034,266,3628,03628.csv,1.391764929132287,109
3629,[2009. 7. 30. 20. 9. 43.296],24,B0034,268,3630,03630.csv,1.3649746353453525,110
3631,[2009. 7. 31. 0. 3. 7.406],24,B0034,270,3632,03632.csv,1.3219093937291897,111
3633,[2009. 7. 31. 3. 56. 28.390],24,B0034,272,3634,03634.csv,1.3090033888073913,112
3637,[2009. 7. 31. 9. 1. 51.906],24,B0034,276,3638,03638.csv,1.3327005721973733,113
3639,[2009. 7. 31. 15. 42. 0.562],24,B0034,278,3640,03640.csv,1.7423975189669398,114
3643,[2009. 7. 31. 21. 3. 2.062],24,B0034,282,3644,03644.csv,1.37734756281946,115
3645,[2009. 8. 1. 0. 54. 40.031],24,B0034,284,3646,03646.csv,1.34875988767775,116
3647,[2009. 8. 1. 4. 46. 48.453],24,B0034,286,3648,03648.csv,1.3501504559881146,117
3649,[2009. 8. 1. 8. 40. 39.031],24,B0034,288,3650,03650.csv,1.3387814875085953,118
3651,[2009. 8. 1. 12. 33. 32.734],24,B0034,290,3652,03652.csv,1.3253371210402685,119
3655,[2009. 8. 1. 17. 38. 48.781],24,B0034,294,3656,03656.csv,1.3308160596334049,120
3657,[2009. 8. 1. 21. 30. 33.968],24,B0034,296,3658,03658.csv,1.333083376618503,121
3659,[2009. 8. 2. 1. 23. 21.296],24,B0034,298,3660,03660.csv,1.3333226534895923,122
3661,[2009. 8. 2. 5. 16. 47.781],24,B0034,300,3662,03662.csv,1.3264281097516477,123
3663,[2009. 8. 2. 9. 10. 15.046],24,B0034,302,3664,03664.csv,1.323971040986857,124
3667,[2009. 8. 2. 14. 15. 27.171],24,B0034,306,3668,03668.csv,1.3249364225071156,125
3669,[2009. 8. 2. 18. 8. 54.375],24,B0034,308,3670,03670.csv,1.3283067675570923,126
3671,[2009. 8. 2. 22. 2. 10.046],24,B0034,310,3672,03672.csv,1.314584348909226,127
3673,[2009. 8. 3. 1. 55. 22.875],24,B0034,312,3674,03674.csv,1.3166841798543305,128
3675,[2009. 8. 3. 5. 48. 39.625],24,B0034,314,3676,03676.csv,1.3041727649654071,129
3679,[2009. 8. 3. 10. 53. 34.968],24,B0034,318,3680,03680.csv,1.3534450073572306,130
3681,[2009. 8. 3. 14. 44. 14.312],24,B0034,320,3682,03682.csv,1.371294082513786,131
3683,[2009. 8. 3. 18. 38. 5.890],24,B0034,322,3684,03684.csv,1.357699321922511,132
3685,[2009. 8. 3. 22. 31. 42.515],24,B0034,324,3686,03686.csv,1.3286903090919502,133
3687,[2009. 8. 4. 2. 24. 55.453],24,B0034,326,3688,03688.csv,1.3143943268181724,134
3691,[2009. 8. 5. 10. 47. 54.890],24,B0034,330,3692,03692.csv,1.3866783030110723,135
3695,[2009. 8. 5. 15. 53. 12.468],24,B0034,334,3696,03696.csv,1.3868330458429208,136
3697,[2009. 8. 5. 19. 44. 54.078],24,B0034,336,3698,03698.csv,1.3548037379291014,137
3699,[2009. 8. 5. 23. 38. 49.906],24,B0034,338,3700,03700.csv,1.3255787669951669,138
3701,[2009. 8. 6. 3. 32. 21.312],24,B0034,340,3702,03702.csv,1.3119728676377551,139
3703,[2009. 8. 6. 7. 22. 48.562],24,B0034,342,3704,03704.csv,1.3064487948795198,140
3707,[2009. 8. 6. 12. 25. 17.046],24,B0034,346,3708,03708.csv,1.3418431880549024,141
3709,[2009. 8. 6. 16. 13. 25.921],24,B0034,348,3710,03710.csv,1.3609210170759327,142
3711,[2009. 8. 6. 20. 0. 59.562],24,B0034,350,3712,03712.csv,1.329960367739497,143
3713,[2009. 8. 6. 23. 49. 34.390],24,B0034,352,3714,03714.csv,1.299069387625936,144
3715,[2009. 8. 7. 3. 40. 19.734],24,B0034,354,3716,03716.csv,1.2984544371955695,145
3719,[2009. 8. 7. 8. 44. 36.250],24,B0034,358,3720,03720.csv,1.317648609161009,146
3721,[2009. 8. 7. 12. 32. 22.343],24,B0034,360,3722,03722.csv,1.3360648564106594,147
3723,[2009. 8. 7. 16. 20. 49.765],24,B0034,362,3724,03724.csv,1.3635797361860138,148
3725,[2009. 8. 7. 20. 14. 10.406],24,B0034,364,3726,03726.csv,1.3333112541544827,149
3727,[2009. 8. 8. 0. 7. 5.125],24,B0034,366,3728,03728.csv,1.3023273463118925,150
3731,[2009. 8. 8. 5. 11. 27.593],24,B0034,370,3732,03732.csv,1.2888728444455877,151
3733,[2009. 8. 8. 9. 3. 54.812],24,B0034,372,3734,03734.csv,1.2902746194203034,152
3735,[2009. 8. 8. 12. 56. 26.703],24,B0034,374,3736,03736.csv,1.292407565676824,153
3737,[2009. 8. 8. 16. 48. 44.937],24,B0034,376,3738,03738.csv,1.295409150510234,154
3739,[2009. 8. 8. 20. 40. 51.687],24,B0034,378,3740,03740.csv,1.283229881592695,155
3743,[2009. 8. 17. 13. 8. 30.968],24,B0034,382,3744,03744.csv,1.4557454024367815,156
3747,[2009. 8. 17. 18. 14. 9.375],24,B0034,386,3748,03748.csv,1.454676342673242,157
3749,[2009. 8. 17. 22. 6. 54.109],24,B0034,388,3750,03750.csv,1.423427718198495,158
3751,[2009. 8. 18. 2. 1. 3.312],24,B0034,390,3752,03752.csv,1.392551210363313,159
3753,[2009. 8. 18. 5. 55. 2.015],24,B0034,392,3754,03754.csv,1.3765732493746907,160
3755,[2009. 8. 18. 9. 48. 49.640],24,B0034,394,3756,03756.csv,1.3810190828982352,161
3759,[2009. 8. 18. 14. 54. 37.937],24,B0034,398,3760,03760.csv,1.4007568321672863,162
3761,[2009. 8. 18. 18. 45. 24.703],24,B0034,400,3762,03762.csv,1.374645303479972,163
3763,[2009. 8. 18. 22. 39. 17.609],24,B0034,402,3764,03764.csv,1.3345924114397838,164
3765,[2009. 8. 19. 2. 32. 38.625],24,B0034,404,3766,03766.csv,1.336396621564738,165
3767,[2009. 8. 19. 6. 25. 55.265],24,B0034,406,3768,03768.csv,1.3069152971756248,166
3771,[2009. 8. 19. 11. 30. 52.687],24,B0034,410,3772,03772.csv,1.341539456674081,167
3773,[2009. 8. 19. 15. 24. 12.875],24,B0034,412,3774,03774.csv,1.346388970161922,168
3775,[2009. 8. 19. 19. 17. 33.312],24,B0034,414,3776,03776.csv,1.344989807277774,169
3777,[2009. 8. 19. 23. 10. 50.875],24,B0034,416,3778,03778.csv,1.3158760805047784,170
3779,[2009. 8. 20. 3. 3. 46.687],24,B0034,418,3780,03780.csv,1.2972766889740088,171
3783,[2009. 8. 20. 8. 8. 26.703],24,B0034,422,3784,03784.csv,1.2851255211005648,172
3785,[2009. 8. 20. 12. 1. 9.546],24,B0034,424,3786,03786.csv,1.3190209156530253,173
3787,[2009. 8. 20. 15. 51. 55.171],24,B0034,426,3788,03788.csv,1.3410097849290994,174
3789,[2009. 8. 20. 19. 42. 35.546],24,B0034,428,3790,03790.csv,1.326126983882746,175
3791,[2009. 8. 20. 23. 35. 23.250],24,B0034,430,3792,03792.csv,1.3091442679990724,176
3795,[2009. 8. 21. 17. 59. 25.484],24,B0034,434,3796,03796.csv,1.363001289617145,177
3799,[2009. 8. 21. 23. 4. 26.375],24,B0034,438,3800,03800.csv,1.329285701687194,178
3801,[2009. 8. 22. 2. 57. 6.984],24,B0034,440,3802,03802.csv,1.2969085930621855,179
3803,[2009. 8. 22. 6. 49. 38.890],24,B0034,442,3804,03804.csv,1.2986285924941396,180
3805,[2009. 8. 22. 10. 41. 58.171],24,B0034,444,3806,03806.csv,1.2840657611821942,181
3807,[2009. 8. 22. 14. 34. 5.875],24,B0034,446,3808,03808.csv,1.3021015914136362,182
3811,[2009. 8. 22. 19. 38. 7.906],24,B0034,450,3812,03812.csv,1.3089076351731337,183
3813,[2009. 8. 22. 23. 30. 19.437],24,B0034,452,3814,03814.csv,1.2722519696513912,184
3815,[2009. 8. 23. 3. 22. 24.156],24,B0034,454,3816,03816.csv,1.276011534360331,185
3817,[2009. 8. 23. 7. 14. 19.109],24,B0034,456,3818,03818.csv,1.2605053003103004,186
3819,[2009. 8. 23. 11. 6. 6.546],24,B0034,458,3820,03820.csv,1.2660681251347117,187
3823,[2009. 8. 23. 16. 9. 49.296],24,B0034,462,3824,03824.csv,1.265829016865281,188
3825,[2009. 8. 23. 20. 1. 32.500],24,B0034,464,3826,03826.csv,1.2655873898206993,189
3827,[2009. 8. 23. 23. 53. 2.437],24,B0034,466,3828,03828.csv,1.2663598323027554,190
3829,[2009. 8. 24. 3. 44. 13.046],24,B0034,468,3830,03830.csv,1.2868479432728903,191
3831,[2009. 8. 24. 7. 35. 22.546],24,B0034,470,3832,03832.csv,1.270026164613209,192
3835,[2009. 8. 24. 12. 38. 30.390],24,B0034,474,3836,03836.csv,1.34598253292492,193
3837,[2009. 8. 24. 16. 30. 26.734],24,B0034,476,3838,03838.csv,1.3286875315413778,194
3839,[2009. 8. 24. 20. 22. 13.218],24,B0034,478,3840,03840.csv,1.31203071983408,195
3841,[2009. 8. 25. 0. 13. 33.593],24,B0034,480,3842,03842.csv,1.295125492961198,196
3843,[2009. 8. 25. 4. 4. 24.875],24,B0034,482,3844,03844.csv,1.2802601605963335,197
3847,[2009. 6. 19. 17. 18. 16.015],24,B0036,0,3848,03848.csv,1.001982588175331,1
3851,[2009. 6. 19. 22. 2. 50.609],24,B0036,4,3852,03852.csv,1.8011007566288924,2
3853,[2009. 6. 20. 1. 59. 39.750],24,B0036,6,3854,03854.csv,1.8044229856020628,3
3855,[2009. 6. 20. 5. 55. 38.984],24,B0036,8,3856,03856.csv,1.804388833772829,4
3857,[2009. 6. 20. 9. 50. 35.156],24,B0036,10,3858,03858.csv,1.7989248871784247,5
3859,[2009. 6. 20. 13. 47. 19.156],24,B0036,12,3860,03860.csv,1.792996521672392,6
3863,[2009. 6. 20. 18. 55. 22.281],24,B0036,16,3864,03864.csv,1.7885507985621891,7
3865,[2009. 6. 20. 22. 51. 49.984],24,B0036,18,3866,03866.csv,1.7890856930727703,8
3867,[2009. 6. 21. 2. 48. 20.078],24,B0036,20,3868,03868.csv,1.7893137312833287,9
3869,[2009. 6. 21. 6. 44. 49.843],24,B0036,22,3870,03870.csv,1.7860759459480868,10
3871,[2009. 6. 21. 10. 41. 15.046],24,B0036,24,3872,03872.csv,1.7836324249650817,11
3875,[2009. 6. 21. 15. 49. 5.796],24,B0036,28,3876,03876.csv,1.782972873807272,12
3877,[2009. 6. 21. 19. 45. 24.468],24,B0036,30,3878,03878.csv,1.7813775963259668,13
3879,[2009. 6. 21. 23. 41. 43.609],24,B0036,32,3880,03880.csv,1.7785359545932946,14
3881,[2009. 6. 22. 3. 37. 57.218],24,B0036,34,3882,03882.csv,1.7759043090943398,15
3883,[2009. 6. 22. 7. 34. 6.234],24,B0036,36,3884,03884.csv,1.7780426649905914,16
3887,[2009. 6. 22. 12. 41. 48.359],24,B0036,40,3888,03888.csv,1.7830029333591657,17
3889,[2009. 6. 22. 16. 38. 13.281],24,B0036,42,3890,03890.csv,1.7883000424613875,18
3891,[2009. 6. 22. 20. 34. 46.062],24,B0036,44,3892,03892.csv,1.779294712578026,19
3893,[2009. 6. 23. 0. 31. 3.375],24,B0036,46,3894,03894.csv,1.7709235500451854,20
3895,[2009. 6. 23. 4. 27. 4.484],24,B0036,48,3896,03896.csv,1.7659050180801104,21
3899,[2009. 6. 26. 15. 29. 34.968],24,B0036,52,3900,03900.csv,1.7826929241469245,22
3903,[2009. 6. 26. 20. 32. 24.265],24,B0036,56,3904,03904.csv,1.7964662072920203,23
3905,[2009. 6. 27. 0. 28. 29.453],24,B0036,58,3906,03906.csv,1.7909083533422898,24
3907,[2009. 6. 27. 4. 25. 16.218],24,B0036,60,3908,03908.csv,1.78518002808874,25
3909,[2009. 6. 27. 8. 21. 51.234],24,B0036,62,3910,03910.csv,1.7811343176546524,26
3911,[2009. 6. 27. 12. 18. 20.500],24,B0036,64,3912,03912.csv,1.7755577789223569,27
3915,[2009. 6. 27. 17. 26. 12.718],24,B0036,68,3916,03916.csv,1.776885870616115,28
3917,[2009. 6. 27. 21. 22. 21.781],24,B0036,70,3918,03918.csv,1.7713083410378214,29
3919,[2009. 6. 28. 1. 18. 34.656],24,B0036,72,3920,03920.csv,1.7713348840874137,30
3921,[2009. 6. 28. 5. 14. 48.250],24,B0036,74,3922,03922.csv,1.766084286640505,31
3923,[2009. 6. 28. 9. 10. 46.125],24,B0036,76,3924,03924.csv,1.7592793663412327,32
3927,[2009. 6. 28. 14. 18. 12.906],24,B0036,80,3928,03928.csv,1.7610368813762425,33
3929,[2009. 6. 28. 18. 13. 23.984],24,B0036,82,3930,03930.csv,1.760242767365706,34
3931,[2009. 6. 28. 22. 7. 58.453],24,B0036,84,3932,03932.csv,1.7555899416034395,35
3933,[2009. 6. 29. 2. 3. 46.140],24,B0036,86,3934,03934.csv,1.7545602176655593,36
3935,[2009. 6. 29. 5. 59. 12.218],24,B0036,88,3936,03936.csv,1.7499108336094895,37
3939,[2009. 6. 29. 11. 6. 27.906],24,B0036,92,3940,03940.csv,1.7610225525303758,38
3941,[2009. 6. 29. 14. 59. 50.625],24,B0036,94,3942,03942.csv,1.7624094574337117,39
3943,[2009. 6. 29. 18. 50. 48.062],24,B0036,96,3944,03944.csv,1.7536170397120676,40
3945,[2009. 6. 29. 22. 44. 42.875],24,B0036,98,3946,03946.csv,1.746204477519168,41
3947,[2009. 6. 30. 2. 36. 39.734],24,B0036,100,3948,03948.csv,1.7406176172769725,42
3951,[2009. 7. 1. 11. 15. 23.875],24,B0036,104,3952,03952.csv,1.750690404425682,43
3955,[2009. 7. 1. 16. 18. 18.546],24,B0036,108,3956,03956.csv,1.765112055153915,44
3957,[2009. 7. 1. 20. 10. 2.437],24,B0036,110,3958,03958.csv,1.763188826756488,45
3959,[2009. 7. 14. 16. 14. 47.937],24,B0036,112,3960,03960.csv,1.985492952897096,46
3963,[2009. 7. 14. 21. 23. 50.218],24,B0036,116,3964,03964.csv,1.765355730813324,47
3965,[2009. 7. 15. 1. 16. 15.015],24,B0036,118,3966,03966.csv,1.7571880383127276,48
3967,[2009. 7. 15. 5. 9. 4.546],24,B0036,120,3968,03968.csv,1.7573770661844437,49
3969,[2009. 7. 15. 9. 4. 59.109],24,B0036,122,3970,03970.csv,1.7617376127979814,50
3971,[2009. 7. 15. 12. 57. 49.296],24,B0036,124,3972,03972.csv,1.7606892547636663,51
3975,[2009. 7. 15. 18. 0. 54.640],24,B0036,128,3976,03976.csv,1.760669562156983,52
3977,[2009. 7. 15. 21. 52. 48.093],24,B0036,130,3978,03978.csv,1.752963802649152,53
3979,[2009. 7. 16. 1. 44. 58.390],24,B0036,132,3980,03980.csv,1.750535708024147,54
3981,[2009. 7. 16. 5. 37. 32.718],24,B0036,134,3982,03982.csv,1.7500761995337284,55
3983,[2009. 7. 16. 9. 29. 18.125],24,B0036,136,3984,03984.csv,1.7465957802278385,56
3987,[2009. 7. 16. 14. 36. 0.453],24,B0036,140,3988,03988.csv,1.753614286788707,57
3989,[2009. 7. 16. 18. 26. 9.140],24,B0036,142,3990,03990.csv,1.750725029920349,58
3991,[2009. 7. 16. 22. 18. 31.578],24,B0036,144,3992,03992.csv,1.743305349081011,59
3993,[2009. 7. 17. 2. 10. 38.265],24,B0036,146,3994,03994.csv,1.733662505277619,60
3995,[2009. 7. 17. 6. 2. 31.671],24,B0036,148,3996,03996.csv,1.7319207051538927,61
3999,[2009. 7. 17. 11. 8. 50.734],24,B0036,152,4000,04000.csv,1.7428604522751463,62
4001,[2009. 7. 17. 15. 0. 0.140],24,B0036,154,4002,04002.csv,1.743306971099712,63
4003,[2009. 7. 17. 18. 49. 14.750],24,B0036,156,4004,04004.csv,1.738524506272696,64
4005,[2009. 7. 17. 22. 40. 36.953],24,B0036,158,4006,04006.csv,1.7295622663746972,65
4007,[2009. 7. 18. 2. 32. 19.203],24,B0036,160,4008,04008.csv,1.7273036765742085,66
4011,[2009. 7. 23. 10. 25. 18.890],24,B0036,164,4012,04012.csv,1.7449370491071912,67
4015,[2009. 7. 23. 15. 28. 51.734],24,B0036,168,4016,04016.csv,1.7642432071133691,68
4017,[2009. 7. 23. 19. 19. 21.390],24,B0036,170,4018,04018.csv,1.7504882032049596,69
4019,[2009. 7. 23. 23. 11. 10.812],24,B0036,172,4020,04020.csv,1.7442710815479925,70
4021,[2009. 7. 24. 3. 2. 51.234],24,B0036,174,4022,04022.csv,1.7365413923373951,71
4023,[2009. 7. 24. 6. 55. 12.218],24,B0036,176,4024,04024.csv,1.733223093105756,72
4027,[2009. 7. 24. 12. 1. 7.843],24,B0036,180,4028,04028.csv,1.73860622908762,73
4029,[2009. 7. 24. 15. 46. 9.421],24,B0036,182,4030,04030.csv,1.7432134953746192,74
4031,[2009. 7. 24. 19. 35. 49.250],24,B0036,184,4032,04032.csv,1.7332698214832971,75
4033,[2009. 7. 24. 23. 28. 2.156],24,B0036,186,4034,04034.csv,1.7298906291663272,76
4035,[2009. 7. 25. 3. 20. 5.390],24,B0036,188,4036,04036.csv,1.7204403348841348,77
4039,[2009. 7. 25. 8. 26. 42.515],24,B0036,192,4040,04040.csv,1.724420729012913,78
4041,[2009. 7. 25. 12. 19. 43.718],24,B0036,194,4042,04042.csv,1.7214872814061166,79
4043,[2009. 7. 25. 16. 13. 2.187],24,B0036,196,4044,04044.csv,1.7197448773569262,80
4045,[2009. 7. 25. 20. 6. 55.421],24,B0036,198,4046,04046.csv,1.7164304142145894,81
4047,[2009. 7. 26. 0. 1. 9.546],24,B0036,200,4048,04048.csv,1.711202925329962,82
4051,[2009. 7. 26. 5. 7. 11.546],24,B0036,204,4052,04052.csv,1.7102343231599222,83
4053,[2009. 7. 26. 9. 1. 35.140],24,B0036,206,4054,04054.csv,1.713096882151029,84
4055,[2009. 7. 26. 12. 55. 45.109],24,B0036,208,4056,04056.csv,1.7103708617208135,85
4057,[2009. 7. 26. 16. 49. 47.359],24,B0036,210,4058,04058.csv,1.7064617296121434,86
4059,[2009. 7. 26. 20. 43. 48.921],24,B0036,212,4060,04060.csv,1.7029429979110946,87
4063,[2009. 7. 27. 1. 50. 3.890],24,B0036,216,4064,04064.csv,1.7072612643840062,88
4065,[2009. 7. 27. 5. 43. 49.015],24,B0036,218,4066,04066.csv,1.7038637196766078,89
4067,[2009. 7. 27. 9. 37. 15.140],24,B0036,220,4068,04068.csv,1.7079617948422274,90
4069,[2009. 7. 27. 13. 29. 48.031],24,B0036,222,4070,04070.csv,1.711302283362779,91
4071,[2009. 7. 27. 17. 21. 22.671],24,B0036,224,4072,04072.csv,1.714122057472244,92
4075,[2009. 7. 27. 22. 28. 0.187],24,B0036,228,4076,04076.csv,1.7053324925701605,93
4077,[2009. 7. 28. 2. 21. 28.109],24,B0036,230,4078,04078.csv,1.6934609472531408,94
4079,[2009. 7. 28. 6. 15. 44.125],24,B0036,232,4080,04080.csv,1.6905244127230223,95
4081,[2009. 7. 28. 10. 9. 52.296],24,B0036,234,4082,04082.csv,1.7007774858498304,96
4083,[2009. 7. 28. 14. 3. 56.171],24,B0036,236,4084,04084.csv,1.6971104467944576,97
4087,[2009. 7. 28. 19. 9. 29.828],24,B0036,240,4088,04088.csv,1.6997924522951835,98
4089,[2009. 7. 28. 23. 2. 26.656],24,B0036,242,4090,04090.csv,1.691270477395412,99
4091,[2009. 7. 29. 2. 56. 24.125],24,B0036,244,4092,04092.csv,1.6857127009469863,100
4093,[2009. 7. 29. 6. 50. 26.906],24,B0036,246,4094,04094.csv,1.6832093771286156,101
4095,[2009. 7. 29. 10. 44. 27.906],24,B0036,248,4096,04096.csv,1.692886364169521,102
4099,[2009. 7. 29. 15. 50. 33.843],24,B0036,252,4100,04100.csv,1.6984668174144633,103
4101,[2009. 7. 29. 19. 41. 4.109],24,B0036,254,4102,04102.csv,1.6935813413828429,104
4103,[2009. 7. 29. 23. 34. 17.859],24,B0036,256,4104,04104.csv,1.6830951253781283,105
4105,[2009. 7. 30. 3. 28. 18.171],24,B0036,258,4106,04106.csv,1.6850462226942986,106
4107,[2009. 7. 30. 7. 22. 22.187],24,B0036,260,4108,04108.csv,1.6803098840017598,107
4111,[2009. 7. 30. 12. 28. 5.953],24,B0036,264,4112,04112.csv,1.6944038437227715,108
4113,[2009. 7. 30. 16. 19. 5.437],24,B0036,266,4114,04114.csv,1.6955686127180103,109
4115,[2009. 7. 30. 20. 9. 43.296],24,B0036,268,4116,04116.csv,1.6841854728350405,110
4117,[2009. 7. 31. 0. 3. 7.406],24,B0036,270,4118,04118.csv,1.6722180144870118,111
4119,[2009. 7. 31. 3. 56. 28.390],24,B0036,272,4120,04120.csv,1.6675976965747183,112
4123,[2009. 7. 31. 9. 1. 51.906],24,B0036,276,4124,04124.csv,1.6781873787039017,113
4125,[2009. 7. 31. 15. 42. 0.562],24,B0036,278,4126,04126.csv,2.444062432078656,114
4129,[2009. 7. 31. 21. 3. 2.062],24,B0036,282,4130,04130.csv,1.6913403148932205,115
4131,[2009. 8. 1. 0. 54. 40.031],24,B0036,284,4132,04132.csv,1.6802787096613283,116
4133,[2009. 8. 1. 4. 46. 48.453],24,B0036,286,4134,04134.csv,1.673147301023026,117
4135,[2009. 8. 1. 8. 40. 39.031],24,B0036,288,4136,04136.csv,1.6704292090032429,118
4137,[2009. 8. 1. 12. 33. 32.734],24,B0036,290,4138,04138.csv,1.6659903350115992,119
4141,[2009. 8. 1. 17. 38. 48.781],24,B0036,294,4142,04142.csv,1.664241575272447,120
4143,[2009. 8. 1. 21. 30. 33.968],24,B0036,296,4144,04144.csv,1.6668450767774965,121
4145,[2009. 8. 2. 1. 23. 21.296],24,B0036,298,4146,04146.csv,1.6594501560667536,122
4147,[2009. 8. 2. 5. 16. 47.781],24,B0036,300,4148,04148.csv,1.662412523067319,123
4149,[2009. 8. 2. 9. 10. 15.046],24,B0036,302,4150,04150.csv,1.66035260832257,124
4153,[2009. 8. 2. 14. 15. 27.171],24,B0036,306,4154,04154.csv,1.6610231379633236,125
4155,[2009. 8. 2. 18. 8. 54.375],24,B0036,308,4156,04156.csv,1.6575187557321611,126
4157,[2009. 8. 2. 22. 2. 10.046],24,B0036,310,4158,04158.csv,1.6507877959674548,127
4159,[2009. 8. 3. 1. 55. 22.875],24,B0036,312,4160,04160.csv,1.653257006211014,128
4161,[2009. 8. 3. 5. 48. 39.625],24,B0036,314,4162,04162.csv,1.6494214846772686,129
4165,[2009. 8. 3. 10. 53. 34.968],24,B0036,318,4166,04166.csv,1.6678591915666705,130
4167,[2009. 8. 3. 14. 44. 14.312],24,B0036,320,4168,04168.csv,1.670862764324967,131
4169,[2009. 8. 3. 18. 38. 5.890],24,B0036,322,4170,04170.csv,1.6658118164053368,132
4171,[2009. 8. 3. 22. 31. 42.515],24,B0036,324,4172,04172.csv,1.6532998517617,133
4173,[2009. 8. 4. 2. 24. 55.453],24,B0036,326,4174,04174.csv,1.6468787023528522,134
4177,[2009. 8. 5. 10. 47. 54.890],24,B0036,330,4178,04178.csv,1.6718953249703756,135
4181,[2009. 8. 5. 15. 53. 12.468],24,B0036,334,4182,04182.csv,1.6807743463585727,136
4183,[2009. 8. 5. 19. 44. 54.078],24,B0036,336,4184,04184.csv,1.6737717086703074,137
4185,[2009. 8. 5. 23. 38. 49.906],24,B0036,338,4186,04186.csv,1.6605773762487392,138
4187,[2009. 8. 6. 3. 32. 21.312],24,B0036,340,4188,04188.csv,1.655987781146086,139
4189,[2009. 8. 6. 7. 22. 48.562],24,B0036,342,4190,04190.csv,1.646862318389844,140
4193,[2009. 8. 6. 12. 25. 17.046],24,B0036,346,4194,04194.csv,1.6574621175432849,141
4195,[2009. 8. 6. 16. 13. 25.921],24,B0036,348,4196,04196.csv,1.6603991175216894,142
4197,[2009. 8. 6. 20. 0. 59.562],24,B0036,350,4198,04198.csv,1.6460789092837111,143
4199,[2009. 8. 6. 23. 49. 34.390],24,B0036,352,4200,04200.csv,1.6408366462659327,144
4201,[2009. 8. 7. 3. 40. 19.734],24,B0036,354,4202,04202.csv,1.63444089202816,145
4205,[2009. 8. 7. 8. 44. 36.250],24,B0036,358,4206,04206.csv,1.6374039186504212,146
4207,[2009. 8. 7. 12. 32. 22.343],24,B0036,360,4208,04208.csv,1.64738207540524,147
4209,[2009. 8. 7. 16. 20. 49.765],24,B0036,362,4210,04210.csv,1.6545646441622357,148
4211,[2009. 8. 7. 20. 14. 10.406],24,B0036,364,4212,04212.csv,1.640896560729935,149
4213,[2009. 8. 8. 0. 7. 5.125],24,B0036,366,4214,04214.csv,1.6265229979339637,150
4217,[2009. 8. 8. 5. 11. 27.593],24,B0036,370,4218,04218.csv,1.6217349144630455,151
4219,[2009. 8. 8. 9. 3. 54.812],24,B0036,372,4220,04220.csv,1.6248200059639546,152
4221,[2009. 8. 8. 12. 56. 26.703],24,B0036,374,4222,04222.csv,1.61880119736137,153
4223,[2009. 8. 8. 16. 48. 44.937],24,B0036,376,4224,04224.csv,1.6137350490334217,154
4225,[2009. 8. 8. 20. 40. 51.687],24,B0036,378,4226,04226.csv,1.612012823654141,155
4229,[2009. 8. 17. 13. 8. 30.968],24,B0036,382,4230,04230.csv,1.6671032556887178,156
4233,[2009. 8. 17. 18. 14. 9.375],24,B0036,386,4234,04234.csv,1.6850133383886254,157
4235,[2009. 8. 17. 22. 6. 54.109],24,B0036,388,4236,04236.csv,1.6786654987614698,158
4237,[2009. 8. 18. 2. 1. 3.312],24,B0036,390,4238,04238.csv,1.6729763502191373,159
4239,[2009. 8. 18. 5. 55. 2.015],24,B0036,392,4240,04240.csv,1.666489034299654,160
4241,[2009. 8. 18. 9. 48. 49.640],24,B0036,394,4242,04242.csv,1.6698420840710908,161
4245,[2009. 8. 18. 14. 54. 37.937],24,B0036,398,4246,04246.csv,1.6746744228027035,162
4247,[2009. 8. 18. 18. 45. 24.703],24,B0036,400,4248,04248.csv,1.6665045335145643,163
4249,[2009. 8. 18. 22. 39. 17.609],24,B0036,402,4250,04250.csv,1.652222084834727,164
4251,[2009. 8. 19. 2. 32. 38.625],24,B0036,404,4252,04252.csv,1.6462718275099526,165
4253,[2009. 8. 19. 6. 25. 55.265],24,B0036,406,4254,04254.csv,1.642399234692521,166
4257,[2009. 8. 19. 11. 30. 52.687],24,B0036,410,4258,04258.csv,1.651178607099992,167
4259,[2009. 8. 19. 15. 24. 12.875],24,B0036,412,4260,04260.csv,1.6481683120281931,168
4261,[2009. 8. 19. 19. 17. 33.312],24,B0036,414,4262,04262.csv,1.6478887725428395,169
4263,[2009. 8. 19. 23. 10. 50.875],24,B0036,416,4264,04264.csv,1.635843650915682,170
4265,[2009. 8. 20. 3. 3. 46.687],24,B0036,418,4266,04266.csv,1.6332362811945516,171
4269,[2009. 8. 20. 8. 8. 26.703],24,B0036,422,4270,04270.csv,1.629926467682987,172
4271,[2009. 8. 20. 12. 1. 9.546],24,B0036,424,4272,04272.csv,1.6387862629287224,173
4273,[2009. 8. 20. 15. 51. 55.171],24,B0036,426,4274,04274.csv,1.6359654863840771,174
4275,[2009. 8. 20. 19. 42. 35.546],24,B0036,428,4276,04276.csv,1.631137043967566,175
4277,[2009. 8. 20. 23. 35. 23.250],24,B0036,430,4278,04278.csv,1.6220189720888465,176
4281,[2009. 8. 21. 17. 59. 25.484],24,B0036,434,4282,04282.csv,1.6416044978422155,177
4285,[2009. 8. 21. 23. 4. 26.375],24,B0036,438,4286,04286.csv,1.6253090231457803,178
4287,[2009. 8. 22. 2. 57. 6.984],24,B0036,440,4288,04288.csv,1.6196134522239485,179
4289,[2009. 8. 22. 6. 49. 38.890],24,B0036,442,4290,04290.csv,1.6124236174774371,180
4291,[2009. 8. 22. 10. 41. 58.171],24,B0036,444,4292,04292.csv,1.6077701029913394,181
4293,[2009. 8. 22. 14. 34. 5.875],24,B0036,446,4294,04294.csv,1.6088077531981582,182
4297,[2009. 8. 22. 19. 38. 7.906],24,B0036,450,4298,04298.csv,1.6083556258734268,183
4299,[2009. 8. 22. 23. 30. 19.437],24,B0036,452,4300,04300.csv,1.606820251901154,184
4301,[2009. 8. 23. 3. 22. 24.156],24,B0036,454,4302,04302.csv,1.601770977206713,185
4303,[2009. 8. 23. 7. 14. 19.109],24,B0036,456,4304,04304.csv,1.594911734692208,186
4305,[2009. 8. 23. 11. 6. 6.546],24,B0036,458,4306,04306.csv,1.5938139125387372,187
4309,[2009. 8. 23. 16. 9. 49.296],24,B0036,462,4310,04310.csv,1.5920273129504596,188
4311,[2009. 8. 23. 20. 1. 32.500],24,B0036,464,4312,04312.csv,1.5847361549778751,189
4313,[2009. 8. 23. 23. 53. 2.437],24,B0036,466,4314,04314.csv,1.5763429363936798,190
4315,[2009. 8. 24. 3. 44. 13.046],24,B0036,468,4316,04316.csv,1.5720229174642286,191
4317,[2009. 8. 24. 7. 35. 22.546],24,B0036,470,4318,04318.csv,1.5729874285512353,192
4321,[2009. 8. 24. 12. 38. 30.390],24,B0036,474,4322,04322.csv,1.596985400389019,193
4323,[2009. 8. 24. 16. 30. 26.734],24,B0036,476,4324,04324.csv,1.595726023703856,194
4325,[2009. 8. 24. 20. 22. 13.218],24,B0036,478,4326,04326.csv,1.579500338340559,195
4327,[2009. 8. 25. 0. 13. 33.593],24,B0036,480,4328,04328.csv,1.5629469877520186,196
4329,[2009. 8. 25. 4. 4. 24.875],24,B0036,482,4330,04330.csv,1.5591129431541175,197
4333,[2010. 4. 14. 16. 43. 39.921],24,B0038,0,4334,04334.csv,0.8980573709676724,1
4337,[2010. 4. 14. 21. 10. 11.125],24,B0038,4,4338,04338.csv,1.1026236331914077,2
4339,[2010. 4. 15. 0. 37. 31.546],24,B0038,6,4340,04340.csv,1.0885801879473431,3
4341,[2010. 4. 15. 4. 4. 41.296],24,B0038,8,4342,04342.csv,1.0613249847591086,4
4343,[2010. 4. 15. 7. 31. 40.140],24,B0038,10,4344,04344.csv,1.0347062057983545,5
4345,[2010. 4. 15. 10. 58. 27.500],24,B0038,12,4346,04346.csv,1.0269978594353013,6
4349,[2010. 4. 16. 12. 15. 0.281],24,B0038,16,4350,04350.csv,1.078501971098942,7
4353,[2010. 4. 16. 16. 48. 31.734],24,B0038,20,4354,04354.csv,1.0638897478802845,8
4355,[2010. 4. 16. 20. 15. 0.406],24,B0038,22,4356,04356.csv,1.0366551223324425,9
4357,[2010. 4. 16. 23. 41. 13.937],24,B0038,24,4358,04358.csv,1.030941327482094,10
4359,[2010. 4. 17. 3. 7. 6.640],24,B0038,26,4360,04360.csv,1.0140084541034655,11
4361,[2010. 4. 17. 6. 32. 52.968],24,B0038,28,4362,04362.csv,1.008516095994519,12
4365,[2010. 4. 21. 13. 51. 46.531],44,B0038,32,4366,04366.csv,1.7419245088095905,13
4369,[2010. 4. 21. 19. 29. 11.000],44,B0038,36,4370,04370.csv,1.779741859708433,14
4371,[2010. 4. 21. 23. 57. 8.859],44,B0038,38,4372,04372.csv,1.7815666306452766,15
4373,[2010. 4. 22. 4. 30. 34.312],44,B0038,40,4374,04374.csv,1.7834859577156017,16
4375,[2010. 4. 22. 8. 59. 11.468],44,B0038,42,4376,04376.csv,1.7864411650415677,17
4377,[2010. 4. 22. 13. 28. 29.546],44,B0038,44,4378,04378.csv,1.7859997608067948,18
4381,[2010. 4. 23. 16. 52. 59.406],44,B0038,48,4382,04382.csv,1.7769523773001608,19
4385,[2010. 4. 23. 22. 31. 1.000],44,B0038,52,4386,04386.csv,1.781428917321899,20
4387,[2010. 4. 24. 2. 58. 55.031],44,B0038,54,4388,04388.csv,1.7859452772697195,21
4389,[2010. 4. 24. 7. 27. 28.203],44,B0038,56,4390,04390.csv,1.785208429691551,22
4391,[2010. 4. 24. 11. 56. 33.140],44,B0038,58,4392,04392.csv,1.783596609584544,23
4393,[2010. 4. 24. 16. 24. 41.656],44,B0038,60,4394,04394.csv,1.7796783152744713,24
4397,[2010. 4. 24. 22. 5. 41.156],44,B0038,64,4398,04398.csv,1.7841102592788645,25
4399,[2010. 4. 25. 2. 33. 59.171],44,B0038,66,4400,04400.csv,1.7833032331592191,26
4401,[2010. 4. 25. 7. 2. 26.234],44,B0038,68,4402,04402.csv,1.7796186141356956,27
4403,[2010. 4. 25. 11. 31. 4.593],44,B0038,70,4404,04404.csv,1.7816592334352586,28
4405,[2010. 4. 25. 16. 0. 19.781],44,B0038,72,4406,04406.csv,1.7775911304124037,29
4409,[2010. 4. 25. 21. 41. 58.937],44,B0038,76,4410,04410.csv,1.777701881971679,30
4411,[2010. 4. 26. 2. 19. 22.218],44,B0038,78,4412,04412.csv,1.7789547618270618,31
4413,[2010. 4. 26. 6. 50. 42.203],44,B0038,80,4414,04414.csv,1.7807753731135043,32
4415,[2010. 4. 26. 11. 20. 44.750],44,B0038,82,4416,04416.csv,1.778415319026661,33
4417,[2010. 4. 26. 15. 51. 7.953],44,B0038,84,4418,04418.csv,1.7789773899108463,34
4421,[2010. 4. 26. 21. 35. 15.343],44,B0038,88,4422,04422.csv,1.7792479347236043,35
4423,[2010. 4. 27. 2. 5. 41.234],44,B0038,90,4424,04424.csv,1.777920457368508,36
4425,[2010. 4. 27. 6. 36. 5.468],44,B0038,92,4426,04426.csv,1.779227040224144,37
4427,[2010. 4. 27. 11. 7. 40.968],44,B0038,94,4428,04428.csv,1.7760634320079352,38
4429,[2010. 4. 27. 15. 43. 29.625],44,B0038,96,4430,04430.csv,1.775103937963957,39
4433,[2010. 4. 28. 13. 22. 57.656],44,B0038,100,4434,04434.csv,1.733064100138742,40
4437,[2010. 4. 28. 18. 5. 58.859],44,B0038,104,4438,04438.csv,1.7394892806215223,41
4439,[2010. 4. 28. 21. 37. 16.375],44,B0038,106,4440,04440.csv,1.7378064360392924,42
4441,[2010. 4. 29. 1. 8. 33.500],44,B0038,108,4442,04442.csv,1.730028145799833,43
4443,[2010. 4. 29. 4. 39. 21.156],44,B0038,110,4444,04444.csv,1.7290404566542985,44
4445,[2010. 4. 29. 8. 11. 8.671],44,B0038,112,4446,04446.csv,1.7286072907068817,45
4449,[2010. 5. 4. 13. 22. 1.921],44,B0038,116,4450,04450.csv,1.52573884649634,46
4453,[2010. 5. 4. 17. 26. 38.953],44,B0038,120,4454,04454.csv,1.5301475534434217,47
4455,[2010. 4. 14. 16. 43. 39.921],24,B0039,0,4456,04456.csv,0.1190383185934176,1
4459,[2010. 4. 14. 21. 10. 11.125],24,B0039,4,4460,04460.csv,0.4729861500927512,2
4461,[2010. 4. 15. 0. 37. 31.546],24,B0039,6,4462,04462.csv,0.1628079382920206,3
4463,[2010. 4. 15. 4. 4. 41.296],24,B0039,8,4464,04464.csv,0.4787632853388766,4
4465,[2010. 4. 15. 7. 31. 40.140],24,B0039,10,4466,04466.csv,0.4711383364607152,5
4467,[2010. 4. 15. 10. 58. 27.500],24,B0039,12,4468,04468.csv,0.4668172561120673,6
4471,[2010. 4. 16. 12. 15. 0.281],24,B0039,16,4472,04472.csv,0.4699932676625547,7
4475,[2010. 4. 16. 16. 48. 31.734],24,B0039,20,4476,04476.csv,0.4627052684317185,8
4477,[2010. 4. 16. 20. 15. 0.406],24,B0039,22,4478,04478.csv,0.4604944782656097,9
4479,[2010. 4. 16. 23. 41. 13.937],24,B0039,24,4480,04480.csv,0.4412227248835694,10
4481,[2010. 4. 17. 3. 7. 6.640],24,B0039,26,4482,04482.csv,0.4435442194396584,11
4483,[2010. 4. 17. 6. 32. 52.968],24,B0039,28,4484,04484.csv,0.4126655541164234,12
4487,[2010. 4. 21. 13. 51. 46.531],44,B0039,32,4488,04488.csv,1.7461791006389626,13
4491,[2010. 4. 21. 19. 29. 11.000],44,B0039,36,4492,04492.csv,1.7695250734505363,14
4493,[2010. 4. 21. 23. 57. 8.859],44,B0039,38,4494,04494.csv,1.7715391419501945,15
4495,[2010. 4. 22. 4. 30. 34.312],44,B0039,40,4496,04496.csv,1.770625483958279,16
4497,[2010. 4. 22. 8. 59. 11.468],44,B0039,42,4498,04498.csv,1.7704040639447296,17
4499,[2010. 4. 22. 13. 28. 29.546],44,B0039,44,4500,04500.csv,1.769508178880176,18
4503,[2010. 4. 23. 16. 52. 59.406],44,B0039,48,4504,04504.csv,1.7638356274269416,19
4507,[2010. 4. 23. 22. 31. 1.000],44,B0039,52,4508,04508.csv,1.7715725869786123,20
4509,[2010. 4. 24. 2. 58. 55.031],44,B0039,54,4510,04510.csv,1.7701196454489685,21
4511,[2010. 4. 24. 7. 27. 28.203],44,B0039,56,4512,04512.csv,1.766756975286052,22
4513,[2010. 4. 24. 11. 56. 33.140],44,B0039,58,4514,04514.csv,1.7648743629092642,23
4515,[2010. 4. 24. 16. 24. 41.656],44,B0039,60,4516,04516.csv,1.763838685943225,24
4519,[2010. 4. 24. 22. 5. 41.156],44,B0039,64,4520,04520.csv,1.7657225752056789,25
4521,[2010. 4. 25. 2. 33. 59.171],44,B0039,66,4522,04522.csv,1.7645632809383045,26
4523,[2010. 4. 25. 7. 2. 26.234],44,B0039,68,4524,04524.csv,1.7608991948479125,27
4525,[2010. 4. 25. 11. 31. 4.593],44,B0039,70,4526,04526.csv,1.7598362095817717,28
4527,[2010. 4. 25. 16. 0. 19.781],44,B0039,72,4528,04528.csv,1.7590955400143164,29
4531,[2010. 4. 25. 21. 41. 58.937],44,B0039,76,4532,04532.csv,1.7560495443976525,30
4533,[2010. 4. 26. 2. 19. 22.218],44,B0039,78,4534,04534.csv,1.7571677199949287,31
4535,[2010. 4. 26. 6. 50. 42.203],44,B0039,80,4536,04536.csv,1.7558911269459976,32
4537,[2010. 4. 26. 11. 20. 44.750],44,B0039,82,4538,04538.csv,1.7533419072229914,33
4539,[2010. 4. 26. 15. 51. 7.953],44,B0039,84,4540,04540.csv,1.7506673845335168,34
4543,[2010. 4. 26. 21. 35. 15.343],44,B0039,88,4544,04544.csv,1.7510006664162403,35
4545,[2010. 4. 27. 2. 5. 41.234],44,B0039,90,4546,04546.csv,1.7496058853847871,36
4547,[2010. 4. 27. 6. 36. 5.468],44,B0039,92,4548,04548.csv,1.7477359172183355,37
4549,[2010. 4. 27. 11. 7. 40.968],44,B0039,94,4550,04550.csv,1.7444225468099093,38
4551,[2010. 4. 27. 15. 43. 29.625],44,B0039,96,4552,04552.csv,1.743308366083936,39
4555,[2010. 4. 28. 13. 22. 57.656],44,B0039,100,4556,04556.csv,1.6556691733888471,40
4559,[2010. 4. 28. 18. 5. 58.859],44,B0039,104,4560,04560.csv,1.64297669457593,41
4561,[2010. 4. 28. 21. 37. 16.375],44,B0039,106,4562,04562.csv,1.6343822729361266,42
4563,[2010. 4. 29. 1. 8. 33.500],44,B0039,108,4564,04564.csv,1.62650670621656,43
4565,[2010. 4. 29. 4. 39. 21.156],44,B0039,110,4566,04566.csv,1.618865991735961,44
4567,[2010. 4. 29. 8. 11. 8.671],44,B0039,112,4568,04568.csv,1.6114968339209264,45
4571,[2010. 5. 4. 13. 22. 1.921],44,B0039,116,4572,04572.csv,1.3240805773461226,46
4575,[2010. 5. 4. 17. 26. 38.953],44,B0039,120,4576,04576.csv,1.3153386221697692,47
4577,[2010. 4. 14. 16. 43. 39.921],24,B0040,0,4578,04578.csv,0.6734628137095633,1
4581,[2010. 4. 14. 21. 10. 11.125],24,B0040,4,4582,04582.csv,0.7913062105760345,2
4583,[2010. 4. 15. 0. 37. 31.546],24,B0040,6,4584,04584.csv,0.7865824034601745,3
4585,[2010. 4. 15. 4. 4. 41.296],24,B0040,8,4586,04586.csv,0.7795871426061582,4
4587,[2010. 4. 15. 7. 31. 40.140],24,B0040,10,4588,04588.csv,0.7628241523125163,5
4589,[2010. 4. 15. 10. 58. 27.500],24,B0040,12,4590,04590.csv,0.7405021514606399,6
4593,[2010. 4. 16. 12. 15. 0.281],24,B0040,16,4594,04594.csv,0.7783970881100656,7
4597,[2010. 4. 16. 16. 48. 31.734],24,B0040,20,4598,04598.csv,0.7733165409025605,8
4599,[2010. 4. 16. 20. 15. 0.406],24,B0040,22,4600,04600.csv,0.7589575236409498,9
4601,[2010. 4. 16. 23. 41. 13.937],24,B0040,24,4602,04602.csv,0.7407399462256391,10
4603,[2010. 4. 17. 3. 7. 6.640],24,B0040,26,4604,04604.csv,0.7446218752617147,11
4605,[2010. 4. 17. 6. 32. 52.968],24,B0040,28,4606,04606.csv,0.7149875629820736,12
4609,[2010. 4. 21. 13. 51. 46.531],44,B0040,32,4610,04610.csv,1.7075144448533202,13
4613,[2010. 4. 21. 19. 29. 11.000],44,B0040,36,4614,04614.csv,1.730880859428193,14
4615,[2010. 4. 21. 23. 57. 8.859],44,B0040,38,4616,04616.csv,1.7328212845233328,15
4617,[2010. 4. 22. 4. 30. 34.312],44,B0040,40,4618,04618.csv,1.7317734323431513,16
4619,[2010. 4. 22. 8. 59. 11.468],44,B0040,42,4620,04620.csv,1.7341296392350067,17
4621,[2010. 4. 22. 13. 28. 29.546],44,B0040,44,4622,04622.csv,1.7334756929990074,18
4625,[2010. 4. 23. 16. 52. 59.406],44,B0040,48,4626,04626.csv,1.7243057179457877,19
4629,[2010. 4. 23. 22. 31. 1.000],44,B0040,52,4630,04630.csv,1.7318975861687205,20
4631,[2010. 4. 24. 2. 58. 55.031],44,B0040,54,4632,04632.csv,1.7333691208377455,21
4633,[2010. 4. 24. 7. 27. 28.203],44,B0040,56,4634,04634.csv,1.732175650153278,22
4635,[2010. 4. 24. 11. 56. 33.140],44,B0040,58,4636,04636.csv,1.7334832776102866,23
4637,[2010. 4. 24. 16. 24. 41.656],44,B0040,60,4638,04638.csv,1.732372495746513,24
4641,[2010. 4. 24. 22. 5. 41.156],44,B0040,64,4642,04642.csv,1.7338175297202416,25
4643,[2010. 4. 25. 2. 33. 59.171],44,B0040,66,4644,04644.csv,1.7329630786357868,26
4645,[2010. 4. 25. 7. 2. 26.234],44,B0040,68,4646,04646.csv,1.731883908457334,27
4647,[2010. 4. 25. 11. 31. 4.593],44,B0040,70,4648,04648.csv,1.7306960059812662,28
4649,[2010. 4. 25. 16. 0. 19.781],44,B0040,72,4650,04650.csv,1.7296011601947467,29
4653,[2010. 4. 25. 21. 41. 58.937],44,B0040,76,4654,04654.csv,1.7296187381064656,30
4655,[2010. 4. 26. 2. 19. 22.218],44,B0040,78,4656,04656.csv,1.7307198617163877,31
4657,[2010. 4. 26. 6. 50. 42.203],44,B0040,80,4658,04658.csv,1.729274556175907,32
4659,[2010. 4. 26. 11. 20. 44.750],44,B0040,82,4660,04660.csv,1.7297962212599596,33
4661,[2010. 4. 26. 15. 51. 7.953],44,B0040,84,4662,04662.csv,1.7268942069037494,34
4665,[2010. 4. 26. 21. 35. 15.343],44,B0040,88,4666,04666.csv,1.7272191689306016,35
4667,[2010. 4. 27. 2. 5. 41.234],44,B0040,90,4668,04668.csv,1.7285674981160106,36
4669,[2010. 4. 27. 6. 36. 5.468],44,B0040,92,4670,04670.csv,1.726636381605547,37
4671,[2010. 4. 27. 11. 7. 40.968],44,B0040,94,4672,04672.csv,1.7262424141835069,38
4673,[2010. 4. 27. 15. 43. 29.625],44,B0040,96,4674,04674.csv,1.72527259276029,39
4677,[2010. 4. 28. 13. 22. 57.656],44,B0040,100,4678,04678.csv,1.666802687745505,40
4681,[2010. 4. 28. 18. 5. 58.859],44,B0040,104,4682,04682.csv,1.666754853762041,41
4683,[2010. 4. 28. 21. 37. 16.375],44,B0040,106,4684,04684.csv,1.6583274448761054,42
4685,[2010. 4. 29. 1. 8. 33.500],44,B0040,108,4686,04686.csv,1.65032263550715,43
4687,[2010. 4. 29. 4. 39. 21.156],44,B0040,110,4688,04688.csv,1.6493406341242296,44
4689,[2010. 4. 29. 8. 11. 8.671],44,B0040,112,4690,04690.csv,1.641919055037739,45
4693,[2010. 5. 4. 13. 22. 1.921],44,B0040,116,4694,04694.csv,0.425812451177779,46
4697,[2010. 5. 4. 17. 26. 38.953],44,B0040,120,4698,04698.csv,0.5569902643736575,47
4699,[2010. 6. 16. 10. 39. 50.390],4,B0041,0,4700,04700.csv,0.055620243768194,1
4702,[2010. 6. 16. 14. 46. 51.593],4,B0041,3,4703,04703.csv,0.0556974726122768,2
4704,[2010. 6. 16. 18. 7. 22.875],4,B0041,5,4705,04705.csv,0.0558390162918539,3
4706,[2010. 6. 16. 21. 27. 32.859],4,B0041,7,4707,04707.csv,0.056148059974053,4
4708,[2010. 6. 17. 0. 47. 36.281],4,B0041,9,4709,04709.csv,0.056470531599139,5
4710,[2010. 6. 17. 3. 38. 47.796],4,B0041,11,4711,04711.csv,0.0440922918408019,6
4714,[2010. 6. 17. 8. 10. 30.890],4,B0041,15,4715,04715.csv,0.0567719130814178,7
4716,[2010. 6. 17. 11. 30. 34.546],4,B0041,17,4717,04717.csv,0.0569383765007572,8
4718,[2010. 6. 17. 14. 50. 30.921],4,B0041,19,4719,04719.csv,0.0444014841131225,9
4720,[2010. 6. 17. 18. 10. 6.218],4,B0041,21,4721,04721.csv,0.0446343581849161,10
4722,[2010. 6. 17. 21. 29. 54.875],4,B0041,23,4723,04723.csv,0.0447987224365748,11
4726,[2010. 6. 18. 2. 1. 11.046],4,B0041,27,4727,04727.csv,0.0467089878078547,12
4728,[2010. 6. 18. 5. 20. 59.203],4,B0041,29,4729,04729.csv,0.0449537153308952,13
4730,[2010. 6. 18. 8. 40. 33.875],4,B0041,31,4731,04731.csv,0.0452193290195426,14
4732,[2010. 6. 18. 12. 0. 2.609],4,B0041,33,4733,04733.csv,0.0454022241469497,15
4734,[2010. 6. 18. 15. 19. 35.359],4,B0041,35,4735,04735.csv,0.0456790122497417,16
4738,[2010. 6. 18. 19. 50. 33.234],4,B0041,39,4739,04739.csv,0.0455208025703398,17
4740,[2010. 6. 18. 23. 9. 59.000],4,B0041,41,4741,04741.csv,0.0457285414602425,18
4742,[2010. 6. 19. 2. 29. 16.281],4,B0041,43,4743,04743.csv,0.045860512192502,19
4744,[2010. 6. 19. 5. 42. 11.468],4,B0041,45,4745,04745.csv,0.045983556030275,20
4746,[2010. 6. 19. 8. 49. 37.406],4,B0041,47,4747,04747.csv,0.046128762966734,21
4750,[2010. 6. 21. 15. 19. 37.906],4,B0041,51,4751,04751.csv,0.0463714545530443,22
4754,[2010. 6. 21. 19. 51. 35.109],4,B0041,55,4755,04755.csv,0.0464238542531432,23
4756,[2010. 6. 21. 23. 11. 45.359],4,B0041,57,4757,04757.csv,0.0465794695305646,24
4758,[2010. 6. 22. 2. 31. 35.687],4,B0041,59,4759,04759.csv,0.0467260089483965,25
4760,[2010. 6. 22. 5. 44. 45.062],4,B0041,61,4761,04761.csv,0.0468634724324437,26
4762,[2010. 6. 22. 9. 4. 54.281],4,B0041,63,4763,04763.csv,0.0471230704848885,27
4766,[2010. 6. 22. 13. 36. 7.203],4,B0041,67,4767,04767.csv,0.047089685801538,28
4768,[2010. 6. 22. 16. 55. 44.609],4,B0041,69,4769,04769.csv,0.0471681699068244,29
4770,[2010. 6. 22. 20. 15. 9.718],4,B0041,71,4771,04771.csv,0.0474166233958466,30
4772,[2010. 6. 22. 23. 34. 40.078],4,B0041,73,4773,04773.csv,0.0474736581861432,31
4774,[2010. 6. 23. 2. 54. 2.359],4,B0041,75,4775,04775.csv,0.047671071688296,32
4778,[2010. 6. 23. 7. 24. 51.046],4,B0041,79,4779,04779.csv,0.0477561486679362,33
4780,[2010. 6. 23. 10. 44. 16.390],4,B0041,81,4781,04781.csv,0.0478336905290522,34
4782,[2010. 6. 23. 14. 3. 18.140],4,B0041,83,4783,04783.csv,0.0479228171589379,35
4784,[2010. 6. 23. 17. 19. 43.093],4,B0041,85,4785,04785.csv,0.0481080249716144,36
4786,[2010. 6. 23. 20. 32. 31.953],4,B0041,87,4787,04787.csv,0.0480878273582587,37
4790,[2010. 6. 23. 23. 10. 5.078],4,B0041,91,4791,04791.csv,0.0484226192632661,38
4792,[2010. 6. 24. 0. 22. 53.234],4,B0041,93,4793,04793.csv,0.0479864952546282,39
4794,[2010. 6. 24. 1. 18. 4.437],4,B0041,95,4795,04795.csv,0.0482217520049512,40
4796,[2010. 6. 24. 2. 17. 42.484],4,B0041,97,4797,04797.csv,0.0478773156676534,41
4798,[2010. 6. 24. 3. 12. 12.500],4,B0041,99,4799,04799.csv,0.0482903205557941,42
4802,[2010. 6. 25. 18. 45. 5.406],4,B0041,103,4803,04803.csv,1.2156494086360898,43
4806,[2010. 6. 26. 0. 33. 10.328],4,B0041,107,4807,04807.csv,1.1476416320946563,44
4808,[2010. 6. 26. 5. 11. 6.265],4,B0041,109,4809,04809.csv,1.1194574527298191,45
4810,[2010. 6. 26. 9. 48. 28.984],4,B0041,111,4811,04811.csv,1.0841325641850128,46
4812,[2010. 6. 26. 14. 25. 15.640],4,B0041,113,4813,04813.csv,1.0607784232892656,47
4814,[2010. 6. 26. 19. 1. 10.906],4,B0041,115,4815,04815.csv,1.0170312865626592,48
4818,[2010. 6. 27. 0. 48. 32.265],4,B0041,119,4819,04819.csv,1.0000374999808574,49
4820,[2010. 6. 27. 5. 23. 33.859],4,B0041,121,4821,04821.csv,0.991506494786248,50
4822,[2010. 6. 27. 9. 58. 20.953],4,B0041,123,4823,04823.csv,0.9655644425371016,51
4824,[2010. 6. 27. 14. 32. 41.171],4,B0041,125,4825,04825.csv,0.9383311962439672,52
4826,[2010. 6. 27. 19. 6. 37.984],4,B0041,127,4827,04827.csv,0.9298903389240268,53
4830,[2010. 6. 28. 0. 51. 57.734],4,B0041,131,4831,04831.csv,0.9072117399448598,54
4832,[2010. 6. 28. 5. 24. 57.140],4,B0041,133,4833,04833.csv,0.9176870676937324,55
4834,[2010. 6. 28. 9. 57. 41.468],4,B0041,135,4835,04835.csv,0.9157430721963028,56
4836,[2010. 6. 28. 14. 29. 46.171],4,B0041,137,4837,04837.csv,0.9111662690050432,57
4838,[2010. 6. 28. 19. 1. 9.578],4,B0041,139,4839,04839.csv,0.8968901443572698,58
4842,[2010. 6. 29. 0. 44. 0.078],4,B0041,143,4843,04843.csv,0.8862133472800153,59
4844,[2010. 6. 29. 5. 14. 48.968],4,B0041,145,4845,04845.csv,0.8931124136187014,60
4846,[2010. 6. 29. 9. 44. 58.609],4,B0041,147,4847,04847.csv,0.880898507091054,61
4848,[2010. 6. 29. 14. 14. 43.546],4,B0041,149,4849,04849.csv,0.8798879382023741,62
4850,[2010. 6. 29. 18. 44. 1.531],4,B0041,151,4851,04851.csv,0.8682347537115443,63
4854,[2010. 6. 30. 0. 24. 32.875],4,B0041,155,4855,04855.csv,0.8443569490395516,64
4856,[2010. 6. 30. 4. 53. 18.500],4,B0041,157,4857,04857.csv,0.8657093203148538,65
4858,[2010. 6. 30. 9. 21. 28.343],4,B0041,159,4859,04859.csv,0.848696904019178,66
4860,[2010. 6. 30. 13. 49. 7.171],4,B0041,161,4861,04861.csv,0.8364948433646345,67
4864,[2010. 6. 3. 20. 31. 2.968],22,B0042,2,4865,04865.csv,1.7287126633755356,1
4866,[2010. 6. 4. 0. 29. 30.921],22,B0042,4,4867,04867.csv,1.7314706281853145,2
4868,[2010. 6. 4. 4. 26. 46.875],22,B0042,6,4869,04869.csv,1.7282350363146088,3
4870,[2010. 6. 4. 8. 23. 18.500],22,B0042,8,4871,04871.csv,1.720344742291621,4
4872,[2010. 6. 4. 12. 19. 17.125],22,B0042,10,4873,04873.csv,1.7221734367707635,5
4876,[2010. 6. 4. 17. 26. 7.750],22,B0042,14,4877,04877.csv,0.0,6
4878,[2010. 6. 4. 21. 8. 0.437],22,B0042,16,4879,04879.csv,1.708669577331945,7
4880,[2010. 6. 5. 1. 2. 33.453],22,B0042,18,4881,04881.csv,1.7036476485918646,8
4882,[2010. 6. 5. 4. 56. 47.468],22,B0042,20,4883,04883.csv,1.6958375743577971,9
4884,[2010. 6. 5. 8. 50. 47.750],22,B0042,22,4885,04885.csv,1.6949064846676911,10
4888,[2010. 6. 5. 13. 56. 3.921],22,B0042,26,4889,04889.csv,1.6874768094352457,11
4890,[2010. 6. 5. 17. 49. 52.625],22,B0042,28,4891,04891.csv,1.685989172917945,12
4892,[2010. 6. 5. 21. 43. 27.734],22,B0042,30,4893,04893.csv,1.6782864747774933,13
4894,[2010. 6. 6. 1. 36. 58.156],22,B0042,32,4895,04895.csv,1.6739647640901527,14
4896,[2010. 6. 6. 5. 30. 11.906],22,B0042,34,4897,04897.csv,1.6722378801237066,15
4900,[2010. 6. 6. 10. 34. 53.031],22,B0042,38,4901,04901.csv,1.675989790049197,16
4902,[2010. 6. 6. 14. 28. 10.546],22,B0042,40,4903,04903.csv,1.6618247672847988,17
4904,[2010. 6. 6. 18. 21. 14.171],22,B0042,42,4905,04905.csv,1.6606710352566112,18
4906,[2010. 6. 6. 22. 14. 8.156],22,B0042,44,4907,04907.csv,1.6530644874507203,19
4908,[2010. 6. 7. 2. 6. 57.640],22,B0042,46,4909,04909.csv,1.649953986270456,20
4912,[2010. 6. 7. 13. 57. 40.859],22,B0042,50,4913,04913.csv,1.681297805444492,21
4916,[2010. 6. 7. 19. 2. 43.281],22,B0042,54,4917,04917.csv,1.6700520424481298,22
4918,[2010. 6. 7. 22. 55. 54.203],22,B0042,56,4919,04919.csv,1.667181860354792,23
4920,[2010. 6. 8. 2. 49. 1.156],22,B0042,58,4921,04921.csv,1.6568865613275168,24
4922,[2010. 6. 8. 6. 41. 51.625],22,B0042,60,4923,04923.csv,1.6449819446579936,25
4924,[2010. 6. 8. 10. 34. 18.500],22,B0042,62,4925,04925.csv,1.639214585000014,26
4928,[2010. 6. 8. 15. 38. 9.593],22,B0042,66,4929,04929.csv,1.6410599890208055,27
4930,[2010. 6. 8. 19. 30. 45.250],22,B0042,68,4931,04931.csv,1.643269651219848,28
4932,[2010. 6. 8. 23. 23. 11.562],22,B0042,70,4933,04933.csv,1.6298673102402297,29
4934,[2010. 6. 9. 3. 15. 28.281],22,B0042,72,4935,04935.csv,1.6238536344658807,30
4936,[2010. 6. 9. 7. 7. 20.406],22,B0042,74,4937,04937.csv,1.6186308887044174,31
4940,[2010. 6. 9. 12. 10. 47.421],22,B0042,78,4941,04941.csv,1.6193418112441196,32
4942,[2010. 6. 9. 16. 2. 47.125],22,B0042,80,4943,04943.csv,1.614593271326993,33
4944,[2010. 6. 9. 19. 54. 38.390],22,B0042,82,4945,04945.csv,1.6072040891927848,34
4946,[2010. 6. 9. 23. 46. 17.078],22,B0042,84,4947,04947.csv,1.6012663590062357,35
4948,[2010. 6. 10. 3. 37. 32.500],22,B0042,86,4949,04949.csv,1.594040741063104,36
4952,[2010. 6. 10. 8. 40. 12.437],22,B0042,90,4953,04953.csv,1.5946888289374477,37
4954,[2010. 6. 10. 12. 31. 31.375],22,B0042,92,4955,04955.csv,1.5882100957302596,38
4956,[2010. 6. 10. 16. 22. 38.906],22,B0042,94,4957,04957.csv,1.587985558077698,39
4958,[2010. 6. 10. 20. 13. 46.031],22,B0042,96,4959,04959.csv,1.5799165406650344,40
4960,[2010. 6. 11. 0. 4. 38.656],22,B0042,98,4961,04961.csv,1.5655946193652834,41
4964,[2010. 6. 11. 12. 17. 20.515],4,B0042,102,4965,04965.csv,0.0707012773734017,42
4968,[2010. 6. 11. 16. 49. 19.671],4,B0042,106,4969,04969.csv,0.0841687853013907,43
4970,[2010. 6. 11. 20. 8. 56.890],4,B0042,108,4971,04971.csv,0.0844378562146582,44
4972,[2010. 6. 11. 23. 28. 14.921],4,B0042,110,4973,04973.csv,0.0847891906059033,45
4974,[2010. 6. 16. 10. 39. 50.390],4,B0042,112,4975,04975.csv,0.0933425818344258,46
4977,[2010. 6. 16. 14. 46. 51.593],4,B0042,115,4978,04978.csv,0.1060318013139778,47
4979,[2010. 6. 16. 18. 7. 22.875],4,B0042,117,4980,04980.csv,0.106505866207118,48
4981,[2010. 6. 16. 21. 27. 32.859],4,B0042,119,4982,04982.csv,0.0943911158551295,49
4983,[2010. 6. 17. 0. 47. 36.281],4,B0042,121,4984,04984.csv,0.0945059592738711,50
4985,[2010. 6. 17. 3. 38. 47.796],4,B0042,123,4986,04986.csv,0.0821145610821562,51
4989,[2010. 6. 17. 8. 10. 30.890],4,B0042,127,4990,04990.csv,0.0951847063194674,52
4991,[2010. 6. 17. 11. 30. 34.546],4,B0042,129,4992,04992.csv,0.0953912999865905,53
4993,[2010. 6. 17. 14. 50. 30.921],4,B0042,131,4994,04994.csv,0.0828966456585456,54
4995,[2010. 6. 17. 18. 10. 6.218],4,B0042,133,4996,04996.csv,0.083431990364526,55
4997,[2010. 6. 17. 21. 29. 54.875],4,B0042,135,4998,04998.csv,0.0962477215649569,56
5001,[2010. 6. 18. 2. 1. 11.046],4,B0042,139,5002,05002.csv,0.0871279249656989,57
5003,[2010. 6. 18. 5. 20. 59.203],4,B0042,141,5004,05004.csv,0.0968191218275757,58
5005,[2010. 6. 18. 8. 40. 33.875],4,B0042,143,5006,05006.csv,0.084400548913451,59
5007,[2010. 6. 18. 12. 0. 2.609],4,B0042,145,5008,05008.csv,0.0977012171667452,60
5009,[2010. 6. 18. 15. 19. 35.359],4,B0042,147,5010,05010.csv,0.0851742647657266,61
5013,[2010. 6. 18. 19. 50. 33.234],4,B0042,151,5014,05014.csv,0.0847199354487912,62
5015,[2010. 6. 18. 23. 9. 59.000],4,B0042,153,5016,05016.csv,0.0854883696989364,63
5017,[2010. 6. 19. 2. 29. 16.281],4,B0042,155,5018,05018.csv,0.085777499334335,64
5019,[2010. 6. 19. 5. 42. 11.468],4,B0042,157,5020,05020.csv,0.0859555325524583,65
5021,[2010. 6. 19. 8. 49. 37.406],4,B0042,159,5022,05022.csv,0.0861479697965832,66
5025,[2010. 6. 21. 15. 19. 37.906],4,B0042,163,5026,05026.csv,0.0865245080899333,67
5029,[2010. 6. 21. 19. 51. 35.109],4,B0042,167,5030,05030.csv,0.0867603642868573,68
5031,[2010. 6. 21. 23. 11. 45.359],4,B0042,169,5032,05032.csv,0.0866202538937107,69
5033,[2010. 6. 22. 2. 31. 35.687],4,B0042,171,5034,05034.csv,0.0869802394927499,70
5035,[2010. 6. 22. 5. 44. 45.062],4,B0042,173,5036,05036.csv,0.0738778711347396,71
5037,[2010. 6. 22. 9. 4. 54.281],4,B0042,175,5038,05038.csv,0.0877586570223188,72
5041,[2010. 6. 22. 13. 36. 7.203],4,B0042,179,5042,05042.csv,0.0879057630027299,73
5043,[2010. 6. 22. 16. 55. 44.609],4,B0042,181,5044,05044.csv,0.0880878488220017,74
5045,[2010. 6. 22. 20. 15. 9.718],4,B0042,183,5046,05046.csv,0.0883425026815871,75
5047,[2010. 6. 22. 23. 34. 40.078],4,B0042,185,5048,05048.csv,0.0746305533274507,76
5049,[2010. 6. 23. 2. 54. 2.359],4,B0042,187,5050,05050.csv,0.0748569866512269,77
5053,[2010. 6. 23. 7. 24. 51.046],4,B0042,191,5054,05054.csv,0.0752757364314176,78
5055,[2010. 6. 23. 10. 44. 16.390],4,B0042,193,5056,05056.csv,0.0753235186048872,79
5057,[2010. 6. 23. 14. 3. 18.140],4,B0042,195,5058,05058.csv,0.0755376530236719,80
5059,[2010. 6. 23. 17. 19. 43.093],4,B0042,197,5060,05060.csv,0.0758428560612825,81
5061,[2010. 6. 23. 20. 32. 31.953],4,B0042,199,5062,05062.csv,0.0759921803489148,82
5065,[2010. 6. 23. 23. 10. 5.078],4,B0042,203,5066,05066.csv,0.0762165260959199,83
5067,[2010. 6. 24. 0. 22. 53.234],4,B0042,205,5068,05068.csv,0.0621692314155252,84
5069,[2010. 6. 24. 1. 18. 4.437],4,B0042,207,5070,05070.csv,0.0759822277461493,85
5071,[2010. 6. 24. 2. 17. 42.484],4,B0042,209,5072,05072.csv,0.0622701354894356,86
5073,[2010. 6. 24. 3. 12. 12.500],4,B0042,211,5074,05074.csv,0.0625944660879844,87
5077,[2010. 6. 25. 18. 45. 5.406],4,B0042,215,5078,05078.csv,1.4377344766079456,88
5081,[2010. 6. 26. 0. 33. 10.328],4,B0042,219,5082,05082.csv,1.5246019289244055,89
5083,[2010. 6. 26. 5. 11. 6.265],4,B0042,221,5084,05084.csv,1.5215273965539478,90
5085,[2010. 6. 26. 9. 48. 28.984],4,B0042,223,5086,05086.csv,1.5155323631175952,91
5087,[2010. 6. 26. 14. 25. 15.640],4,B0042,225,5088,05088.csv,1.5044249661534554,92
5089,[2010. 6. 26. 19. 1. 10.906],4,B0042,227,5090,05090.csv,1.5001507149498807,93
5093,[2010. 6. 27. 0. 48. 32.265],4,B0042,231,5094,05094.csv,1.489011227320312,94
5095,[2010. 6. 27. 5. 23. 33.859],4,B0042,233,5096,05096.csv,1.4810149357562843,95
5097,[2010. 6. 27. 9. 58. 20.953],4,B0042,235,5098,05098.csv,1.476262027748574,96
5099,[2010. 6. 27. 14. 32. 41.171],4,B0042,237,5100,05100.csv,1.466255102543896,97
5101,[2010. 6. 27. 19. 6. 37.984],4,B0042,239,5102,05102.csv,1.459328259381702,98
5105,[2010. 6. 28. 0. 51. 57.734],4,B0042,243,5106,05106.csv,1.445704157754381,99
5107,[2010. 6. 28. 5. 24. 57.140],4,B0042,245,5108,05108.csv,1.4400686089389023,100
5109,[2010. 6. 28. 9. 57. 41.468],4,B0042,247,5110,05110.csv,1.4290313659547842,101
5111,[2010. 6. 28. 14. 29. 46.171],4,B0042,249,5112,05112.csv,1.414172188151386,102
5113,[2010. 6. 28. 19. 1. 9.578],4,B0042,251,5114,05114.csv,1.415603079129078,103
5117,[2010. 6. 29. 0. 44. 0.078],4,B0042,255,5118,05118.csv,1.3994410223300702,104
5119,[2010. 6. 29. 5. 14. 48.968],4,B0042,257,5120,05120.csv,1.395963528579491,105
5121,[2010. 6. 29. 9. 44. 58.609],4,B0042,259,5122,05122.csv,1.3929784652630588,106
5123,[2010. 6. 29. 14. 14. 43.546],4,B0042,261,5124,05124.csv,1.3740772023800918,107
5125,[2010. 6. 29. 18. 44. 1.531],4,B0042,263,5126,05126.csv,1.3752493030002435,108
5129,[2010. 6. 30. 0. 24. 32.875],4,B0042,267,5130,05130.csv,1.3671966130854505,109
5131,[2010. 6. 30. 4. 53. 18.500],4,B0042,269,5132,05132.csv,1.356887600783644,110
5133,[2010. 6. 30. 9. 21. 28.343],4,B0042,271,5134,05134.csv,1.3449320225969348,111
5135,[2010. 6. 30. 13. 49. 7.171],4,B0042,273,5136,05136.csv,1.3374691704584258,112
5139,[2010. 6. 3. 20. 31. 2.968],22,B0043,2,5140,05140.csv,1.713782642126885,1
5141,[2010. 6. 4. 0. 29. 30.921],22,B0043,4,5142,05142.csv,1.6955681658647108,2
5143,[2010. 6. 4. 4. 26. 46.875],22,B0043,6,5144,05144.csv,1.6814906372051954,3
5145,[2010. 6. 4. 8. 23. 18.500],22,B0043,8,5146,05146.csv,1.6786372409532953,4
5147,[2010. 6. 4. 12. 19. 17.125],22,B0043,10,5148,05148.csv,1.6694168550864992,5
5151,[2010. 6. 4. 17. 26. 7.750],22,B0043,14,5152,05152.csv,0.0,6
5153,[2010. 6. 4. 21. 8. 0.437],22,B0043,16,5154,05154.csv,1.6611938521224778,7
5155,[2010. 6. 5. 1. 2. 33.453],22,B0043,18,5156,05156.csv,1.6506423382064332,8
5157,[2010. 6. 5. 4. 56. 47.468],22,B0043,20,5158,05158.csv,1.6424273190907783,9
5159,[2010. 6. 5. 8. 50. 47.750],22,B0043,22,5160,05160.csv,1.6353664801041328,10
5163,[2010. 6. 5. 13. 56. 3.921],22,B0043,26,5164,05164.csv,1.633232875930849,11
5165,[2010. 6. 5. 17. 49. 52.625],22,B0043,28,5166,05166.csv,1.6258840554387932,12
5167,[2010. 6. 5. 21. 43. 27.734],22,B0043,30,5168,05168.csv,1.617976174654771,13
5169,[2010. 6. 6. 1. 36. 58.156],22,B0043,32,5170,05170.csv,1.6136652707273988,14
5171,[2010. 6. 6. 5. 30. 11.906],22,B0043,34,5172,05172.csv,1.605821026619692,15
5175,[2010. 6. 6. 10. 34. 53.031],22,B0043,38,5176,05176.csv,1.6033527961961531,16
5177,[2010. 6. 6. 14. 28. 10.546],22,B0043,40,5178,05178.csv,1.5951342406182645,17
5179,[2010. 6. 6. 18. 21. 14.171],22,B0043,42,5180,05180.csv,1.5878135544728509,18
5181,[2010. 6. 6. 22. 14. 8.156],22,B0043,44,5182,05182.csv,1.5800601969084245,19
5183,[2010. 6. 7. 2. 6. 57.640],22,B0043,46,5184,05184.csv,1.575565087879128,20
5187,[2010. 6. 7. 13. 57. 40.859],22,B0043,50,5188,05188.csv,1.5950169012164208,21
5191,[2010. 6. 7. 19. 2. 43.281],22,B0043,54,5192,05192.csv,1.5898075522577595,22
5193,[2010. 6. 7. 22. 55. 54.203],22,B0043,56,5194,05194.csv,1.5807953202097411,23
5195,[2010. 6. 8. 2. 49. 1.156],22,B0043,58,5196,05196.csv,1.5704333289187615,24
5197,[2010. 6. 8. 6. 41. 51.625],22,B0043,60,5198,05198.csv,1.5643368431897875,25
5199,[2010. 6. 8. 10. 34. 18.500],22,B0043,62,5200,05200.csv,1.558307017802491,26
5203,[2010. 6. 8. 15. 38. 9.593],22,B0043,66,5204,05204.csv,1.5537149289772467,27
5205,[2010. 6. 8. 19. 30. 45.250],22,B0043,68,5206,05206.csv,1.549528250585513,28
5207,[2010. 6. 8. 23. 23. 11.562],22,B0043,70,5208,05208.csv,1.5424430535161062,29
5209,[2010. 6. 9. 3. 15. 28.281],22,B0043,72,5210,05210.csv,1.54256227031715,30
5211,[2010. 6. 9. 7. 7. 20.406],22,B0043,74,5212,05212.csv,1.5309356452520158,31
5215,[2010. 6. 9. 12. 10. 47.421],22,B0043,78,5216,05216.csv,1.5247733176952427,32
5217,[2010. 6. 9. 16. 2. 47.125],22,B0043,80,5218,05218.csv,1.5196742408779502,33
5219,[2010. 6. 9. 19. 54. 38.390],22,B0043,82,5220,05220.csv,1.5123696925788683,34
5221,[2010. 6. 9. 23. 46. 17.078],22,B0043,84,5222,05222.csv,1.499914486202397,35
5223,[2010. 6. 10. 3. 37. 32.500],22,B0043,86,5224,05224.csv,1.492410627118825,36
5227,[2010. 6. 10. 8. 40. 12.437],22,B0043,90,5228,05228.csv,1.492624987952706,37
5229,[2010. 6. 10. 12. 31. 31.375],22,B0043,92,5230,05230.csv,1.4924024018806028,38
5231,[2010. 6. 10. 16. 22. 38.906],22,B0043,94,5232,05232.csv,1.4853020201751674,39
5233,[2010. 6. 10. 20. 13. 46.031],22,B0043,96,5234,05234.csv,1.477208127101587,40
5235,[2010. 6. 11. 0. 4. 38.656],22,B0043,98,5236,05236.csv,1.4694738525181406,41
5239,[2010. 6. 11. 12. 17. 20.515],4,B0043,102,5240,05240.csv,0.0570343910426537,42
5243,[2010. 6. 11. 16. 49. 19.671],4,B0043,106,5244,05244.csv,0.0571536334895882,43
5245,[2010. 6. 11. 20. 8. 56.890],4,B0043,108,5246,05246.csv,0.0572936600593766,44
5247,[2010. 6. 11. 23. 28. 14.921],4,B0043,110,5248,05248.csv,0.0574420318527805,45
5249,[2010. 6. 16. 10. 39. 50.390],4,B0043,112,5250,05250.csv,0.0671306210772112,46
5252,[2010. 6. 16. 14. 46. 51.593],4,B0043,115,5253,05253.csv,0.0671478192023473,47
5254,[2010. 6. 16. 18. 7. 22.875],4,B0043,117,5255,05255.csv,0.0673200121169029,48
5256,[2010. 6. 16. 21. 27. 32.859],4,B0043,119,5257,05257.csv,0.0678403805161331,49
5258,[2010. 6. 17. 0. 47. 36.281],4,B0043,121,5259,05259.csv,0.0679960492721063,50
5260,[2010. 6. 17. 3. 38. 47.796],4,B0043,123,5261,05261.csv,0.0682801114788655,51
5264,[2010. 6. 17. 8. 10. 30.890],4,B0043,127,5265,05265.csv,0.0684463294312597,52
5266,[2010. 6. 17. 11. 30. 34.546],4,B0043,129,5267,05267.csv,0.0685136191478808,53
5268,[2010. 6. 17. 14. 50. 30.921],4,B0043,131,5269,05269.csv,0.0688740243561668,54
5270,[2010. 6. 17. 18. 10. 6.218],4,B0043,133,5271,05271.csv,0.0565443893216957,55
5272,[2010. 6. 17. 21. 29. 54.875],4,B0043,135,5273,05273.csv,0.0691835316418984,56
5276,[2010. 6. 18. 2. 1. 11.046],4,B0043,139,5277,05277.csv,0.0591220864554366,57
5278,[2010. 6. 18. 5. 20. 59.203],4,B0043,141,5279,05279.csv,0.0695612008414022,58
5280,[2010. 6. 18. 8. 40. 33.875],4,B0043,143,5281,05281.csv,0.0701789780437661,59
5282,[2010. 6. 18. 12. 0. 2.609],4,B0043,145,5283,05283.csv,0.0702814818386252,60
5284,[2010. 6. 18. 15. 19. 35.359],4,B0043,147,5285,05285.csv,0.0578736420287837,61
5288,[2010. 6. 18. 19. 50. 33.234],4,B0043,151,5289,05289.csv,0.0705661855429337,62
5290,[2010. 6. 18. 23. 9. 59.000],4,B0043,153,5291,05291.csv,0.057989410208958,63
5292,[2010. 6. 19. 2. 29. 16.281],4,B0043,155,5293,05293.csv,0.0712926644680078,64
5294,[2010. 6. 19. 5. 42. 11.468],4,B0043,157,5295,05295.csv,0.0714654655766428,65
5296,[2010. 6. 19. 8. 49. 37.406],4,B0043,159,5297,05297.csv,0.0716254973792324,66
5300,[2010. 6. 21. 15. 19. 37.906],4,B0043,163,5301,05301.csv,0.0719259635627201,67
5304,[2010. 6. 21. 19. 51. 35.109],4,B0043,167,5305,05305.csv,0.0588400951113647,68
5306,[2010. 6. 21. 23. 11. 45.359],4,B0043,169,5307,05307.csv,0.0721385348010396,69
5308,[2010. 6. 22. 2. 31. 35.687],4,B0043,171,5309,05309.csv,0.0723183571187791,70
5310,[2010. 6. 22. 5. 44. 45.062],4,B0043,173,5311,05311.csv,0.0593817062666809,71
5312,[2010. 6. 22. 9. 4. 54.281],4,B0043,175,5313,05313.csv,0.0729448848562527,72
5316,[2010. 6. 22. 13. 36. 7.203],4,B0043,179,5317,05317.csv,0.0730691773407958,73
5318,[2010. 6. 22. 16. 55. 44.609],4,B0043,181,5319,05319.csv,0.0731705412812827,74
5320,[2010. 6. 22. 20. 15. 9.718],4,B0043,183,5321,05321.csv,0.0734743029330489,75
5322,[2010. 6. 22. 23. 34. 40.078],4,B0043,185,5323,05323.csv,0.0601069759183187,76
5324,[2010. 6. 23. 2. 54. 2.359],4,B0043,187,5325,05325.csv,0.0738316250995573,77
5328,[2010. 6. 23. 7. 24. 51.046],4,B0043,191,5329,05329.csv,0.0604952153074282,78
5330,[2010. 6. 23. 10. 44. 16.390],4,B0043,193,5331,05331.csv,0.0606040102376181,79
5332,[2010. 6. 23. 14. 3. 18.140],4,B0043,195,5333,05333.csv,0.0607343843223521,80
5334,[2010. 6. 23. 17. 19. 43.093],4,B0043,197,5335,05335.csv,0.0609965304823779,81
5336,[2010. 6. 23. 20. 32. 31.953],4,B0043,199,5337,05337.csv,0.0611304592598731,82
5340,[2010. 6. 23. 23. 10. 5.078],4,B0043,203,5341,05341.csv,0.0612912441098759,83
5342,[2010. 6. 24. 0. 22. 53.234],4,B0043,205,5343,05343.csv,0.0613032906580409,84
5344,[2010. 6. 24. 1. 18. 4.437],4,B0043,207,5345,05345.csv,0.0611516615740909,85
5346,[2010. 6. 24. 2. 17. 42.484],4,B0043,209,5347,05347.csv,0.0614053871920573,86
5348,[2010. 6. 24. 3. 12. 12.500],4,B0043,211,5349,05349.csv,0.0617578076594285,87
5352,[2010. 6. 25. 18. 45. 5.406],4,B0043,215,5353,05353.csv,1.5250840516518187,88
5356,[2010. 6. 26. 0. 33. 10.328],4,B0043,219,5357,05357.csv,1.552568811301301,89
5358,[2010. 6. 26. 5. 11. 6.265],4,B0043,221,5359,05359.csv,1.5427752626774387,90
5360,[2010. 6. 26. 9. 48. 28.984],4,B0043,223,5361,05361.csv,1.533193283126468,91
5362,[2010. 6. 26. 14. 25. 15.640],4,B0043,225,5363,05363.csv,1.515272194917202,92
5364,[2010. 6. 26. 19. 1. 10.906],4,B0043,227,5365,05365.csv,1.5074989761997712,93
5368,[2010. 6. 27. 0. 48. 32.265],4,B0043,231,5369,05369.csv,1.4896288908647644,94
5370,[2010. 6. 27. 5. 23. 33.859],4,B0043,233,5371,05371.csv,1.4780778852088083,95
5372,[2010. 6. 27. 9. 58. 20.953],4,B0043,235,5373,05373.csv,1.4700035345334466,96
5374,[2010. 6. 27. 14. 32. 41.171],4,B0043,237,5375,05375.csv,1.4565623180137075,97
5376,[2010. 6. 27. 19. 6. 37.984],4,B0043,239,5377,05377.csv,1.445976962830235,98
5380,[2010. 6. 28. 0. 51. 57.734],4,B0043,243,5381,05381.csv,1.4325855992469252,99
5382,[2010. 6. 28. 5. 24. 57.140],4,B0043,245,5383,05383.csv,1.4197344854662963,100
5384,[2010. 6. 28. 9. 57. 41.468],4,B0043,247,5385,05385.csv,1.401262575071573,101
5386,[2010. 6. 28. 14. 29. 46.171],4,B0043,249,5387,05387.csv,1.3862945308535968,102
5388,[2010. 6. 28. 19. 1. 9.578],4,B0043,251,5389,05389.csv,1.384130256052478,103
5392,[2010. 6. 29. 0. 44. 0.078],4,B0043,255,5393,05393.csv,1.3651743201871416,104
5394,[2010. 6. 29. 5. 14. 48.968],4,B0043,257,5395,05395.csv,1.361508332192898,105
5396,[2010. 6. 29. 9. 44. 58.609],4,B0043,259,5397,05397.csv,1.351001663879717,106
5398,[2010. 6. 29. 14. 14. 43.546],4,B0043,261,5399,05399.csv,1.3282588067265129,107
5400,[2010. 6. 29. 18. 44. 1.531],4,B0043,263,5401,05401.csv,1.3257206687421472,108
5404,[2010. 6. 30. 0. 24. 32.875],4,B0043,267,5405,05405.csv,1.314290971597844,109
5406,[2010. 6. 30. 4. 53. 18.500],4,B0043,269,5407,05407.csv,1.300326009481109,110
5408,[2010. 6. 30. 9. 21. 28.343],4,B0043,271,5409,05409.csv,1.2881071401556836,111
5410,[2010. 6. 30. 13. 49. 7.171],4,B0043,273,5411,05411.csv,1.2767801501201566,112
5414,[2010. 6. 3. 20. 31. 2.968],22,B0044,2,5415,05415.csv,1.686525555152074,1
5416,[2010. 6. 4. 0. 29. 30.921],22,B0044,4,5417,05417.csv,1.6624606531639186,2
5418,[2010. 6. 4. 4. 26. 46.875],22,B0044,6,5419,05419.csv,1.6534010755700512,3
5420,[2010. 6. 4. 8. 23. 18.500],22,B0044,8,5421,05421.csv,1.6452145903490936,4
5422,[2010. 6. 4. 12. 19. 17.125],22,B0044,10,5423,05423.csv,1.635664062367341,5
5426,[2010. 6. 4. 17. 26. 7.750],22,B0044,14,5427,05427.csv,0.0,6
5428,[2010. 6. 4. 21. 8. 0.437],22,B0044,16,5429,05429.csv,1.6267769765146465,7
5430,[2010. 6. 5. 1. 2. 33.453],22,B0044,18,5431,05431.csv,1.6159715504743064,8
5432,[2010. 6. 5. 4. 56. 47.468],22,B0044,20,5433,05433.csv,1.6076028386649623,9
5434,[2010. 6. 5. 8. 50. 47.750],22,B0044,22,5435,05435.csv,1.6003360401431612,10
5438,[2010. 6. 5. 13. 56. 3.921],22,B0044,26,5439,05439.csv,1.5978700914991917,11
5440,[2010. 6. 5. 17. 49. 52.625],22,B0044,28,5441,05441.csv,1.5900310265163515,12
5442,[2010. 6. 5. 21. 43. 27.734],22,B0044,30,5443,05443.csv,1.5816311155652092,13
5444,[2010. 6. 6. 1. 36. 58.156],22,B0044,32,5445,05445.csv,1.5714556311034702,14
5446,[2010. 6. 6. 5. 30. 11.906],22,B0044,34,5447,05447.csv,1.563220798569978,15
5450,[2010. 6. 6. 10. 34. 53.031],22,B0044,38,5451,05451.csv,1.5606775388245586,16
5452,[2010. 6. 6. 14. 28. 10.546],22,B0044,40,5453,05453.csv,1.5523886011314287,17
5454,[2010. 6. 6. 18. 21. 14.171],22,B0044,42,5455,05455.csv,1.5444592876561969,18
5456,[2010. 6. 6. 22. 14. 8.156],22,B0044,44,5457,05457.csv,1.536558134180655,19
5458,[2010. 6. 7. 2. 6. 57.640],22,B0044,46,5459,05459.csv,1.5307255867941072,20
5462,[2010. 6. 7. 13. 57. 40.859],22,B0044,50,5463,05463.csv,1.545242808242328,21
5466,[2010. 6. 7. 19. 2. 43.281],22,B0044,54,5467,05467.csv,1.5397144491816253,22
5468,[2010. 6. 7. 22. 55. 54.203],22,B0044,56,5469,05469.csv,1.5305357077773765,23
5470,[2010. 6. 8. 2. 49. 1.156],22,B0044,58,5471,05471.csv,1.5199735224097084,24
5472,[2010. 6. 8. 6. 41. 51.625],22,B0044,60,5473,05473.csv,1.5136629526844203,25
5474,[2010. 6. 8. 10. 34. 18.500],22,B0044,62,5475,05475.csv,1.501287000699295,26
5478,[2010. 6. 8. 15. 38. 9.593],22,B0044,66,5479,05479.csv,1.5023814734911674,27
5480,[2010. 6. 8. 19. 30. 45.250],22,B0044,68,5481,05481.csv,1.4980955154277502,28
5482,[2010. 6. 8. 23. 23. 11.562],22,B0044,70,5483,05483.csv,1.4906542391377111,29
5484,[2010. 6. 9. 3. 15. 28.281],22,B0044,72,5485,05485.csv,1.484397163943621,30
5486,[2010. 6. 9. 7. 7. 20.406],22,B0044,74,5487,05487.csv,1.4725321936230114,31
5490,[2010. 6. 9. 12. 10. 47.421],22,B0044,78,5491,05491.csv,1.4663149382113208,32
5492,[2010. 6. 9. 16. 2. 47.125],22,B0044,80,5493,05493.csv,1.4671298468877776,33
5494,[2010. 6. 9. 19. 54. 38.390],22,B0044,82,5495,05495.csv,1.4593858997633138,34
5496,[2010. 6. 9. 23. 46. 17.078],22,B0044,84,5497,05497.csv,1.4467901368505207,35
5498,[2010. 6. 10. 3. 37. 32.500],22,B0044,86,5499,05499.csv,1.4390669859638228,36
5502,[2010. 6. 10. 8. 40. 12.437],22,B0044,90,5503,05503.csv,1.4389892550462602,37
5504,[2010. 6. 10. 12. 31. 31.375],22,B0044,92,5505,05505.csv,1.4386198779578576,38
5506,[2010. 6. 10. 16. 22. 38.906],22,B0044,94,5507,05507.csv,1.4313412096653504,39
5508,[2010. 6. 10. 20. 13. 46.031],22,B0044,96,5509,05509.csv,1.422973037663468,40
5510,[2010. 6. 11. 0. 4. 38.656],22,B0044,98,5511,05511.csv,1.4150153099745095,41
5514,[2010. 6. 11. 12. 17. 20.515],4,B0044,102,5515,05515.csv,0.0572172710622218,42
5518,[2010. 6. 11. 16. 49. 19.671],4,B0044,106,5519,05519.csv,0.0573587470253984,43
5520,[2010. 6. 11. 20. 8. 56.890],4,B0044,108,5521,05521.csv,0.0574968754544523,44
5522,[2010. 6. 11. 23. 28. 14.921],4,B0044,110,5523,05523.csv,0.0576308880988852,45
5524,[2010. 6. 16. 10. 39. 50.390],4,B0044,112,5525,05525.csv,0.0551169133397871,46
5527,[2010. 6. 16. 14. 46. 51.593],4,B0044,115,5528,05528.csv,0.0674075526574801,47
5529,[2010. 6. 16. 18. 7. 22.875],4,B0044,117,5530,05530.csv,0.0675676530317139,48
5531,[2010. 6. 16. 21. 27. 32.859],4,B0044,119,5532,05532.csv,0.0556373104491564,49
5533,[2010. 6. 17. 0. 47. 36.281],4,B0044,121,5534,05534.csv,0.0682243327610682,50
5535,[2010. 6. 17. 3. 38. 47.796],4,B0044,123,5536,05536.csv,0.0560524534315144,51
5539,[2010. 6. 17. 8. 10. 30.890],4,B0044,127,5540,05540.csv,0.0686822013010505,52
5541,[2010. 6. 17. 11. 30. 34.546],4,B0044,129,5542,05542.csv,0.0687475535334652,53
5543,[2010. 6. 17. 14. 50. 30.921],4,B0044,131,5544,05544.csv,0.0565143989134748,54
5545,[2010. 6. 17. 18. 10. 6.218],4,B0044,133,5546,05546.csv,0.0567330718538736,55
5547,[2010. 6. 17. 21. 29. 54.875],4,B0044,135,5548,05548.csv,0.0694133756360175,56
5551,[2010. 6. 18. 2. 1. 11.046],4,B0044,139,5552,05552.csv,0.0593176644466495,57
5553,[2010. 6. 18. 5. 20. 59.203],4,B0044,141,5554,05554.csv,0.0698170725362273,58
5555,[2010. 6. 18. 8. 40. 33.875],4,B0044,143,5556,05556.csv,0.0574643508969407,59
5557,[2010. 6. 18. 12. 0. 2.609],4,B0044,145,5558,05558.csv,0.0705377438399369,60
5559,[2010. 6. 18. 15. 19. 35.359],4,B0044,147,5560,05560.csv,0.0580546605234449,61
5563,[2010. 6. 18. 19. 50. 33.234],4,B0044,151,5564,05564.csv,0.0708399201529106,62
5565,[2010. 6. 18. 23. 9. 59.000],4,B0044,153,5566,05566.csv,0.0581718361305258,63
5567,[2010. 6. 19. 2. 29. 16.281],4,B0044,155,5568,05568.csv,0.0583051571279828,64
5569,[2010. 6. 19. 5. 42. 11.468],4,B0044,157,5570,05570.csv,0.0584559266936776,65
5571,[2010. 6. 19. 8. 49. 37.406],4,B0044,159,5572,05572.csv,0.058629861106387,66
5575,[2010. 6. 21. 15. 19. 37.906],4,B0044,163,5576,05576.csv,0.0589003321838338,67
5579,[2010. 6. 21. 19. 51. 35.109],4,B0044,167,5580,05580.csv,0.0590646770201104,68
5581,[2010. 6. 21. 23. 11. 45.359],4,B0044,169,5582,05582.csv,0.0724057998284407,69
5583,[2010. 6. 22. 2. 31. 35.687],4,B0044,171,5584,05584.csv,0.0725563284689165,70
5585,[2010. 6. 22. 5. 44. 45.062],4,B0044,173,5586,05586.csv,0.0595922298890959,71
5587,[2010. 6. 22. 9. 4. 54.281],4,B0044,175,5588,05588.csv,0.0732170902276858,72
5591,[2010. 6. 22. 13. 36. 7.203],4,B0044,179,5592,05592.csv,0.0598410084998697,73
5593,[2010. 6. 22. 16. 55. 44.609],4,B0044,181,5594,05594.csv,0.0734434705697157,74
5595,[2010. 6. 22. 20. 15. 9.718],4,B0044,183,5596,05596.csv,0.0737373960592326,75
5597,[2010. 6. 22. 23. 34. 40.078],4,B0044,185,5598,05598.csv,0.0603231248972743,76
5599,[2010. 6. 23. 2. 54. 2.359],4,B0044,187,5600,05600.csv,0.0740961197823434,77
5603,[2010. 6. 23. 7. 24. 51.046],4,B0044,191,5604,05604.csv,0.0607171505329549,78
5605,[2010. 6. 23. 10. 44. 16.390],4,B0044,193,5606,05606.csv,0.0608284422939796,79
5607,[2010. 6. 23. 14. 3. 18.140],4,B0044,195,5608,05608.csv,0.0609288444479822,80
5609,[2010. 6. 23. 17. 19. 43.093],4,B0044,197,5610,05610.csv,0.0612203873656202,81
5611,[2010. 6. 23. 20. 32. 31.953],4,B0044,199,5612,05612.csv,0.061336775826916,82
5615,[2010. 6. 23. 23. 10. 5.078],4,B0044,203,5616,05616.csv,0.0615021959933087,83
5617,[2010. 6. 24. 0. 22. 53.234],4,B0044,205,5618,05618.csv,0.0615436456229027,84
5619,[2010. 6. 24. 1. 18. 4.437],4,B0044,207,5620,05620.csv,0.0613682829819075,85
5621,[2010. 6. 24. 2. 17. 42.484],4,B0044,209,5622,05622.csv,0.0616335088887399,86
5623,[2010. 6. 24. 3. 12. 12.500],4,B0044,211,5624,05624.csv,0.0619810308759487,87
5627,[2010. 6. 25. 18. 45. 5.406],4,B0044,215,5628,05628.csv,1.4779954511171076,88
5631,[2010. 6. 26. 0. 33. 10.328],4,B0044,219,5632,05632.csv,1.494119871447679,89
5633,[2010. 6. 26. 5. 11. 6.265],4,B0044,221,5634,05634.csv,1.488007820113173,90
5635,[2010. 6. 26. 9. 48. 28.984],4,B0044,223,5636,05636.csv,1.4748338592717107,91
5637,[2010. 6. 26. 14. 25. 15.640],4,B0044,225,5638,05638.csv,1.4604378044785566,92
5639,[2010. 6. 26. 19. 1. 10.906],4,B0044,227,5640,05640.csv,1.452380841576719,93
5643,[2010. 6. 27. 0. 48. 32.265],4,B0044,231,5644,05644.csv,1.441102888364986,94
5645,[2010. 6. 27. 5. 23. 33.859],4,B0044,233,5646,05646.csv,1.4300355978410688,95
5647,[2010. 6. 27. 9. 58. 20.953],4,B0044,235,5648,05648.csv,1.413943296719903,96
5649,[2010. 6. 27. 14. 32. 41.171],4,B0044,237,5650,05650.csv,1.3972667497450315,97
5651,[2010. 6. 27. 19. 6. 37.984],4,B0044,239,5652,05652.csv,1.3865375876825874,98
5655,[2010. 6. 28. 0. 51. 57.734],4,B0044,243,5656,05656.csv,1.3724753685724698,99
5657,[2010. 6. 28. 5. 24. 57.140],4,B0044,245,5658,05658.csv,1.3598593948812812,100
5659,[2010. 6. 28. 9. 57. 41.468],4,B0044,247,5660,05660.csv,1.3486733410392264,101
5661,[2010. 6. 28. 14. 29. 46.171],4,B0044,249,5662,05662.csv,1.3334258933205057,102
5663,[2010. 6. 28. 19. 1. 9.578],4,B0044,251,5664,05664.csv,1.3387793081075827,103
5667,[2010. 6. 29. 0. 44. 0.078],4,B0044,255,5668,05668.csv,1.3153320403016997,104
5669,[2010. 6. 29. 5. 14. 48.968],4,B0044,257,5670,05670.csv,1.322963328110081,105
5671,[2010. 6. 29. 9. 44. 58.609],4,B0044,259,5672,05672.csv,1.3086991524155074,106
5673,[2010. 6. 29. 14. 14. 43.546],4,B0044,261,5674,05674.csv,1.2897499583900436,107
5675,[2010. 6. 29. 18. 44. 1.531],4,B0044,263,5676,05676.csv,1.2906172590904164,108
5679,[2010. 6. 30. 0. 24. 32.875],4,B0044,267,5680,05680.csv,1.2752011253442166,109
5681,[2010. 6. 30. 4. 53. 18.500],4,B0044,269,5682,05682.csv,1.268607265737458,110
5683,[2010. 6. 30. 9. 21. 28.343],4,B0044,271,5684,05684.csv,1.2565759973225976,111
5685,[2010. 6. 30. 13. 49. 7.171],4,B0044,273,5686,05686.csv,1.2486254509320869,112
5687,[2010. 7. 21. 15. 0. 35.093],4,B0045,0,5688,05688.csv,1.0819793880779518,1
5691,[2010. 7. 21. 21. 2. 56.984],4,B0045,4,5692,05692.csv,0.927952404748273,2
5693,[2010. 7. 22. 1. 40. 6.218],4,B0045,6,5694,05694.csv,0.885193608411576,3
5695,[2010. 7. 22. 6. 16. 21.781],4,B0045,8,5696,05696.csv,0.8581010699478283,4
5697,[2010. 7. 22. 10. 51. 48.203],4,B0045,10,5698,05698.csv,0.8409352213456689,5
5699,[2010. 7. 22. 15. 26. 29.359],4,B0045,12,5700,05700.csv,0.8245471942901911,6
5703,[2010. 7. 23. 9. 59. 8.718],4,B0045,16,5704,05704.csv,0.7935960418803983,7
5707,[2010. 7. 23. 15. 44. 51.671],4,B0045,20,5708,05708.csv,0.8183676087159205,8
5709,[2010. 7. 23. 20. 19. 2.359],4,B0045,22,5710,05710.csv,0.7977644276409412,9
5711,[2010. 7. 24. 0. 52. 14.625],4,B0045,24,5712,05712.csv,0.7993777411831636,10
5713,[2010. 7. 24. 5. 24. 46.453],4,B0045,26,5714,05714.csv,0.7783107440628891,11
5715,[2010. 7. 24. 9. 56. 39.000],4,B0045,28,5716,05716.csv,0.7803738231239117,12
5719,[2010. 7. 27. 16. 12. 5.718],4,B0045,32,5720,05720.csv,0.7713058245640294,13
5723,[2010. 7. 27. 21. 56. 24.312],4,B0045,36,5724,05724.csv,0.795279016979026,14
5725,[2010. 7. 28. 2. 29. 37.343],4,B0045,38,5726,05726.csv,0.7824128169919247,15
5727,[2010. 7. 28. 7. 1. 57.687],4,B0045,40,5728,05728.csv,0.7649414992231182,16
5729,[2010. 7. 28. 11. 33. 1.828],4,B0045,42,5730,05730.csv,0.7544899426779375,17
5731,[2010. 7. 28. 16. 3. 39.015],4,B0045,44,5732,05732.csv,0.7504048978314295,18
5735,[2010. 7. 28. 21. 45. 15.500],4,B0045,48,5736,05736.csv,0.7407258109620256,19
5737,[2010. 7. 29. 2. 14. 29.703],4,B0045,50,5738,05738.csv,0.0,20
5739,[2010. 7. 29. 5. 57. 18.515],4,B0045,52,5740,05740.csv,0.7308525593793626,21
5741,[2010. 7. 29. 10. 29. 29.765],4,B0045,54,5742,05742.csv,0.7287255851177903,22
5743,[2010. 7. 29. 14. 57. 39.921],4,B0045,56,5744,05744.csv,0.7161023377036263,23
5747,[2010. 7. 29. 20. 36. 49.093],4,B0045,60,5748,05748.csv,0.7129204834988017,24
5749,[2010. 7. 30. 1. 3. 48.203],4,B0045,62,5750,05750.csv,0.7141991829499618,25
5751,[2010. 7. 30. 5. 30. 13.453],4,B0045,64,5752,05752.csv,0.7190570819844222,26
5753,[2010. 7. 30. 9. 56. 7.796],4,B0045,66,5754,05754.csv,0.7173975428775917,27
5755,[2010. 7. 30. 14. 21. 3.875],4,B0045,68,5756,05756.csv,0.7071027496463946,28
5759,[2010. 7. 30. 19. 57. 28.859],4,B0045,72,5760,05760.csv,0.703531206505542,29
5761,[2010. 7. 31. 0. 21. 41.812],4,B0045,74,5762,05762.csv,0.6941108278958862,30
5763,[2010. 7. 31. 4. 45. 24.171],4,B0045,76,5764,05764.csv,0.6914114388869608,31
5765,[2010. 7. 31. 9. 8. 38.406],4,B0045,78,5766,05766.csv,0.6971551798505504,32
5767,[2010. 7. 31. 13. 31. 7.296],4,B0045,80,5768,05768.csv,0.6832460217432723,33
5771,[2010. 8. 3. 15. 52. 53.046],4,B0045,84,5772,05772.csv,0.6822029317493292,34
5775,[2010. 8. 3. 21. 29. 43.953],4,B0045,88,5776,05776.csv,0.7289529213213379,35
5777,[2010. 8. 4. 1. 56. 12.734],4,B0045,90,5778,05778.csv,0.7139321758287004,36
5779,[2010. 8. 4. 6. 20. 57.078],4,B0045,92,5780,05780.csv,0.6957731747455482,37
5781,[2010. 8. 4. 10. 44. 49.390],4,B0045,94,5782,05782.csv,0.7018312962317095,38
5783,[2010. 8. 4. 15. 7. 58.828],4,B0045,96,5784,05784.csv,0.6911808244378487,39
5787,[2010. 8. 4. 20. 41. 59.500],4,B0045,100,5788,05788.csv,0.6843279752855028,40
5789,[2010. 8. 5. 1. 4. 3.312],4,B0045,102,5790,05790.csv,0.6741394908812485,41
5791,[2010. 8. 5. 5. 25. 7.906],4,B0045,104,5792,05792.csv,0.6670070174301739,42
5793,[2010. 8. 5. 9. 45. 36.390],4,B0045,106,5794,05794.csv,0.6804085117374855,43
5795,[2010. 8. 5. 14. 5. 44.828],4,B0045,108,5796,05796.csv,0.6617864063235485,44
5799,[2010. 8. 5. 19. 37. 8.125],4,B0045,112,5800,05800.csv,0.6623168733492338,45
5801,[2010. 8. 5. 23. 56. 22.437],4,B0045,114,5802,05802.csv,0.6679358357181778,46
5803,[2010. 8. 6. 4. 15. 3.234],4,B0045,116,5804,05804.csv,0.6488990885270688,47
5805,[2010. 8. 6. 8. 33. 24.750],4,B0045,118,5806,05806.csv,0.6503639129625527,48
5807,[2010. 8. 6. 12. 51. 21.000],4,B0045,120,5808,05808.csv,0.6572077690202801,49
5811,[2010. 8. 6. 18. 20. 37.375],4,B0045,124,5812,05812.csv,0.6363517458476216,50
5813,[2010. 8. 6. 22. 37. 51.968],4,B0045,126,5814,05814.csv,0.6536449360948587,51
5815,[2010. 8. 7. 2. 54. 46.296],4,B0045,128,5816,05816.csv,0.6391428272150887,52
5817,[2010. 8. 7. 7. 11. 8.671],4,B0045,130,5818,05818.csv,0.6482206049496236,53
5819,[2010. 8. 7. 11. 26. 50.984],4,B0045,132,5820,05820.csv,0.6287957471922729,54
5823,[2010. 8. 10. 15. 39. 28.921],4,B0045,136,5824,05824.csv,0.6380571850193401,55
5827,[2010. 8. 10. 21. 13. 49.640],4,B0045,140,5828,05828.csv,0.6554825047832906,56
5829,[2010. 8. 11. 1. 35. 2.781],4,B0045,142,5830,05830.csv,0.6484934835397033,57
5831,[2010. 8. 11. 5. 54. 59.281],4,B0045,144,5832,05832.csv,0.6454071687844921,58
5833,[2010. 8. 11. 10. 14. 4.421],4,B0045,146,5834,05834.csv,0.6427008031845645,59
5835,[2010. 8. 11. 14. 32. 46.656],4,B0045,148,5836,05836.csv,0.6352454880802477,60
5839,[2010. 8. 12. 12. 34. 22.109],4,B0045,152,5840,05840.csv,0.6156760019587869,61
5843,[2010. 8. 12. 18. 4. 47.218],4,B0045,156,5844,05844.csv,0.6170833682807023,62
5845,[2010. 8. 12. 22. 24. 12.484],4,B0045,158,5846,05846.csv,0.6434227390858672,63
5847,[2010. 8. 13. 2. 42. 32.031],4,B0045,160,5848,05848.csv,0.6278124433742752,64
5849,[2010. 8. 13. 6. 59. 39.343],4,B0045,162,5850,05850.csv,0.6290078315253372,65
5851,[2010. 8. 13. 11. 16. 29.328],4,B0045,164,5852,05852.csv,0.0,66
5855,[2010. 8. 16. 10. 57. 7.937],4,B0045,168,5856,05856.csv,0.6266355568292261,67
5859,[2010. 8. 16. 16. 33. 48.968],4,B0045,172,5860,05860.csv,0.6495813516716594,68
5861,[2010. 8. 16. 20. 54. 56.609],4,B0045,174,5862,05862.csv,0.6337485177966306,69
5863,[2010. 8. 17. 1. 14. 42.109],4,B0045,176,5864,05864.csv,0.6298550929085645,70
5865,[2010. 8. 17. 5. 33. 53.718],4,B0045,178,5866,05866.csv,0.6183063778386736,71
5867,[2010. 8. 17. 9. 52. 5.375],4,B0045,180,5868,05868.csv,0.6069476168507777,72
5871,[2010. 7. 21. 15. 0. 35.093],4,B0046,0,5872,05872.csv,1.7282392323598248,1
5875,[2010. 7. 21. 21. 2. 56.984],4,B0046,4,5876,05876.csv,1.5161488467923143,2
5877,[2010. 7. 22. 1. 40. 6.218],4,B0046,6,5878,05878.csv,1.503121190703977,3
5879,[2010. 7. 22. 6. 16. 21.781],4,B0046,8,5880,05880.csv,1.48586566102824,4
5881,[2010. 7. 22. 10. 51. 48.203],4,B0046,10,5882,05882.csv,1.4694562316392716,5
5883,[2010. 7. 22. 15. 26. 29.359],4,B0046,12,5884,05884.csv,1.458955459264481,6
5887,[2010. 7. 23. 9. 59. 8.718],4,B0046,16,5888,05888.csv,1.4556853555098297,7
5891,[2010. 7. 23. 15. 44. 51.671],4,B0046,20,5892,05892.csv,1.456232262380321,8
5893,[2010. 7. 23. 20. 19. 2.359],4,B0046,22,5894,05894.csv,1.4440592236675138,9
5895,[2010. 7. 24. 0. 52. 14.625],4,B0046,24,5896,05896.csv,1.428294264765868,10
5897,[2010. 7. 24. 5. 24. 46.453],4,B0046,26,5898,05898.csv,1.4199848948034668,11
5899,[2010. 7. 24. 9. 56. 39.000],4,B0046,28,5900,05900.csv,1.4043226018516568,12
5903,[2010. 7. 27. 16. 12. 5.718],4,B0046,32,5904,05904.csv,1.4234351301615986,13
5907,[2010. 7. 27. 21. 56. 24.312],4,B0046,36,5908,05908.csv,1.4339948857967295,14
5909,[2010. 7. 28. 2. 29. 37.343],4,B0046,38,5910,05910.csv,1.4185177047756572,15
5911,[2010. 7. 28. 7. 1. 57.687],4,B0046,40,5912,05912.csv,1.4056313337829422,16
5913,[2010. 7. 28. 11. 33. 1.828],4,B0046,42,5914,05914.csv,1.3890214025155618,17
5915,[2010. 7. 28. 16. 3. 39.015],4,B0046,44,5916,05916.csv,1.3723339082737365,18
5919,[2010. 7. 28. 21. 45. 15.500],4,B0046,48,5920,05920.csv,1.3615778905990563,19
5921,[2010. 7. 29. 2. 14. 29.703],4,B0046,50,5922,05922.csv,0.0,20
5923,[2010. 7. 29. 5. 57. 18.515],4,B0046,52,5924,05924.csv,1.4100282016237429,21
5925,[2010. 7. 29. 10. 29. 29.765],4,B0046,54,5926,05926.csv,1.3395671374926488,22
5927,[2010. 7. 29. 14. 57. 39.921],4,B0046,56,5928,05928.csv,1.3291515487117478,23
5931,[2010. 7. 29. 20. 36. 49.093],4,B0046,60,5932,05932.csv,1.3181687033905718,24
5933,[2010. 7. 30. 1. 3. 48.203],4,B0046,62,5934,05934.csv,1.312423708466101,25
5935,[2010. 7. 30. 5. 30. 13.453],4,B0046,64,5936,05936.csv,1.2993237532162487,26
5937,[2010. 7. 30. 9. 56. 7.796],4,B0046,66,5938,05938.csv,1.2877483042174591,27
5939,[2010. 7. 30. 14. 21. 3.875],4,B0046,68,5940,05940.csv,1.2865282739749122,28
5943,[2010. 7. 30. 19. 57. 28.859],4,B0046,72,5944,05944.csv,1.2719636386987183,29
5945,[2010. 7. 31. 0. 21. 41.812],4,B0046,74,5946,05946.csv,1.2714495345417192,30
5947,[2010. 7. 31. 4. 45. 24.171],4,B0046,76,5948,05948.csv,1.2615423884659074,31
5949,[2010. 7. 31. 9. 8. 38.406],4,B0046,78,5950,05950.csv,1.2421201619204132,32
5951,[2010. 7. 31. 13. 31. 7.296],4,B0046,80,5952,05952.csv,1.2402537441669796,33
5955,[2010. 8. 3. 15. 52. 53.046],4,B0046,84,5956,05956.csv,1.2851130012242886,34
5959,[2010. 8. 3. 21. 29. 43.953],4,B0046,88,5960,05960.csv,1.3043327841699193,35
5961,[2010. 8. 4. 1. 56. 12.734],4,B0046,90,5962,05962.csv,1.2778639041619957,36
5963,[2010. 8. 4. 6. 20. 57.078],4,B0046,92,5964,05964.csv,1.272346459165154,37
5965,[2010. 8. 4. 10. 44. 49.390],4,B0046,94,5966,05966.csv,1.2477883952768762,38
5967,[2010. 8. 4. 15. 7. 58.828],4,B0046,96,5968,05968.csv,1.2352499196655526,39
5971,[2010. 8. 4. 20. 41. 59.500],4,B0046,100,5972,05972.csv,1.229251291851949,40
5973,[2010. 8. 5. 1. 4. 3.312],4,B0046,102,5974,05974.csv,1.223890910501634,41
5975,[2010. 8. 5. 5. 25. 7.906],4,B0046,104,5976,05976.csv,1.205423323571373,42
5977,[2010. 8. 5. 9. 45. 36.390],4,B0046,106,5978,05978.csv,1.1957824090008151,43
5979,[2010. 8. 5. 14. 5. 44.828],4,B0046,108,5980,05980.csv,1.190072949669846,44
5983,[2010. 8. 5. 19. 37. 8.125],4,B0046,112,5984,05984.csv,1.179201763233652,45
5985,[2010. 8. 5. 23. 56. 22.437],4,B0046,114,5986,05986.csv,1.169504032514554,46
5987,[2010. 8. 6. 4. 15. 3.234],4,B0046,116,5988,05988.csv,1.16772376849918,47
5989,[2010. 8. 6. 8. 33. 24.750],4,B0046,118,5990,05990.csv,1.1579256145829042,48
5991,[2010. 8. 6. 12. 51. 21.000],4,B0046,120,5992,05992.csv,1.1499812813376982,49
5995,[2010. 8. 6. 18. 20. 37.375],4,B0046,124,5996,05996.csv,1.150285902223034,50
5997,[2010. 8. 6. 22. 37. 51.968],4,B0046,126,5998,05998.csv,1.1349452274085248,51
5999,[2010. 8. 7. 2. 54. 46.296],4,B0046,128,6000,06000.csv,1.1380960963513609,52
6001,[2010. 8. 7. 7. 11. 8.671],4,B0046,130,6002,06002.csv,1.123711172150547,53
6003,[2010. 8. 7. 11. 26. 50.984],4,B0046,132,6004,06004.csv,0.0,54
6007,[2010. 8. 10. 15. 39. 28.921],4,B0046,136,6008,06008.csv,1.214119211354098,55
6011,[2010. 8. 10. 21. 13. 49.640],4,B0046,140,6012,06012.csv,1.211944797522819,56
6013,[2010. 8. 11. 1. 35. 2.781],4,B0046,142,6014,06014.csv,1.1971248679331925,57
6015,[2010. 8. 11. 5. 54. 59.281],4,B0046,144,6016,06016.csv,1.1822892151870987,58
6017,[2010. 8. 11. 10. 14. 4.421],4,B0046,146,6018,06018.csv,1.1645336676778395,59
6019,[2010. 8. 11. 14. 32. 46.656],4,B0046,148,6020,06020.csv,1.1535559567518647,60
6023,[2010. 8. 12. 12. 34. 22.109],4,B0046,152,6024,06024.csv,1.1601987101282063,61
6027,[2010. 8. 12. 18. 4. 47.218],4,B0046,156,6028,06028.csv,1.1711716308206082,62
6029,[2010. 8. 12. 22. 24. 12.484],4,B0046,158,6030,06030.csv,1.1563410270783216,63
6031,[2010. 8. 13. 2. 42. 32.031],4,B0046,160,6032,06032.csv,1.141082456193516,64
6033,[2010. 8. 13. 6. 59. 39.343],4,B0046,162,6034,06034.csv,1.1352383596118123,65
6035,[2010. 8. 13. 11. 16. 29.328],4,B0046,164,6036,06036.csv,0.0,66
6039,[2010. 8. 16. 10. 57. 7.937],4,B0046,168,6040,06040.csv,1.2530847858282803,67
6043,[2010. 8. 16. 16. 33. 48.968],4,B0046,172,6044,06044.csv,1.2050453590356518,68
6045,[2010. 8. 16. 20. 54. 56.609],4,B0046,174,6046,06046.csv,1.19119860196273,69
6047,[2010. 8. 17. 1. 14. 42.109],4,B0046,176,6048,06048.csv,1.17463817374538,70
6049,[2010. 8. 17. 5. 33. 53.718],4,B0046,178,6050,06050.csv,1.1555432048235512,71
6051,[2010. 8. 17. 9. 52. 5.375],4,B0046,180,6052,06052.csv,1.1538041170229467,72
6055,[2010. 7. 21. 15. 0. 35.093],4,B0047,0,6056,06056.csv,1.6743047446975208,1
6059,[2010. 7. 21. 21. 2. 56.984],4,B0047,4,6060,06060.csv,1.5243662105099025,2
6061,[2010. 7. 22. 1. 40. 6.218],4,B0047,6,6062,06062.csv,1.5080762969973425,3
6063,[2010. 7. 22. 6. 16. 21.781],4,B0047,8,6064,06064.csv,1.4835577960067696,4
6065,[2010. 7. 22. 10. 51. 48.203],4,B0047,10,6066,06066.csv,1.4671391666146525,5
6067,[2010. 7. 22. 15. 26. 29.359],4,B0047,12,6068,06068.csv,1.448858156982267,6
6071,[2010. 7. 23. 9. 59. 8.718],4,B0047,16,6072,06072.csv,1.4458534180949325,7
6075,[2010. 7. 23. 15. 44. 51.671],4,B0047,20,6076,06076.csv,1.431118266178283,8
6077,[2010. 7. 23. 20. 19. 2.359],4,B0047,22,6078,06078.csv,1.419274551657853,9
6079,[2010. 7. 24. 0. 52. 14.625],4,B0047,24,6080,06080.csv,1.3999974221808271,10
6081,[2010. 7. 24. 5. 24. 46.453],4,B0047,26,6082,06082.csv,1.3885156686114437,11
6083,[2010. 7. 24. 9. 56. 39.000],4,B0047,28,6084,06084.csv,1.3652234669528964,12
6087,[2010. 7. 27. 16. 12. 5.718],4,B0047,32,6088,06088.csv,1.4060442272970963,13
6091,[2010. 7. 27. 21. 56. 24.312],4,B0047,36,6092,06092.csv,1.405754161352578,14
6093,[2010. 7. 28. 2. 29. 37.343],4,B0047,38,6094,06094.csv,1.3867662881727878,15
6095,[2010. 7. 28. 7. 1. 57.687],4,B0047,40,6096,06096.csv,1.3705053061420225,16
6097,[2010. 7. 28. 11. 33. 1.828],4,B0047,42,6098,06098.csv,1.34974311148236,17
6099,[2010. 7. 28. 16. 3. 39.015],4,B0047,44,6100,06100.csv,1.3251533367939785,18
6103,[2010. 7. 28. 21. 45. 15.500],4,B0047,48,6104,06104.csv,1.3111943869635805,19
6105,[2010. 7. 29. 2. 14. 29.703],4,B0047,50,6106,06106.csv,0.0,20
6107,[2010. 7. 29. 5. 57. 18.515],4,B0047,52,6108,06108.csv,1.3394234405932892,21
6109,[2010. 7. 29. 10. 29. 29.765],4,B0047,54,6110,06110.csv,1.2849157142560723,22
6111,[2010. 7. 29. 14. 57. 39.921],4,B0047,56,6112,06112.csv,1.281719159327807,23
6115,[2010. 7. 29. 20. 36. 49.093],4,B0047,60,6116,06116.csv,1.2600051642942829,24
6117,[2010. 7. 30. 1. 3. 48.203],4,B0047,62,6118,06118.csv,1.266070385993126,25
6119,[2010. 7. 30. 5. 30. 13.453],4,B0047,64,6120,06120.csv,1.2413590294280803,26
6121,[2010. 7. 30. 9. 56. 7.796],4,B0047,66,6122,06122.csv,1.2298873703485311,27
6123,[2010. 7. 30. 14. 21. 3.875],4,B0047,68,6124,06124.csv,1.228088614506696,28
6127,[2010. 7. 30. 19. 57. 28.859],4,B0047,72,6128,06128.csv,1.2139857189070042,29
6129,[2010. 7. 31. 0. 21. 41.812],4,B0047,74,6130,06130.csv,1.2173435064564189,30
6131,[2010. 7. 31. 4. 45. 24.171],4,B0047,76,6132,06132.csv,1.2073445944515917,31
6133,[2010. 7. 31. 9. 8. 38.406],4,B0047,78,6134,06134.csv,1.18804049227045,32
6135,[2010. 7. 31. 13. 31. 7.296],4,B0047,80,6136,06136.csv,1.186304749886542,33
6139,[2010. 8. 3. 15. 52. 53.046],4,B0047,84,6140,06140.csv,1.2613935471028506,34
6143,[2010. 8. 3. 21. 29. 43.953],4,B0047,88,6144,06144.csv,1.2648246158850651,35
6145,[2010. 8. 4. 1. 56. 12.734],4,B0047,90,6146,06146.csv,1.24664945489822,36
6147,[2010. 8. 4. 6. 20. 57.078],4,B0047,92,6148,06148.csv,1.2333924152795082,37
6149,[2010. 8. 4. 10. 44. 49.390],4,B0047,94,6150,06150.csv,1.2129250072037692,38
6151,[2010. 8. 4. 15. 7. 58.828],4,B0047,96,6152,06152.csv,1.1999106597943647,39
6155,[2010. 8. 4. 20. 41. 59.500],4,B0047,100,6156,06156.csv,1.1902559038393383,40
6157,[2010. 8. 5. 1. 4. 3.312],4,B0047,102,6158,06158.csv,1.1892563795455853,41
6159,[2010. 8. 5. 5. 25. 7.906],4,B0047,104,6160,06160.csv,1.167069685125939,42
6161,[2010. 8. 5. 9. 45. 36.390],4,B0047,106,6162,06162.csv,1.1615348403090369,43
6163,[2010. 8. 5. 14. 5. 44.828],4,B0047,108,6164,06164.csv,1.1555563844349988,44
6167,[2010. 8. 5. 19. 37. 8.125],4,B0047,112,6168,06168.csv,1.1488524666097713,45
6169,[2010. 8. 5. 23. 56. 22.437],4,B0047,114,6170,06170.csv,1.143572986788779,46
6171,[2010. 8. 6. 4. 15. 3.234],4,B0047,116,6172,06172.csv,1.1418015379428537,47
6173,[2010. 8. 6. 8. 33. 24.750],4,B0047,118,6174,06174.csv,1.136058647502255,48
6175,[2010. 8. 6. 12. 51. 21.000],4,B0047,120,6176,06176.csv,1.1236364680969286,49
6179,[2010. 8. 6. 18. 20. 37.375],4,B0047,124,6180,06180.csv,1.1320498900328944,50
6181,[2010. 8. 6. 22. 37. 51.968],4,B0047,126,6182,06182.csv,1.117010176215815,51
6183,[2010. 8. 7. 2. 54. 46.296],4,B0047,128,6184,06184.csv,1.120043039721982,52
6185,[2010. 8. 7. 7. 11. 8.671],4,B0047,130,6186,06186.csv,1.1059773445917065,53
6187,[2010. 8. 7. 11. 26. 50.984],4,B0047,132,6188,06188.csv,0.0,54
6191,[2010. 8. 10. 15. 39. 28.921],4,B0047,136,6192,06192.csv,1.1907902374762016,55
6195,[2010. 8. 10. 21. 13. 49.640],4,B0047,140,6196,06196.csv,1.2012387088454022,56
6197,[2010. 8. 11. 1. 35. 2.781],4,B0047,142,6198,06198.csv,1.1906909549024802,57
6199,[2010. 8. 11. 5. 54. 59.281],4,B0047,144,6200,06200.csv,1.1764375730308343,58
6201,[2010. 8. 11. 10. 14. 4.421],4,B0047,146,6202,06202.csv,1.1628110372792353,59
6203,[2010. 8. 11. 14. 32. 46.656],4,B0047,148,6204,06204.csv,1.1516152840582583,60
6207,[2010. 8. 12. 12. 34. 22.109],4,B0047,152,6208,06208.csv,1.1583673498348623,61
6211,[2010. 8. 12. 18. 4. 47.218],4,B0047,156,6212,06212.csv,1.1692285288386206,62
6213,[2010. 8. 12. 22. 24. 12.484],4,B0047,158,6214,06214.csv,1.1588148476218465,63
6215,[2010. 8. 13. 2. 42. 32.031],4,B0047,160,6216,06216.csv,1.1439588147705455,64
6217,[2010. 8. 13. 6. 59. 39.343],4,B0047,162,6218,06218.csv,1.1383941068159398,65
6219,[2010. 8. 13. 11. 16. 29.328],4,B0047,164,6220,06220.csv,0.0,66
6223,[2010. 8. 16. 10. 57. 7.937],4,B0047,168,6224,06224.csv,1.2213102850395667,67
6227,[2010. 8. 16. 16. 33. 48.968],4,B0047,172,6228,06228.csv,1.2031062978889062,68
6229,[2010. 8. 16. 20. 54. 56.609],4,B0047,174,6230,06230.csv,1.1897147112197684,69
6231,[2010. 8. 17. 1. 14. 42.109],4,B0047,176,6232,06232.csv,1.177422568842014,70
6233,[2010. 8. 17. 5. 33. 53.718],4,B0047,178,6234,06234.csv,1.158443027293818,71
6235,[2010. 8. 17. 9. 52. 5.375],4,B0047,180,6236,06236.csv,1.1567087516841796,72
6239,[2010. 7. 21. 15. 0. 35.093],4,B0048,0,6240,06240.csv,1.6579955793677608,1
6243,[2010. 7. 21. 21. 2. 56.984],4,B0048,4,6244,06244.csv,1.5076933476098775,2
6245,[2010. 7. 22. 1. 40. 6.218],4,B0048,6,6246,06246.csv,1.4989223343608031,3
6247,[2010. 7. 22. 6. 16. 21.781],4,B0048,8,6248,06248.csv,1.4782919502497789,4
6249,[2010. 7. 22. 10. 51. 48.203],4,B0048,10,6250,06250.csv,1.461856891390611,5
6251,[2010. 7. 22. 15. 26. 29.359],4,B0048,12,6252,06252.csv,1.4509592706473475,6
6255,[2010. 7. 23. 9. 59. 8.718],4,B0048,16,6256,06256.csv,1.451746997147108,7
6259,[2010. 7. 23. 15. 44. 51.671],4,B0048,20,6260,06260.csv,1.444392866287476,8
6261,[2010. 7. 23. 20. 19. 2.359],4,B0048,22,6262,06262.csv,1.432738323965376,9
6263,[2010. 7. 24. 0. 52. 14.625],4,B0048,24,6264,06264.csv,1.417241201438662,10
6265,[2010. 7. 24. 5. 24. 46.453],4,B0048,26,6266,06266.csv,1.4057559944573452,11
6267,[2010. 7. 24. 9. 56. 39.000],4,B0048,28,6268,06268.csv,1.3902706269897065,12
6271,[2010. 7. 27. 16. 12. 5.718],4,B0048,32,6272,06272.csv,1.4196659307880326,13
6275,[2010. 7. 27. 21. 56. 24.312],4,B0048,36,6276,06276.csv,1.4190563985232272,14
6277,[2010. 7. 28. 2. 29. 37.343],4,B0048,38,6278,06278.csv,1.404272356704056,15
6279,[2010. 7. 28. 7. 1. 57.687],4,B0048,40,6280,06280.csv,1.3916140490958342,16
6281,[2010. 7. 28. 11. 33. 1.828],4,B0048,42,6282,06282.csv,1.3749618350294734,17
6283,[2010. 7. 28. 16. 3. 39.015],4,B0048,44,6284,06284.csv,1.3545155713071164,18
6287,[2010. 7. 28. 21. 45. 15.500],4,B0048,48,6288,06288.csv,1.3440223073315984,19
6289,[2010. 7. 29. 2. 14. 29.703],4,B0048,50,6290,06290.csv,0.0,20
6291,[2010. 7. 29. 5. 57. 18.515],4,B0048,52,6292,06292.csv,1.372384475860572,21
6293,[2010. 7. 29. 10. 29. 29.765],4,B0048,54,6294,06294.csv,1.318410575267441,22
6295,[2010. 7. 29. 14. 57. 39.921],4,B0048,56,6296,06296.csv,1.3112727599578604,23
6299,[2010. 7. 29. 20. 36. 49.093],4,B0048,60,6300,06300.csv,1.2970172419001187,24
6301,[2010. 7. 30. 1. 3. 48.203],4,B0048,62,6302,06302.csv,1.2995219526631718,25
6303,[2010. 7. 30. 5. 30. 13.453],4,B0048,64,6304,06304.csv,1.2826154066729571,26
6305,[2010. 7. 30. 9. 56. 7.796],4,B0048,66,6306,06306.csv,1.2752890152407,27
6307,[2010. 7. 30. 14. 21. 3.875],4,B0048,68,6308,06308.csv,1.2735572473264072,28
6311,[2010. 7. 30. 19. 57. 28.859],4,B0048,72,6312,06312.csv,1.2594114333938535,29
6313,[2010. 7. 31. 0. 21. 41.812],4,B0048,74,6314,06314.csv,1.2631632585495876,30
6315,[2010. 7. 31. 4. 45. 24.171],4,B0048,76,6316,06316.csv,1.2491717310136363,31
6317,[2010. 7. 31. 9. 8. 38.406],4,B0048,78,6318,06318.csv,1.233984347835307,32
6319,[2010. 7. 31. 13. 31. 7.296],4,B0048,80,6320,06320.csv,1.240031992028868,33
6323,[2010. 8. 3. 15. 52. 53.046],4,B0048,84,6324,06324.csv,1.30370857198071,34
6327,[2010. 8. 3. 21. 29. 43.953],4,B0048,88,6328,06328.csv,1.315055963470538,35
6329,[2010. 8. 4. 1. 56. 12.734],4,B0048,90,6330,06330.csv,1.2888738300982074,36
6331,[2010. 8. 4. 6. 20. 57.078],4,B0048,92,6332,06332.csv,1.2877137595885193,37
6333,[2010. 8. 4. 10. 44. 49.390],4,B0048,94,6334,06334.csv,1.2673379985315465,38
6335,[2010. 8. 4. 15. 7. 58.828],4,B0048,96,6336,06336.csv,1.250594345697306,39
6339,[2010. 8. 4. 20. 41. 59.500],4,B0048,100,6340,06340.csv,1.2487131179395878,40
6341,[2010. 8. 5. 1. 4. 3.312],4,B0048,102,6342,06342.csv,1.248002326082933,41
6343,[2010. 8. 5. 5. 25. 7.906],4,B0048,104,6344,06344.csv,1.2300895244599586,42
6345,[2010. 8. 5. 9. 45. 36.390],4,B0048,106,6346,06346.csv,1.2244197121500937,43
6347,[2010. 8. 5. 14. 5. 44.828],4,B0048,108,6348,06348.csv,1.2186682845116386,44
6351,[2010. 8. 5. 19. 37. 8.125],4,B0048,112,6352,06352.csv,1.2037865236033616,45
6353,[2010. 8. 5. 23. 56. 22.437],4,B0048,114,6354,06354.csv,1.1947642300832226,46
6355,[2010. 8. 6. 4. 15. 3.234],4,B0048,116,6356,06356.csv,1.2052091893871495,47
6357,[2010. 8. 6. 8. 33. 24.750],4,B0048,118,6358,06358.csv,1.1955746593628465,48
6359,[2010. 8. 6. 12. 51. 21.000],4,B0048,120,6360,06360.csv,1.1888497102149884,49
6363,[2010. 8. 6. 18. 20. 37.375],4,B0048,124,6364,06364.csv,1.1915605250807406,50
6365,[2010. 8. 6. 22. 37. 51.968],4,B0048,126,6366,06366.csv,1.1726587153109655,51
6367,[2010. 8. 7. 2. 54. 46.296],4,B0048,128,6368,06368.csv,1.1841133872494156,52
6369,[2010. 8. 7. 7. 11. 8.671],4,B0048,130,6370,06370.csv,1.1576825122317769,53
6371,[2010. 8. 7. 11. 26. 50.984],4,B0048,132,6372,06372.csv,0.0,54
6375,[2010. 8. 10. 15. 39. 28.921],4,B0048,136,6376,06376.csv,1.259355851168598,55
6379,[2010. 8. 10. 21. 13. 49.640],4,B0048,140,6380,06380.csv,1.265883375278026,56
6381,[2010. 8. 11. 1. 35. 2.781],4,B0048,142,6382,06382.csv,1.247259867318412,57
6383,[2010. 8. 11. 5. 54. 59.281],4,B0048,144,6384,06384.csv,1.232808747256218,58
6385,[2010. 8. 11. 10. 14. 4.421],4,B0048,146,6386,06386.csv,1.2319592783041904,59
6387,[2010. 8. 11. 14. 32. 46.656],4,B0048,148,6388,06388.csv,1.220785786262778,60
6391,[2010. 8. 12. 12. 34. 22.109],4,B0048,152,6392,06392.csv,1.2275441303266783,61
6395,[2010. 8. 12. 18. 4. 47.218],4,B0048,156,6396,06396.csv,1.2386788414290355,62
6397,[2010. 8. 12. 22. 24. 12.484],4,B0048,158,6398,06398.csv,1.2283577755407058,63
6399,[2010. 8. 13. 2. 42. 32.031],4,B0048,160,6400,06400.csv,1.2095481507570451,64
6401,[2010. 8. 13. 6. 59. 39.343],4,B0048,162,6402,06402.csv,1.2082142070681048,65
6403,[2010. 8. 13. 11. 16. 29.328],4,B0048,164,6404,06404.csv,0.0,66
6407,[2010. 8. 16. 10. 57. 7.937],4,B0048,168,6408,06408.csv,1.2998734542832149,67
6411,[2010. 8. 16. 16. 33. 48.968],4,B0048,172,6412,06412.csv,1.2691220651743778,68
6413,[2010. 8. 16. 20. 54. 56.609],4,B0048,174,6414,06414.csv,1.2555144634690785,69
6415,[2010. 8. 17. 1. 14. 42.109],4,B0048,176,6416,06416.csv,1.2519876926897655,70
6417,[2010. 8. 17. 5. 33. 53.718],4,B0048,178,6418,06418.csv,1.2374982003019996,71
6419,[2010. 8. 17. 9. 52. 5.375],4,B0048,180,6420,06420.csv,1.2231273969878986,72
6423,[2010. 9. 17. 15. 17. 48.765],4,B0053,0,6424,06424.csv,1.06914178861943,1
6427,[2010. 9. 17. 20. 11. 19.796],4,B0053,4,6428,06428.csv,1.1540727934432229,2
6429,[2010. 9. 17. 23. 56. 44.390],4,B0053,6,6430,06430.csv,1.1501525413826983,3
6431,[2010. 9. 18. 3. 41. 26.687],4,B0053,8,6432,06432.csv,1.1305863853936766,4
6433,[2010. 9. 18. 7. 25. 38.640],4,B0053,10,6434,06434.csv,1.121790272357562,5
6435,[2010. 9. 18. 11. 9. 35.656],4,B0053,12,6436,06436.csv,1.1135982401443856,6
6439,[2010. 9. 18. 16. 5. 6.281],4,B0053,16,6440,06440.csv,1.0864654057095062,7
6441,[2010. 9. 18. 19. 49. 23.328],4,B0053,18,6442,06442.csv,1.0647493568993147,8
6443,[2010. 9. 18. 23. 33. 26.125],4,B0053,20,6444,06444.csv,1.0809288094959644,9
6445,[2010. 9. 19. 3. 17. 11.312],4,B0053,22,6446,06446.csv,1.0852752041846463,10
6447,[2010. 9. 19. 7. 0. 37.453],4,B0053,24,6448,06448.csv,1.0504799933740894,11
6451,[2010. 9. 19. 11. 55. 48.484],4,B0053,28,6452,06452.csv,1.0853550177054303,12
6453,[2010. 9. 19. 15. 38. 44.765],4,B0053,30,6454,06454.csv,1.0508395690790722,13
6455,[2010. 9. 19. 19. 22. 11.656],4,B0053,32,6456,06456.csv,1.060906788333118,14
6457,[2010. 9. 19. 23. 5. 17.437],4,B0053,34,6458,06458.csv,1.070582461063814,15
6459,[2010. 9. 20. 2. 48. 11.609],4,B0053,36,6460,06460.csv,1.024036665663697,16
6463,[2010. 9. 20. 7. 42. 50.203],4,B0053,40,6464,06464.csv,1.0670957253433857,17
6465,[2010. 9. 20. 11. 25. 31.156],4,B0053,42,6466,06466.csv,1.0279237850447498,18
6467,[2010. 9. 20. 15. 8. 29.703],4,B0053,44,6468,06468.csv,1.0325426399701008,19
6469,[2010. 9. 20. 18. 51. 21.781],4,B0053,46,6470,06470.csv,1.055948784653705,20
6471,[2010. 9. 20. 22. 33. 25.109],4,B0053,48,6472,06472.csv,1.0445313831308718,21
6475,[2010. 9. 21. 16. 21. 5.187],4,B0053,52,6476,06476.csv,1.035313906812183,22
6479,[2010. 9. 21. 21. 16. 13.531],4,B0053,56,6480,06480.csv,1.076341053101982,23
6481,[2010. 9. 22. 0. 59. 48.890],4,B0053,58,6482,06482.csv,1.0352223140423542,24
6483,[2010. 9. 22. 4. 42. 50.281],4,B0053,60,6484,06484.csv,1.0514287056908256,25
6485,[2010. 9. 22. 8. 25. 42.578],4,B0053,62,6486,06486.csv,1.060332934638968,26
6487,[2010. 9. 22. 12. 7. 52.000],4,B0053,64,6488,06488.csv,1.0236966462748538,27
6491,[2010. 9. 22. 17. 2. 11.859],4,B0053,68,6492,06492.csv,1.0465884668750889,28
6493,[2010. 9. 22. 20. 44. 38.687],4,B0053,70,6494,06494.csv,1.0031121684812232,29
6495,[2010. 9. 23. 0. 27. 12.937],4,B0053,72,6496,06496.csv,1.0461578935615607,30
6497,[2010. 9. 23. 4. 9. 8.968],4,B0053,74,6498,06498.csv,1.0156263513525603,31
6499,[2010. 9. 23. 7. 51. 17.218],4,B0053,76,6500,06500.csv,1.0250054893129452,32
6503,[2010. 9. 23. 12. 44. 52.046],4,B0053,80,6504,06504.csv,0.9801331625592912,33
6505,[2010. 9. 23. 16. 27. 6.734],4,B0053,82,6506,06506.csv,1.036777776420363,34
6507,[2010. 9. 23. 20. 8. 35.109],4,B0053,84,6508,06508.csv,1.026830062058722,35
6509,[2010. 9. 23. 23. 50. 11.265],4,B0053,86,6510,06510.csv,1.0150379662805102,36
6511,[2010. 9. 24. 3. 31. 49.968],4,B0053,88,6512,06512.csv,0.9904614739486176,37
6515,[2010. 9. 24. 8. 25. 18.515],4,B0053,92,6516,06516.csv,1.0145765174582757,38
6517,[2010. 9. 24. 12. 7. 3.171],4,B0053,94,6518,06518.csv,0.9811308944080388,39
6519,[2010. 9. 24. 15. 48. 49.406],4,B0053,96,6520,06520.csv,1.0041687429386437,40
6521,[2010. 9. 24. 19. 30. 22.281],4,B0053,98,6522,06522.csv,1.007820487960787,41
6523,[2010. 9. 24. 23. 11. 34.281],4,B0053,100,6524,06524.csv,0.982454133084564,42
6527,[2010. 9. 28. 11. 41. 33.437],4,B0053,104,6528,06528.csv,1.1096775355538029,43
6531,[2010. 9. 28. 16. 37. 32.109],4,B0053,108,6532,06532.csv,1.1136801589914762,44
6533,[2010. 9. 28. 20. 21. 33.968],4,B0053,110,6534,06534.csv,1.0385009100572404,45
6535,[2010. 9. 29. 0. 5. 26.906],4,B0053,112,6536,06536.csv,1.0768815902180078,46
6537,[2010. 9. 29. 3. 48. 21.015],4,B0053,114,6538,06538.csv,1.0721705505837382,47
6539,[2010. 9. 29. 7. 31. 12.015],4,B0053,116,6540,06540.csv,1.0124588999851116,48
6543,[2010. 9. 29. 12. 25. 41.906],4,B0053,120,6544,06544.csv,1.0279944857549583,49
6545,[2010. 9. 29. 16. 8. 13.421],4,B0053,122,6546,06546.csv,1.0304147279049998,50
6547,[2010. 9. 29. 19. 50. 59.781],4,B0053,124,6548,06548.csv,1.0556163273995052,51
6549,[2010. 9. 29. 23. 33. 0.890],4,B0053,126,6550,06550.csv,1.0011115418162628,52
6551,[2010. 9. 30. 3. 15. 20.437],4,B0053,128,6552,06552.csv,1.0466839215498662,53
6555,[2010. 9. 30. 8. 8. 36.328],4,B0053,132,6556,06556.csv,1.047181656018543,54
6557,[2010. 9. 30. 11. 50. 17.687],4,B0053,134,6558,06558.csv,1.0102740078425778,55
6559,[2010. 9. 30. 15. 32. 33.078],4,B0053,136,6560,06560.csv,0.0,56
6560,[2010. 9. 3. 12. 10. 27.156],4,B0054,0,6561,06561.csv,0.7399351039859233,1
6564,[2010. 9. 3. 17. 8. 51.656],4,B0054,4,6565,06565.csv,1.1665440238116096,2
6566,[2010. 9. 3. 20. 58. 26.281],4,B0054,6,6567,06567.csv,1.1052521456138635,3
6568,[2010. 9. 4. 0. 47. 52.687],4,B0054,8,6569,06569.csv,1.0960302257185877,4
6570,[2010. 9. 4. 4. 35. 34.640],4,B0054,10,6571,06571.csv,1.0754450685609742,5
6572,[2010. 9. 4. 8. 24. 28.609],4,B0054,12,6573,06573.csv,1.0655493528023796,6
6576,[2010. 9. 4. 13. 22. 53.125],4,B0054,16,6577,06577.csv,1.0568368579972396,7
6578,[2010. 9. 4. 17. 7. 33.062],4,B0054,18,6579,06579.csv,1.0449064445364842,8
6580,[2010. 9. 4. 20. 50. 47.984],4,B0054,20,6581,06581.csv,1.0458363976936966,9
6582,[2010. 9. 5. 0. 38. 30.421],4,B0054,22,6583,06583.csv,1.018187920878015,10
6584,[2010. 9. 5. 4. 25. 36.515],4,B0054,24,6585,06585.csv,1.0226409233672231,11
6588,[2010. 9. 5. 9. 19. 29.796],4,B0054,28,6589,06589.csv,1.03890961861509,12
6590,[2010. 9. 5. 13. 6. 35.671],4,B0054,30,6591,06591.csv,1.0173250354350074,13
6592,[2010. 9. 5. 16. 52. 47.406],4,B0054,32,6593,06593.csv,1.033183911994548,14
6594,[2010. 9. 5. 20. 39. 20.328],4,B0054,34,6595,06595.csv,1.0095232119739597,15
6596,[2010. 9. 6. 0. 25. 33.421],4,B0054,36,6597,06597.csv,0.9862483259626476,16
6600,[2010. 9. 6. 5. 23. 13.750],4,B0054,40,6601,06601.csv,1.0080048320000436,17
6602,[2010. 9. 6. 9. 8. 34.203],4,B0054,42,6603,06603.csv,1.0153387761254196,18
6604,[2010. 9. 6. 12. 53. 22.312],4,B0054,44,6605,06605.csv,1.0106786853355956,19
6606,[2010. 9. 6. 16. 38. 35.375],4,B0054,46,6607,06607.csv,1.010409656585336,20
6608,[2010. 9. 6. 20. 24. 10.250],4,B0054,48,6609,06609.csv,0.9801433323963482,21
6612,[2010. 9. 9. 16. 2. 55.593],4,B0054,52,6613,06613.csv,1.1016641723624383,22
6616,[2010. 9. 9. 21. 2. 0.109],4,B0054,56,6617,06617.csv,1.0826512239001271,23
6618,[2010. 9. 10. 0. 49. 20.093],4,B0054,58,6619,06619.csv,1.0575008387868343,24
6620,[2010. 9. 10. 4. 36. 5.546],4,B0054,60,6621,06621.csv,1.0385517331615322,25
6622,[2010. 9. 10. 8. 21. 56.953],4,B0054,62,6623,06623.csv,1.0073294901291132,26
6624,[2010. 9. 10. 12. 7. 58.578],4,B0054,64,6625,06625.csv,1.0160400308540347,27
6628,[2010. 9. 10. 17. 5. 18.031],4,B0054,68,6629,06629.csv,1.0158319636440951,28
6630,[2010. 9. 10. 20. 50. 57.921],4,B0054,70,6631,06631.csv,1.0015383803216271,29
6632,[2010. 9. 11. 0. 36. 11.406],4,B0054,72,6633,06633.csv,0.981248861591824,30
6634,[2010. 9. 11. 4. 20. 54.625],4,B0054,74,6635,06635.csv,0.9987416030110134,31
6636,[2010. 9. 11. 8. 5. 50.875],4,B0054,76,6637,06637.csv,0.9584014230949642,32
6640,[2010. 9. 11. 13. 2. 19.546],4,B0054,80,6641,06641.csv,0.9800846133894624,33
6642,[2010. 9. 11. 16. 46. 28.437],4,B0054,82,6643,06643.csv,0.9720372198962766,34
6644,[2010. 9. 11. 20. 31. 10.015],4,B0054,84,6645,06645.csv,0.9693202807518412,35
6646,[2010. 9. 12. 0. 15. 17.875],4,B0054,86,6647,06647.csv,0.9479786388506264,36
6648,[2010. 9. 12. 3. 59. 48.265],4,B0054,88,6649,06649.csv,0.9638519569071228,37
6652,[2010. 9. 12. 8. 55. 6.671],4,B0054,92,6653,06653.csv,0.9682336695484696,38
6654,[2010. 9. 12. 12. 39. 18.218],4,B0054,94,6655,06655.csv,0.9407020864603765,39
6656,[2010. 9. 12. 16. 23. 34.703],4,B0054,96,6657,06657.csv,0.9618442077038964,40
6658,[2010. 9. 12. 20. 7. 24.765],4,B0054,98,6659,06659.csv,0.9332340144199704,41
6660,[2010. 9. 12. 23. 51. 17.062],4,B0054,100,6661,06661.csv,0.9313454737145216,42
6664,[2010. 9. 14. 12. 6. 5.296],4,B0054,104,6665,06665.csv,0.9976429099116704,43
6668,[2010. 9. 14. 17. 3. 4.921],4,B0054,108,6669,06669.csv,0.9833315262972036,44
6670,[2010. 9. 14. 20. 48. 6.968],4,B0054,110,6671,06671.csv,0.9904370062777442,45
6672,[2010. 9. 15. 0. 32. 54.453],4,B0054,112,6673,06673.csv,0.9499871340436294,46
6674,[2010. 9. 15. 4. 17. 21.781],4,B0054,114,6675,06675.csv,0.9526027840900876,47
6676,[2010. 9. 17. 15. 17. 48.765],4,B0054,116,6677,06677.csv,0.8850175175465715,48
6680,[2010. 9. 17. 20. 11. 19.796],4,B0054,120,6681,06681.csv,0.9937402750241768,49
6682,[2010. 9. 17. 23. 56. 44.390],4,B0054,122,6683,06683.csv,0.995507330519279,50
6684,[2010. 9. 18. 3. 41. 26.687],4,B0054,124,6685,06685.csv,0.975407870968116,51
6686,[2010. 9. 18. 7. 25. 38.640],4,B0054,126,6687,06687.csv,0.965960558373922,52
6688,[2010. 9. 18. 11. 9. 35.656],4,B0054,128,6689,06689.csv,0.9573702621688754,53
6692,[2010. 9. 18. 16. 5. 6.281],4,B0054,132,6693,06693.csv,0.9294756591964932,54
6694,[2010. 9. 18. 19. 49. 23.328],4,B0054,134,6695,06695.csv,0.9323553879823946,55
6696,[2010. 9. 18. 23. 33. 26.125],4,B0054,136,6697,06697.csv,0.954568378404969,56
6698,[2010. 9. 19. 3. 17. 11.312],4,B0054,138,6699,06699.csv,0.9330242104372936,57
6700,[2010. 9. 19. 7. 0. 37.453],4,B0054,140,6701,06701.csv,0.923294184000959,58
6704,[2010. 9. 19. 11. 55. 48.484],4,B0054,144,6705,06705.csv,0.9257799164262976,59
6706,[2010. 9. 19. 15. 38. 44.765],4,B0054,146,6707,06707.csv,0.9162765793280084,60
6708,[2010. 9. 19. 19. 22. 11.656],4,B0054,148,6709,06709.csv,0.9387011679112468,61
6710,[2010. 9. 19. 23. 5. 17.437],4,B0054,150,6711,06711.csv,0.9158990586877171,62
6712,[2010. 9. 20. 2. 48. 11.609],4,B0054,152,6713,06713.csv,0.9202608990433788,63
6716,[2010. 9. 20. 7. 42. 50.203],4,B0054,156,6717,06717.csv,0.9111253917360888,64
6718,[2010. 9. 20. 11. 25. 31.156],4,B0054,158,6719,06719.csv,0.8980507043695345,65
6720,[2010. 9. 20. 15. 8. 29.703],4,B0054,160,6721,06721.csv,0.9278864624016372,66
6722,[2010. 9. 20. 18. 51. 21.781],4,B0054,162,6723,06723.csv,0.9118415396987224,67
6724,[2010. 9. 20. 22. 33. 25.109],4,B0054,164,6725,06725.csv,0.8936491649329469,68
6728,[2010. 9. 21. 16. 21. 5.187],4,B0054,168,6729,06729.csv,0.9100864492604256,69
6732,[2010. 9. 21. 21. 16. 13.531],4,B0054,172,6733,06733.csv,0.911490473146094,70
6734,[2010. 9. 22. 0. 59. 48.890],4,B0054,174,6735,06735.csv,0.9337172811638196,71
6736,[2010. 9. 22. 4. 42. 50.281],4,B0054,176,6737,06737.csv,0.8981517756068776,72
6738,[2010. 9. 22. 8. 25. 42.578],4,B0054,178,6739,06739.csv,0.9139367135371254,73
6740,[2010. 9. 22. 12. 7. 52.000],4,B0054,180,6741,06741.csv,0.8764848617154279,74
6744,[2010. 9. 22. 17. 2. 11.859],4,B0054,184,6745,06745.csv,0.8854917958581964,75
6746,[2010. 9. 22. 20. 44. 38.687],4,B0054,186,6747,06747.csv,0.8819074622846708,76
6748,[2010. 9. 23. 0. 27. 12.937],4,B0054,188,6749,06749.csv,0.9045809105944796,77
6750,[2010. 9. 23. 4. 9. 8.968],4,B0054,190,6751,06751.csv,0.8734606349455996,78
6752,[2010. 9. 23. 7. 51. 17.218],4,B0054,192,6753,06753.csv,0.903131190986828,79
6756,[2010. 9. 23. 12. 44. 52.046],4,B0054,196,6757,06757.csv,0.8712217754060124,80
6758,[2010. 9. 23. 16. 27. 6.734],4,B0054,198,6759,06759.csv,0.8936499043476617,81
6760,[2010. 9. 23. 20. 8. 35.109],4,B0054,200,6761,06761.csv,0.8835064014687892,82
6762,[2010. 9. 23. 23. 50. 11.265],4,B0054,202,6763,06763.csv,0.8779403705367915,83
6764,[2010. 9. 24. 3. 31. 49.968],4,B0054,204,6765,06765.csv,0.8599389109365094,84
6768,[2010. 9. 24. 8. 25. 18.515],4,B0054,208,6769,06769.csv,0.8697358119609565,85
6770,[2010. 9. 24. 12. 7. 3.171],4,B0054,210,6771,06771.csv,0.8638271814812677,86
6772,[2010. 9. 24. 15. 48. 49.406],4,B0054,212,6773,06773.csv,0.8865694537789144,87
6774,[2010. 9. 24. 19. 30. 22.281],4,B0054,214,6775,06775.csv,0.8690078572313327,88
6776,[2010. 9. 24. 23. 11. 34.281],4,B0054,216,6777,06777.csv,0.8474446088377652,89
6780,[2010. 9. 28. 11. 41. 33.437],4,B0054,220,6781,06781.csv,0.8799727721580702,90
6784,[2010. 9. 28. 16. 37. 32.109],4,B0054,224,6785,06785.csv,0.9110444582768508,91
6786,[2010. 9. 28. 20. 21. 33.968],4,B0054,226,6787,06787.csv,0.912172429335506,92
6788,[2010. 9. 29. 0. 5. 26.906],4,B0054,228,6789,06789.csv,0.8872043975884799,93
6790,[2010. 9. 29. 3. 48. 21.015],4,B0054,230,6791,06791.csv,0.8961236767959215,94
6792,[2010. 9. 29. 7. 31. 12.015],4,B0054,232,6793,06793.csv,0.8851334001128452,95
6796,[2010. 9. 29. 12. 25. 41.906],4,B0054,236,6797,06797.csv,0.8793386645436118,96
6798,[2010. 9. 29. 16. 8. 13.421],4,B0054,238,6799,06799.csv,0.8461224238450626,97
6800,[2010. 9. 29. 19. 50. 59.781],4,B0054,240,6801,06801.csv,0.8705933152969343,98
6802,[2010. 9. 29. 23. 33. 0.890],4,B0054,242,6803,06803.csv,0.8440520909609104,99
6804,[2010. 9. 30. 3. 15. 20.437],4,B0054,244,6805,06805.csv,0.8536244678403578,100
6808,[2010. 9. 30. 8. 8. 36.328],4,B0054,248,6809,06809.csv,0.8524519337958137,101
6810,[2010. 9. 30. 11. 50. 17.687],4,B0054,250,6811,06811.csv,0.8373919001793014,102
6812,[2010. 9. 30. 15. 32. 33.078],4,B0054,252,6813,06813.csv,0.0,103
6813,[2010. 9. 3. 12. 10. 27.156],4,B0055,0,6814,06814.csv,0.7989997927037011,1
6817,[2010. 9. 3. 17. 8. 51.656],4,B0055,4,6818,06818.csv,1.319892156462878,2
6819,[2010. 9. 3. 20. 58. 26.281],4,B0055,6,6820,06820.csv,1.2769832801132015,3
6821,[2010. 9. 4. 0. 47. 52.687],4,B0055,8,6822,06822.csv,1.2572591312230863,4
6823,[2010. 9. 4. 4. 35. 34.640],4,B0055,10,6824,06824.csv,1.206763751299412,5
6825,[2010. 9. 4. 8. 24. 28.609],4,B0055,12,6826,06826.csv,1.2077322536103197,6
6829,[2010. 9. 4. 13. 22. 53.125],4,B0055,16,6830,06830.csv,1.2009614290093835,7
6831,[2010. 9. 4. 17. 7. 33.062],4,B0055,18,6832,06832.csv,1.189059086549973,8
6833,[2010. 9. 4. 20. 50. 47.984],4,B0055,20,6834,06834.csv,1.169708782604433,9
6835,[2010. 9. 5. 0. 38. 30.421],4,B0055,22,6836,06836.csv,1.1483647194613424,10
6837,[2010. 9. 5. 4. 25. 36.515],4,B0055,24,6838,06838.csv,1.1527726060972296,11
6841,[2010. 9. 5. 9. 19. 29.796],4,B0055,28,6842,06842.csv,1.1318370471727228,12
6843,[2010. 9. 5. 13. 6. 35.671],4,B0055,30,6844,06844.csv,1.1326525803383347,13
6845,[2010. 9. 5. 16. 52. 47.406],4,B0055,32,6846,06846.csv,1.1160565716574584,14
6847,[2010. 9. 5. 20. 39. 20.328],4,B0055,34,6848,06848.csv,1.0984641825068853,15
6849,[2010. 9. 6. 0. 25. 33.421],4,B0055,36,6850,06850.csv,1.092569410309668,16
6853,[2010. 9. 6. 5. 23. 13.750],4,B0055,40,6854,06854.csv,1.109167680712031,17
6855,[2010. 9. 6. 9. 8. 34.203],4,B0055,42,6856,06856.csv,1.107503502890571,18
6857,[2010. 9. 6. 12. 53. 22.312],4,B0055,44,6858,06858.csv,1.106751675424531,19
6859,[2010. 9. 6. 16. 38. 35.375],4,B0055,46,6860,06860.csv,1.0726694124582823,20
6861,[2010. 9. 6. 20. 24. 10.250],4,B0055,48,6862,06862.csv,1.0776844021506693,21
6865,[2010. 9. 9. 16. 2. 55.593],4,B0055,52,6866,06866.csv,1.1981714734535909,22
6869,[2010. 9. 9. 21. 2. 0.109],4,B0055,56,6870,06870.csv,1.162538155268093,23
6871,[2010. 9. 10. 0. 49. 20.093],4,B0055,58,6872,06872.csv,1.1556827465844224,24
6873,[2010. 9. 10. 4. 36. 5.546],4,B0055,60,6874,06874.csv,1.137444098422356,25
6875,[2010. 9. 10. 8. 21. 56.953],4,B0055,62,6876,06876.csv,1.1126375352125493,26
6877,[2010. 9. 10. 12. 7. 58.578],4,B0055,64,6878,06878.csv,1.098656067845981,27
6881,[2010. 9. 10. 17. 5. 18.031],4,B0055,68,6882,06882.csv,1.098530275888464,28
6883,[2010. 9. 10. 20. 50. 57.921],4,B0055,70,6884,06884.csv,1.1029370400968537,29
6885,[2010. 9. 11. 0. 36. 11.406],4,B0055,72,6886,06886.csv,1.0949644922735318,30
6887,[2010. 9. 11. 4. 20. 54.625],4,B0055,74,6888,06888.csv,1.0890679714830998,31
6889,[2010. 9. 11. 8. 5. 50.875],4,B0055,76,6890,06890.csv,1.073323391636053,32
6893,[2010. 9. 11. 13. 2. 19.546],4,B0055,80,6894,06894.csv,1.095373856745309,33
6895,[2010. 9. 11. 16. 46. 28.437],4,B0055,82,6896,06896.csv,1.0639517466243125,34
6897,[2010. 9. 11. 20. 31. 10.015],4,B0055,84,6898,06898.csv,1.085798072407703,35
6899,[2010. 9. 12. 0. 15. 17.875],4,B0055,86,6900,06900.csv,1.0588748965507555,36
6901,[2010. 9. 12. 3. 59. 48.265],4,B0055,88,6902,06902.csv,1.0813260035191288,37
6905,[2010. 9. 12. 8. 55. 6.671],4,B0055,92,6906,06906.csv,1.061601862588323,38
6907,[2010. 9. 12. 12. 39. 18.218],4,B0055,94,6908,06908.csv,1.0593920670581127,39
6909,[2010. 9. 12. 16. 23. 34.703],4,B0055,96,6910,06910.csv,1.0742513141424723,40
6911,[2010. 9. 12. 20. 7. 24.765],4,B0055,98,6912,06912.csv,1.04056147341315,41
6913,[2010. 9. 12. 23. 51. 17.062],4,B0055,100,6914,06914.csv,1.0575656535324895,42
6917,[2010. 9. 14. 12. 6. 5.296],4,B0055,104,6918,06918.csv,1.0983528970914622,43
6921,[2010. 9. 14. 17. 3. 4.921],4,B0055,108,6922,06922.csv,1.109758993739737,44
6923,[2010. 9. 14. 20. 48. 6.968],4,B0055,110,6924,06924.csv,1.0793315779206871,45
6925,[2010. 9. 15. 0. 32. 54.453],4,B0055,112,6926,06926.csv,1.0716159094756148,46
6927,[2010. 9. 15. 4. 17. 21.781],4,B0055,114,6928,06928.csv,1.0746464211019795,47
6929,[2010. 9. 17. 15. 17. 48.765],4,B0055,116,6930,06930.csv,1.08643683065179,48
6933,[2010. 9. 17. 20. 11. 19.796],4,B0055,120,6934,06934.csv,1.1340138347387958,49
6935,[2010. 9. 17. 23. 56. 44.390],4,B0055,122,6936,06936.csv,1.1176964717951587,50
6937,[2010. 9. 18. 3. 41. 26.687],4,B0055,124,6938,06938.csv,1.1046468529644289,51
6939,[2010. 9. 18. 7. 25. 38.640],4,B0055,126,6940,06940.csv,1.089700148407426,52
6941,[2010. 9. 18. 11. 9. 35.656],4,B0055,128,6942,06942.csv,1.075533547538172,53
6945,[2010. 9. 18. 16. 5. 6.281],4,B0055,132,6946,06946.csv,1.0609866776144368,54
6947,[2010. 9. 18. 19. 49. 23.328],4,B0055,134,6948,06948.csv,1.0518218041615568,55
6949,[2010. 9. 18. 23. 33. 26.125],4,B0055,136,6950,06950.csv,1.0553857898132757,56
6951,[2010. 9. 19. 3. 17. 11.312],4,B0055,138,6952,06952.csv,1.0533102333691788,57
6953,[2010. 9. 19. 7. 0. 37.453],4,B0055,140,6954,06954.csv,1.0315365260084348,58
6957,[2010. 9. 19. 11. 55. 48.484],4,B0055,144,6958,06958.csv,1.0533401053259417,59
6959,[2010. 9. 19. 15. 38. 44.765],4,B0055,146,6960,06960.csv,1.0317876798810788,60
6961,[2010. 9. 19. 19. 22. 11.656],4,B0055,148,6962,06962.csv,1.0354207912157296,61
6963,[2010. 9. 19. 23. 5. 17.437],4,B0055,150,6964,06964.csv,1.0322251791310608,62
6965,[2010. 9. 20. 2. 48. 11.609],4,B0055,152,6966,06966.csv,1.011543397303472,63
6969,[2010. 9. 20. 7. 42. 50.203],4,B0055,156,6970,06970.csv,1.0413760568150228,64
6971,[2010. 9. 20. 11. 25. 31.156],4,B0055,158,6972,06972.csv,1.02174193386881,65
6973,[2010. 9. 20. 15. 8. 29.703],4,B0055,160,6974,06974.csv,1.0133135547969283,66
6975,[2010. 9. 20. 18. 51. 21.781],4,B0055,162,6976,06976.csv,1.029994255962691,67
6977,[2010. 9. 20. 22. 33. 25.109],4,B0055,164,6978,06978.csv,1.0189349807814327,68
6981,[2010. 9. 21. 16. 21. 5.187],4,B0055,168,6982,06982.csv,1.0290879520854015,69
6985,[2010. 9. 21. 21. 16. 13.531],4,B0055,172,6986,06986.csv,1.0567629241900045,70
6987,[2010. 9. 22. 0. 59. 48.890],4,B0055,174,6988,06988.csv,1.0291668536316647,71
6989,[2010. 9. 22. 4. 42. 50.281],4,B0055,176,6990,06990.csv,1.032129844490102,72
6991,[2010. 9. 22. 8. 25. 42.578],4,B0055,178,6992,06992.csv,1.0409230283951276,73
6993,[2010. 9. 22. 12. 7. 52.000],4,B0055,180,6994,06994.csv,1.011161098766987,74
6997,[2010. 9. 22. 17. 2. 11.859],4,B0055,184,6998,06998.csv,1.0337876112911784,75
6999,[2010. 9. 22. 20. 44. 38.687],4,B0055,186,7000,07000.csv,1.003994224020383,76
7001,[2010. 9. 23. 0. 27. 12.937],4,B0055,188,7002,07002.csv,1.0334195479955004,77
7003,[2010. 9. 23. 4. 9. 8.968],4,B0055,190,7004,07004.csv,1.009893656411646,78
7005,[2010. 9. 23. 7. 51. 17.218],4,B0055,192,7006,07006.csv,1.0126262447940628,79
7009,[2010. 9. 23. 12. 44. 52.046],4,B0055,196,7010,07010.csv,0.9948742055727694,80
7011,[2010. 9. 23. 16. 27. 6.734],4,B0055,198,7012,07012.csv,1.0240799556179332,81
7013,[2010. 9. 23. 20. 8. 35.109],4,B0055,200,7014,07014.csv,1.0208889510043029,82
7015,[2010. 9. 23. 23. 50. 11.265],4,B0055,202,7016,07016.csv,1.016100815944114,83
7017,[2010. 9. 24. 3. 31. 49.968],4,B0055,204,7018,07018.csv,0.9987875345106276,84
7021,[2010. 9. 24. 8. 25. 18.515],4,B0055,208,7022,07022.csv,1.0158868294923784,85
7023,[2010. 9. 24. 12. 7. 3.171],4,B0055,210,7024,07024.csv,0.9963437517762594,86
7025,[2010. 9. 24. 15. 48. 49.406],4,B0055,212,7026,07026.csv,1.0053777381419529,87
7027,[2010. 9. 24. 19. 30. 22.281],4,B0055,214,7028,07028.csv,1.009132291002791,88
7029,[2010. 9. 24. 23. 11. 34.281],4,B0055,216,7030,07030.csv,0.9984581240784204,89
7033,[2010. 9. 28. 11. 41. 33.437],4,B0055,220,7034,07034.csv,1.0892389324114138,90
7037,[2010. 9. 28. 16. 37. 32.109],4,B0055,224,7038,07038.csv,1.0793936031703524,91
7039,[2010. 9. 28. 20. 21. 33.968],4,B0055,226,7040,07040.csv,1.032614295314224,92
7041,[2010. 9. 29. 0. 5. 26.906],4,B0055,228,7042,07042.csv,1.0498572649026638,93
7043,[2010. 9. 29. 3. 48. 21.015],4,B0055,230,7044,07044.csv,1.0453902697248565,94
7045,[2010. 9. 29. 7. 31. 12.015],4,B0055,232,7046,07046.csv,1.0001607736713514,95
7049,[2010. 9. 29. 12. 25. 41.906],4,B0055,236,7050,07050.csv,1.0084094786878155,96
7051,[2010. 9. 29. 16. 8. 13.421],4,B0055,238,7052,07052.csv,1.003655158082039,97
7053,[2010. 9. 29. 19. 50. 59.781],4,B0055,240,7054,07054.csv,1.028526967659532,98
7055,[2010. 9. 29. 23. 33. 0.890],4,B0055,242,7056,07056.csv,0.9816844358987022,99
7057,[2010. 9. 30. 3. 15. 20.437],4,B0055,244,7058,07058.csv,1.0127121434171131,100
7061,[2010. 9. 30. 8. 8. 36.328],4,B0055,248,7062,07062.csv,1.0201379996149256,101
7063,[2010. 9. 30. 11. 50. 17.687],4,B0055,250,7064,07064.csv,0.9907591663373164,102
7065,[2010. 9. 3. 12. 10. 27.156],4,B0056,0,7066,07066.csv,0.7852781208785192,1
7069,[2010. 9. 3. 17. 8. 51.656],4,B0056,4,7070,07070.csv,1.3443555553017368,2
7071,[2010. 9. 3. 20. 58. 26.281],4,B0056,6,7072,07072.csv,1.317502710734752,3
7073,[2010. 9. 4. 0. 47. 52.687],4,B0056,8,7074,07074.csv,1.2973654679476911,4
7075,[2010. 9. 4. 4. 35. 34.640],4,B0056,10,7076,07076.csv,1.263960414854898,5
7077,[2010. 9. 4. 8. 24. 28.609],4,B0056,12,7078,07078.csv,1.2589496187032136,6
7081,[2010. 9. 4. 13. 22. 53.125],4,B0056,16,7082,07082.csv,1.28061976902026,7
7083,[2010. 9. 4. 17. 7. 33.062],4,B0056,18,7084,07084.csv,1.2572786868607095,8
7085,[2010. 9. 4. 20. 50. 47.984],4,B0056,20,7086,07086.csv,1.2226260041048898,9
7087,[2010. 9. 5. 0. 38. 30.421],4,B0056,22,7088,07088.csv,1.2292772249257495,10
7089,[2010. 9. 5. 4. 25. 36.515],4,B0056,24,7090,07090.csv,1.2275780135689456,11
7093,[2010. 9. 5. 9. 19. 29.796],4,B0056,28,7094,07094.csv,1.2133872888296768,12
7095,[2010. 9. 5. 13. 6. 35.671],4,B0056,30,7096,07096.csv,1.230223614493081,13
7097,[2010. 9. 5. 16. 52. 47.406],4,B0056,32,7098,07098.csv,1.1927530108462678,14
7099,[2010. 9. 5. 20. 39. 20.328],4,B0056,34,7100,07100.csv,1.18671066359878,15
7101,[2010. 9. 6. 0. 25. 33.421],4,B0056,36,7102,07102.csv,1.1914875140242167,16
7105,[2010. 9. 6. 5. 23. 13.750],4,B0056,40,7106,07106.csv,1.214178606017816,17
7107,[2010. 9. 6. 9. 8. 34.203],4,B0056,42,7108,07108.csv,1.2094387558721402,18
7109,[2010. 9. 6. 12. 53. 22.312],4,B0056,44,7110,07110.csv,1.207072299940321,19
7111,[2010. 9. 6. 16. 38. 35.375],4,B0056,46,7112,07112.csv,1.162961249391913,20
7113,[2010. 9. 6. 20. 24. 10.250],4,B0056,48,7114,07114.csv,1.17887968705904,21
7117,[2010. 9. 9. 16. 2. 55.593],4,B0056,52,7118,07118.csv,1.2945104146044433,22
7121,[2010. 9. 9. 21. 2. 0.109],4,B0056,56,7122,07122.csv,1.2602567563003473,23
7123,[2010. 9. 10. 0. 49. 20.093],4,B0056,58,7124,07124.csv,1.2408721291565108,24
7125,[2010. 9. 10. 4. 36. 5.546],4,B0056,60,7126,07126.csv,1.252197340273113,25
7127,[2010. 9. 10. 8. 21. 56.953],4,B0056,62,7128,07128.csv,1.2279025700477384,26
7129,[2010. 9. 10. 12. 7. 58.578],4,B0056,64,7130,07130.csv,1.1917170308946994,27
7133,[2010. 9. 10. 17. 5. 18.031],4,B0056,68,7134,07134.csv,1.1858570240011006,28
7135,[2010. 9. 10. 20. 50. 57.921],4,B0056,70,7136,07136.csv,1.1840938286611429,29
7137,[2010. 9. 11. 0. 36. 11.406],4,B0056,72,7138,07138.csv,1.2059829135917657,30
7139,[2010. 9. 11. 4. 20. 54.625],4,B0056,74,7140,07140.csv,1.165428493679393,31
7141,[2010. 9. 11. 8. 5. 50.875],4,B0056,76,7142,07142.csv,1.1790060613193858,32
7145,[2010. 9. 11. 13. 2. 19.546],4,B0056,80,7146,07146.csv,1.2013113747183153,33
7147,[2010. 9. 11. 16. 46. 28.437],4,B0056,82,7148,07148.csv,1.165597803317432,34
7149,[2010. 9. 11. 20. 31. 10.015],4,B0056,84,7150,07150.csv,1.180303335055002,35
7151,[2010. 9. 12. 0. 15. 17.875],4,B0056,86,7152,07152.csv,1.1658134189695046,36
7153,[2010. 9. 12. 3. 59. 48.265],4,B0056,88,7154,07154.csv,1.176396051577376,37
7157,[2010. 9. 12. 8. 55. 6.671],4,B0056,92,7158,07158.csv,1.1458325512940766,38
7159,[2010. 9. 12. 12. 39. 18.218],4,B0056,94,7160,07160.csv,1.167557759980296,39
7161,[2010. 9. 12. 16. 23. 34.703],4,B0056,96,7162,07162.csv,1.145636654711916,40
7163,[2010. 9. 12. 20. 7. 24.765],4,B0056,98,7164,07164.csv,1.1443667002824445,41
7165,[2010. 9. 12. 23. 51. 17.062],4,B0056,100,7166,07166.csv,1.1605177686388095,42
7169,[2010. 9. 14. 12. 6. 5.296],4,B0056,104,7170,07170.csv,1.227201304260248,43
7173,[2010. 9. 14. 17. 3. 4.921],4,B0056,108,7174,07174.csv,1.2454797202045476,44
7175,[2010. 9. 14. 20. 48. 6.968],4,B0056,110,7176,07176.csv,1.1722288849037228,45
7177,[2010. 9. 15. 0. 32. 54.453],4,B0056,112,7178,07178.csv,1.1953514999944956,46
7179,[2010. 9. 15. 4. 17. 21.781],4,B0056,114,7180,07180.csv,1.1919514716203925,47
7181,[2010. 9. 17. 15. 17. 48.765],4,B0056,116,7182,07182.csv,1.2296223665252586,48
7185,[2010. 9. 17. 20. 11. 19.796],4,B0056,120,7186,07186.csv,1.2774519419396988,49
7187,[2010. 9. 17. 23. 56. 44.390],4,B0056,122,7188,07188.csv,1.2433879751668584,50
7189,[2010. 9. 18. 3. 41. 26.687],4,B0056,124,7190,07190.csv,1.230802542912592,51
7191,[2010. 9. 18. 7. 25. 38.640],4,B0056,126,7192,07192.csv,1.2162358534094664,52
7193,[2010. 9. 18. 11. 9. 35.656],4,B0056,128,7194,07194.csv,1.2088335726499548,53
7197,[2010. 9. 18. 16. 5. 6.281],4,B0056,132,7198,07198.csv,1.1946181162240357,54
7199,[2010. 9. 18. 19. 49. 23.328],4,B0056,134,7200,07200.csv,1.1734248134794991,55
7201,[2010. 9. 18. 23. 33. 26.125],4,B0056,136,7202,07202.csv,1.1404596305913128,56
7203,[2010. 9. 19. 3. 17. 11.312],4,B0056,138,7204,07204.csv,1.1821716406845988,57
7205,[2010. 9. 19. 7. 0. 37.453],4,B0056,140,7206,07206.csv,1.1480663382055174,58
7209,[2010. 9. 19. 11. 55. 48.484],4,B0056,144,7210,07210.csv,1.1825381935034152,59
7211,[2010. 9. 19. 15. 38. 44.765],4,B0056,146,7212,07212.csv,1.15520928628466,60
7213,[2010. 9. 19. 19. 22. 11.656],4,B0056,148,7214,07214.csv,1.1216816712671696,61
7215,[2010. 9. 19. 23. 5. 17.437],4,B0056,150,7216,07216.csv,1.162666262561457,62
7217,[2010. 9. 20. 2. 48. 11.609],4,B0056,152,7218,07218.csv,1.124695615744926,63
7221,[2010. 9. 20. 7. 42. 50.203],4,B0056,156,7222,07222.csv,1.1664177948797931,64
7223,[2010. 9. 20. 11. 25. 31.156],4,B0056,158,7224,07224.csv,1.1346745156379463,65
7225,[2010. 9. 20. 15. 8. 29.703],4,B0056,160,7226,07226.csv,1.1012231317092755,66
7227,[2010. 9. 20. 18. 51. 21.781],4,B0056,162,7228,07228.csv,1.1560733948472832,67
7229,[2010. 9. 20. 22. 33. 25.109],4,B0056,164,7230,07230.csv,1.1385609898764002,68
7233,[2010. 9. 21. 16. 21. 5.187],4,B0056,168,7234,07234.csv,1.1757265448773706,69
7237,[2010. 9. 21. 21. 16. 13.531],4,B0056,172,7238,07238.csv,1.1969385632452556,70
7239,[2010. 9. 22. 0. 59. 48.890],4,B0056,174,7240,07240.csv,1.1267457988726266,71
7241,[2010. 9. 22. 4. 42. 50.281],4,B0056,176,7242,07242.csv,1.1601031368559531,72
7243,[2010. 9. 22. 8. 25. 42.578],4,B0056,178,7244,07244.csv,1.1361458729690277,73
7245,[2010. 9. 22. 12. 7. 52.000],4,B0056,180,7246,07246.csv,1.1397253894261876,74
7249,[2010. 9. 22. 17. 2. 11.859],4,B0056,184,7250,07250.csv,1.1560010024767575,75
7251,[2010. 9. 22. 20. 44. 38.687],4,B0056,186,7252,07252.csv,1.126818619026835,76
7253,[2010. 9. 23. 0. 27. 12.937],4,B0056,188,7254,07254.csv,1.116688355680394,77
7255,[2010. 9. 23. 4. 9. 8.968],4,B0056,190,7256,07256.csv,1.1330613197666846,78
7257,[2010. 9. 23. 7. 51. 17.218],4,B0056,192,7258,07258.csv,1.0893839897995972,79
7261,[2010. 9. 23. 12. 44. 52.046],4,B0056,196,7262,07262.csv,1.112083645925937,80
7263,[2010. 9. 23. 16. 27. 6.734],4,B0056,198,7264,07264.csv,1.1279950254648337,81
7265,[2010. 9. 23. 20. 8. 35.109],4,B0056,200,7266,07266.csv,1.1386774565024178,82
7267,[2010. 9. 23. 23. 50. 11.265],4,B0056,202,7268,07268.csv,1.1271136962200643,83
7269,[2010. 9. 24. 3. 31. 49.968],4,B0056,204,7270,07270.csv,1.110150886965375,84
7273,[2010. 9. 24. 8. 25. 18.515],4,B0056,208,7274,07274.csv,1.1344632260422465,85
7275,[2010. 9. 24. 12. 7. 3.171],4,B0056,210,7276,07276.csv,1.108458756302863,86
7277,[2010. 9. 24. 15. 48. 49.406],4,B0056,212,7278,07278.csv,1.0768220870214844,87
7279,[2010. 9. 24. 19. 30. 22.281],4,B0056,214,7280,07280.csv,1.128398212919817,88
7281,[2010. 9. 24. 23. 11. 34.281],4,B0056,216,7282,07282.csv,1.1066350346531368,89
7285,[2010. 9. 28. 11. 41. 33.437],4,B0056,220,7286,07286.csv,1.271609072217319,90
7289,[2010. 9. 28. 16. 37. 32.109],4,B0056,224,7290,07290.csv,1.2415767175377967,91
7291,[2010. 9. 28. 20. 21. 33.968],4,B0056,226,7292,07292.csv,1.174652904422814,92
7293,[2010. 9. 29. 0. 5. 26.906],4,B0056,228,7294,07294.csv,1.1989389885187762,93
7295,[2010. 9. 29. 3. 48. 21.015],4,B0056,230,7296,07296.csv,1.1461398965188565,94
7297,[2010. 9. 29. 7. 31. 12.015],4,B0056,232,7298,07298.csv,1.129224378671885,95
7301,[2010. 9. 29. 12. 25. 41.906],4,B0056,236,7302,07302.csv,1.1103432888019913,96
7303,[2010. 9. 29. 16. 8. 13.421],4,B0056,238,7304,07304.csv,1.153909472897475,97
7305,[2010. 9. 29. 19. 50. 59.781],4,B0056,240,7306,07306.csv,1.1302191455340138,98
7307,[2010. 9. 29. 23. 33. 0.890],4,B0056,242,7308,07308.csv,1.1258719408034097,99
7309,[2010. 9. 30. 3. 15. 20.437],4,B0056,244,7310,07310.csv,1.1430108283920968,100
7313,[2010. 9. 30. 8. 8. 36.328],4,B0056,248,7314,07314.csv,1.1372731775310292,101
7315,[2010. 9. 30. 11. 50. 17.687],4,B0056,250,7316,07316.csv,1.1290590137779504,102
