Unnamed: 0,start_time,ambient_temperature,battery_id,test_id,uid,filename,Re,Rct,cycle_number,Rint
40,[2008. 4. 18. 20. 55. 29.859],24,B0005,40,41,00041.csv,0.0446687003661609,0.0694562730453699,1,0.1141249734115308
42,[2008. 4. 18. 22. 39. 16.312],24,B0005,42,43,00043.csv,0.0466870016248693,0.0762747409853058,2,0.1229617426101751
44,[2008. 4. 19. 2. 14. 27.015],24,B0005,44,45,00045.csv,0.044843430573346,0.0679720560130687,3,0.1128154865864147
46,[2008. 4. 19. 3. 57. 24.187],24,B0005,46,47,00047.csv,0.0461946895509937,0.0745338891843796,4,0.1207285787353733
48,[2008. 4. 19. 7. 32. 33.656],24,B0005,48,49,00049.csv,0.04510114851143,0.0685283289600032,5,0.1136294774714332
50,[2008. 4. 19. 9. 15. 10.453],24,B0005,50,51,00051.csv,0.0459907447307683,0.0734266410877331,6,0.11941738581850139
52,[2008. 4. 19. 12. 47. 0.421],24,B0005,52,53,00053.csv,0.0441720755771717,0.0680444951699617,7,0.1122165707471334
54,[2008. 4. 19. 14. 28. 58.984],24,B0005,54,55,00055.csv,0.0452171085992494,0.0746477840841336,8,0.11986489268338299
56,[2008. 4. 19. 18. 12. 47.531],24,B0005,56,57,00057.csv,0.0437866281960759,0.0684502122707276,9,0.1122368404668035
58,[2008. 4. 19. 19. 55. 5.296],24,B0005,58,59,00059.csv,0.0449099454136579,0.0739568760325419,10,0.11886682144619981
60,[2008. 4. 19. 23. 27. 13.343],24,B0005,60,61,00061.csv,0.0446393219887852,0.0683410113732366,11,0.1129803333620218
62,[2008. 4. 20. 1. 8. 11.406],24,B0005,62,63,00063.csv,0.0471704408693174,0.072081121644792,12,0.1192515625141094
64,[2008. 4. 20. 4. 39. 59.296],24,B0005,64,65,00065.csv,0.0435587857754753,0.0686823765587221,13,0.1122411623341974
66,[2008. 4. 20. 6. 20. 57.125],24,B0005,66,67,00067.csv,0.0464896970863564,0.0710290933933924,14,0.11751879047974881
68,[2008. 4. 20. 10. 1. 46.156],24,B0005,68,69,00069.csv,0.0452654781826178,0.0681437253042456,15,0.1134092034868634
70,[2008. 4. 20. 11. 42. 26.062],24,B0005,70,71,00071.csv,0.0463622366817154,0.0719302986054303,16,0.1182925352871457
72,[2008. 4. 20. 15. 22. 22.640],24,B0005,72,73,00073.csv,0.0444837157774346,0.0678255571971684,17,0.112309272974603
74,[2008. 4. 20. 17. 3. 1.140],24,B0005,74,75,00075.csv,0.0448279130020564,0.072888269527583,18,0.11771618252963939
76,[2008. 4. 20. 20. 35. 56.187],24,B0005,76,77,00077.csv,0.0444141648591004,0.0688580524121343,19,0.11327221727123471
78,[2008. 4. 20. 22. 16. 35.078],24,B0005,78,79,00079.csv,0.0446645067989457,0.0727868237536811,20,0.1174513305526268
80,[2008. 4. 21. 2. 0. 19.968],24,B0005,80,81,00081.csv,0.0445354459002964,0.0677943469911627,21,0.1123297928914591
82,[2008. 4. 21. 3. 26. 58.453],24,B0005,82,83,00083.csv,0.045021352455558,0.0694040818553967,22,0.1144254343109547
86,[2008. 4. 22. 16. 33. 3.953],24,B0005,86,87,00087.csv,0.0461064656426378,0.0704108330775636,23,0.1165172987202014
88,[2008. 4. 22. 19. 54. 32.265],24,B0005,88,89,00089.csv,0.0464625160005063,0.0699377430233672,24,0.11640025902387349
90,[2008. 4. 22. 21. 24. 34.484],24,B0005,90,91,00091.csv,0.0476673249976311,0.0687014202685642,25,0.1163687452661953
92,[2008. 4. 23. 0. 46. 24.921],24,B0005,92,93,00093.csv,0.0477238545111998,0.0695041754421432,26,0.117228029953343
94,[2008. 4. 23. 2. 16. 8.578],24,B0005,94,95,00095.csv,0.0478676951872586,0.0678285150105384,27,0.115696210197797
96,[2008. 4. 23. 5. 46. 32.890],24,B0005,96,97,00097.csv,0.0469402296332379,0.069661211991841,28,0.1166014416250789
98,[2008. 4. 23. 7. 16. 7.671],24,B0005,98,99,00099.csv,0.0456134190837229,0.0690386303340568,29,0.1146520494177797
100,[2008. 4. 23. 10. 36. 13.156],24,B0005,100,101,00101.csv,0.0470279824320801,0.0711294674960708,30,0.11815744992815089
102,[2008. 4. 23. 12. 5. 30.437],24,B0005,102,103,00103.csv,0.0467288723388305,0.0697112997292194,31,0.11644017206804991
104,[2008. 4. 23. 15. 34. 37.843],24,B0005,104,105,00105.csv,0.0477553802626716,0.0716707961231252,32,0.1194261763857968
106,[2008. 4. 23. 17. 3. 55.484],24,B0005,106,107,00107.csv,0.046916225196282,0.0691334355475146,33,0.1160496607437966
108,[2008. 4. 23. 20. 31. 10.750],24,B0005,108,109,00109.csv,0.0470229394468384,0.0697669618355563,34,0.11678990128239469
110,[2008. 4. 23. 22. 0. 19.218],24,B0005,110,111,00111.csv,0.046604793185003,0.068522152288229,35,0.11512694547323199
112,[2008. 4. 24. 1. 19. 46.171],24,B0005,112,113,00113.csv,0.046245370477528,0.0719248993978976,36,0.1181702698754256
114,[2008. 4. 24. 2. 48. 35.687],24,B0005,114,115,00115.csv,0.0468329399301112,0.0694689689962164,37,0.1163019089263276
116,[2008. 4. 24. 6. 18. 12.171],24,B0005,116,117,00117.csv,0.0461861033675123,0.0719378705603448,38,0.11812397392785709
118,[2008. 4. 24. 7. 46. 53.906],24,B0005,118,119,00119.csv,0.0462413666398642,0.0693491690279701,39,0.11559053566783431
120,[2008. 4. 24. 11. 17. 36.359],24,B0005,120,121,00121.csv,0.0477373701431311,0.0703395836124857,40,0.1180769537556168
122,[2008. 4. 24. 12. 46. 8.171],24,B0005,122,123,00123.csv,0.0494274834363881,0.0695498357572787,41,0.1189773191936668
124,[2008. 4. 24. 16. 14. 7.906],24,B0005,124,125,00125.csv,0.048383341548765,0.0697381270154479,42,0.1181214685642129
126,[2008. 4. 24. 17. 42. 40.796],24,B0005,126,127,00127.csv,0.0474784168879776,0.064882971709559,43,0.11236138859753661
128,[2008. 4. 24. 21. 6. 22.828],24,B0005,128,129,00129.csv,0.0480375100392994,0.0701251142477667,44,0.1181626242870661
130,[2008. 4. 24. 22. 34. 45.921],24,B0005,130,131,00131.csv,0.047703621105183,0.0685981303777479,45,0.1163017514829309
132,[2008. 4. 25. 1. 57. 7.593],24,B0005,132,133,00133.csv,0.0480869600733819,0.0697134641311117,46,0.1178004242044936
136,[2008. 4. 25. 21. 0. 31.421],24,B0005,136,137,00137.csv,0.0481510465595772,0.0677220781982593,47,0.11587312475783651
138,[2008. 4. 26. 0. 32. 46.968],24,B0005,138,139,00139.csv,0.0475472817403881,0.073180098911682,48,0.12072738065207012
140,[2008. 4. 26. 2. 0. 52.359],24,B0005,140,141,00141.csv,0.0475901338231921,0.0691427287466927,49,0.1167328625698848
142,[2008. 4. 26. 5. 25. 46.234],24,B0005,142,143,00143.csv,0.0476409209894885,0.0716524732655295,50,0.119293394255018
144,[2008. 4. 26. 6. 53. 34.171],24,B0005,144,145,00145.csv,0.0476402406175778,0.0689827792391044,51,0.11662301985668219
146,[2008. 4. 26. 10. 26. 36.718],24,B0005,146,147,00147.csv,0.0484243695317731,0.0724998374901,52,0.12092420702187309
150,[2008. 4. 29. 13. 12. 54.375],24,B0005,150,151,00151.csv,0.0489338618553407,0.0679599018011362,53,0.11689376365647691
152,[2008. 4. 29. 16. 33. 38.281],24,B0005,152,153,00153.csv,0.0494307456487187,0.0701407541984291,54,0.11957149984714781
154,[2008. 4. 29. 18. 2. 21.296],24,B0005,154,155,00155.csv,0.0493230071767182,0.068956429145285,55,0.1182794363220032
156,[2008. 4. 29. 21. 28. 15.140],24,B0005,156,157,00157.csv,0.0497482254301438,0.0711299384497784,56,0.1208781638799222
158,[2008. 4. 29. 22. 56. 30.656],24,B0005,158,159,00159.csv,0.0491220287704245,0.0689095684745689,57,0.1180315972449934
160,[2008. 4. 30. 2. 12. 5.609],24,B0005,160,161,00161.csv,0.0498848659447539,0.0719830276512561,58,0.12186789359601
162,[2008. 4. 30. 3. 40. 3.390],24,B0005,162,163,00163.csv,0.0478594492467187,0.0697725560852867,59,0.1176320053320054
164,[2008. 4. 30. 7. 9. 52.656],24,B0005,164,165,00165.csv,0.0492163809321789,0.0714637439793728,60,0.1206801249115517
166,[2008. 4. 30. 8. 37. 42.406],24,B0005,166,167,00167.csv,0.0488722901342319,0.0687680915386681,61,0.1176403816729
168,[2008. 4. 30. 11. 56. 59.203],24,B0005,168,169,00169.csv,0.0499459389365634,0.0708870426164587,62,0.1208329815530221
170,[2008. 4. 30. 13. 24. 39.734],24,B0005,170,171,00171.csv,0.0482964391953501,0.0673151471016695,63,0.11561158629701959
172,[2008. 4. 30. 16. 48. 25.875],24,B0005,172,173,00173.csv,0.0489696051479402,0.0717816850521735,64,0.1207512902001137
174,[2008. 4. 30. 18. 16. 7.250],24,B0005,174,175,00175.csv,0.0481470922660249,0.0684158918231915,65,0.11656298408921639
176,[2008. 4. 30. 21. 43. 3.656],24,B0005,176,177,00177.csv,0.0502293760251405,0.0718319241428618,66,0.12206130016800229
178,[2008. 4. 30. 23. 10. 36.859],24,B0005,178,179,00179.csv,0.0484543002020658,0.0677793505105271,67,0.1162336507125929
180,[2008. 5. 1. 2. 43. 42.562],24,B0005,180,181,00181.csv,0.0497152666250807,0.0713902715439566,68,0.1211055381690373
182,[2008. 5. 1. 4. 11. 7.078],24,B0005,182,183,00183.csv,0.0486802529332838,0.0658344484636432,69,0.11451470139692699
184,[2008. 5. 1. 7. 44. 12.656],24,B0005,184,185,00185.csv,0.0491321660184356,0.0724518691988788,70,0.1215840352173144
186,[2008. 5. 1. 9. 11. 27.593],24,B0005,186,187,00187.csv,0.0499187289835067,0.0687646330950239,71,0.1186833620785306
188,[2008. 5. 1. 12. 42. 34.015],24,B0005,188,189,00189.csv,0.0492096832252982,0.073040250995097,72,0.1222499342203952
190,[2008. 5. 1. 14. 9. 50.640],24,B0005,190,191,00191.csv,0.0494366495395998,0.0689230088556077,73,0.11835965839520751
192,[2008. 5. 1. 17. 39. 20.015],24,B0005,192,193,00193.csv,0.0495063161655938,0.07251082944035,74,0.1220171456059438
194,[2008. 5. 1. 19. 6. 26.859],24,B0005,194,195,00195.csv,0.0494033398878436,0.0686484623872513,75,0.1180518022750949
196,[2008. 5. 1. 22. 38. 24.062],24,B0005,196,197,00197.csv,0.0486517627795967,0.0720176209117095,76,0.1206693836913062
198,[2008. 5. 2. 0. 5. 31.015],24,B0005,198,199,00199.csv,0.0491550198024464,0.0691308686370358,77,0.1182858884394822
200,[2008. 5. 2. 3. 21. 43.218],24,B0005,200,201,00201.csv,0.0491657556837128,0.0731699361800272,78,0.12233569186374
202,[2008. 5. 2. 4. 48. 33.343],24,B0005,202,203,00203.csv,0.0487016128372702,0.0685945550745758,79,0.11729616791184601
204,[2008. 5. 2. 8. 12. 49.328],24,B0005,204,205,00205.csv,0.0492342734208827,0.0727712073374357,80,0.1220054807583184
206,[2008. 5. 2. 9. 39. 40.343],24,B0005,206,207,00207.csv,0.0488567734576694,0.0687157076798943,81,0.11757248113756369
208,[2008. 5. 2. 13. 11. 13.468],24,B0005,208,209,00209.csv,0.0505475864921389,0.0727086679457494,82,0.12325625443788829
210,[2008. 5. 2. 14. 37. 55.109],24,B0005,210,211,00211.csv,0.0506497585783765,0.0685353610479945,83,0.119185119626371
212,[2008. 5. 2. 18. 11. 3.593],24,B0005,212,213,00213.csv,0.0501188147421075,0.0730104108966134,84,0.1231292256387209
216,[2008. 5. 3. 0. 18. 59.734],24,B0005,216,217,00217.csv,0.0491324268769509,0.0693303248319639,85,0.11846275170891479
218,[2008. 5. 3. 3. 41. 16.453],24,B0005,218,219,00219.csv,0.0497925673190261,0.073436503616202,86,0.12322907093522811
220,[2008. 5. 3. 5. 7. 41.812],24,B0005,220,221,00221.csv,0.0496331359162434,0.0688142967101813,87,0.11844743262642471
222,[2008. 5. 3. 8. 38. 27.484],24,B0005,222,223,00223.csv,0.0498653780666,0.0732133898164959,88,0.12307876788309591
224,[2008. 5. 3. 10. 4. 43.296],24,B0005,224,225,00225.csv,0.0489212903564022,0.0688393136276158,89,0.117760603984018
226,[2008. 5. 3. 13. 32. 41.671],24,B0005,226,227,00227.csv,0.0498119327855388,0.074596186052064,90,0.1244081188376028
228,[2008. 5. 3. 14. 58. 49.093],24,B0005,228,229,00229.csv,0.0497512574980347,0.0686389241999605,91,0.1183901816979952
230,[2008. 5. 3. 18. 26. 20.765],24,B0005,230,231,00231.csv,0.0485067348899718,0.0745830977634214,92,0.1230898326533932
232,[2008. 5. 3. 19. 52. 28.578],24,B0005,232,233,00233.csv,0.0491591819629816,0.0690673447997324,93,0.118226526762714
234,[2008. 5. 3. 23. 10. 37.250],24,B0005,234,235,00235.csv,0.0500230742033395,0.0736638387977965,94,0.123686913001136
236,[2008. 5. 4. 0. 36. 36.703],24,B0005,236,237,00237.csv,0.0497080870965655,0.0683000614609565,95,0.11800814855752201
238,[2008. 5. 4. 4. 9. 47.078],24,B0005,238,239,00239.csv,0.0502046904378658,0.0737188582159762,96,0.123923548653842
240,[2008. 5. 4. 5. 35. 36.578],24,B0005,240,241,00241.csv,0.0489506608038353,0.0696326738615232,97,0.1185833346653585
242,[2008. 5. 4. 9. 8. 18.734],24,B0005,242,243,00243.csv,0.0497585734077315,0.0746561776087558,98,0.1244147510164873
244,[2008. 5. 4. 10. 34. 8.906],24,B0005,244,245,00245.csv,0.0498083962553727,0.069022987629394,99,0.1188313838847667
246,[2008. 5. 4. 14. 6. 20.031],24,B0005,246,247,00247.csv,0.0496867550378329,0.0735542582193973,100,0.1232410132572302
248,[2008. 5. 4. 15. 32. 1.953],24,B0005,248,249,00249.csv,0.0505941138997434,0.0685832846047841,101,0.11917739850452751
250,[2008. 5. 4. 19. 5. 14.343],24,B0005,250,251,00251.csv,0.0499500570704977,0.0746229428074614,102,0.1245729998779591
252,[2008. 5. 4. 20. 30. 47.687],24,B0005,252,253,00253.csv,0.0498442104120108,0.0701407010789011,103,0.1199849114909119
254,[2008. 5. 5. 0. 4. 0.250],24,B0005,254,255,00255.csv,0.0502825642512583,0.0736039114233682,104,0.12388647567462649
256,[2008. 5. 5. 1. 29. 24.203],24,B0005,256,257,00257.csv,0.0500627022920359,0.0697911803878999,105,0.1198538826799358
258,[2008. 5. 5. 4. 56. 20.000],24,B0005,258,259,00259.csv,0.0499200778190466,0.074642062777058,106,0.1245621405961046
260,[2008. 5. 5. 6. 21. 44.546],24,B0005,260,261,00261.csv,0.049214459164823,0.0699083630110742,107,0.1191228221758972
262,[2008. 5. 5. 9. 54. 58.250],24,B0005,262,263,00263.csv,0.0500799643501363,0.0754771092928152,108,0.1255570736429515
266,[2008. 5. 5. 21. 33. 38.390],24,B0005,266,267,00267.csv,0.0546921850263593,0.0746459936002273,109,0.12933817862658661
268,[2008. 5. 6. 1. 6. 52.015],24,B0005,268,269,00269.csv,0.0548732021154092,0.0793440364411719,110,0.1342172385565811
270,[2008. 5. 6. 2. 31. 59.093],24,B0005,270,271,00271.csv,0.0541567528107865,0.0750584366774359,111,0.12921518948822242
272,[2008. 5. 6. 6. 5. 11.921],24,B0005,272,273,00273.csv,0.0552404998627662,0.0800235935822896,112,0.1352640934450558
274,[2008. 5. 6. 7. 30. 10.578],24,B0005,274,275,00275.csv,0.0545428097805622,0.0759237919999139,113,0.13046660178047612
276,[2008. 5. 6. 10. 53. 26.531],24,B0005,276,277,00277.csv,0.0550803683287425,0.0804500816192199,114,0.1355304499479624
278,[2008. 5. 6. 12. 18. 26.171],24,B0005,278,279,00279.csv,0.0533986718642586,0.0756288961003857,115,0.1290275679646443
280,[2008. 5. 6. 15. 51. 41.546],24,B0005,280,281,00281.csv,0.0548457849434252,0.0809952791439065,116,0.1358410640873317
282,[2008. 5. 6. 17. 16. 40.109],24,B0005,282,283,00283.csv,0.0554532594769747,0.0748392292244765,117,0.13029248870145121
284,[2008. 5. 6. 20. 49. 54.421],24,B0005,284,285,00285.csv,0.0580894926860419,0.0790061137619081,118,0.13709560644795
286,[2008. 5. 6. 22. 14. 45.453],24,B0005,286,287,00287.csv,0.0570384986405566,0.0744541940566049,119,0.13149269269716152
288,[2008. 5. 7. 1. 45. 30.125],24,B0005,288,289,00289.csv,0.0563999943051261,0.0818149196701257,120,0.13821491397525182
290,[2008. 5. 7. 3. 10. 20.671],24,B0005,290,291,00291.csv,0.0569517725026997,0.0770693559626086,121,0.13402112846530828
292,[2008. 5. 7. 6. 32. 6.906],24,B0005,292,293,00293.csv,0.0571591479145079,0.0808669662369406,122,0.1380261141514485
294,[2008. 5. 7. 7. 56. 39.250],24,B0005,294,295,00295.csv,0.0559586456272992,0.076095696370702,123,0.1320543419980012
296,[2008. 5. 7. 11. 29. 54.546],24,B0005,296,297,00297.csv,0.0569987938629429,0.0825010076441602,124,0.1394998015071031
298,[2008. 5. 7. 12. 54. 18.250],24,B0005,298,299,00299.csv,0.0569901090756038,0.0764828902963887,125,0.1334729993719925
300,[2008. 5. 7. 16. 27. 34.437],24,B0005,300,301,00301.csv,0.057915946777513,0.0817505708315127,126,0.1396665176090257
302,[2008. 5. 7. 17. 51. 59.125],24,B0005,302,303,00303.csv,0.0570007691806397,0.0774112451988569,127,0.1344120143794966
304,[2008. 5. 7. 21. 24. 14.000],24,B0005,304,305,00305.csv,0.0585831887959693,0.0826941645735358,128,0.1412773533695051
306,[2008. 5. 7. 22. 48. 38.750],24,B0005,306,307,00307.csv,0.0572825654297649,0.0769202772121568,129,0.1342028426419217
308,[2008. 5. 8. 2. 21. 54.109],24,B0005,308,309,00309.csv,0.0568441123963582,0.082272625759776,130,0.13911673815613418
310,[2008. 5. 8. 3. 46. 9.968],24,B0005,310,311,00311.csv,0.0589529203196688,0.0773517020399742,131,0.136304622359643
311,[2008. 5. 9. 11. 53. 10.593],24,B0005,311,312,00312.csv,0.0566720346295509,0.0829157329641766,132,0.1395877675937275
313,[2008. 5. 9. 13. 19. 35.703],24,B0005,313,314,00314.csv,0.0582233615105249,0.0761509211548619,133,0.1343742826653868
316,[2008. 5. 9. 21. 21. 3.765],24,B0005,316,317,00317.csv,0.0577983771069902,0.0751897173316691,134,0.1329880944386593
318,[2008. 5. 10. 0. 49. 59.984],24,B0005,318,319,00319.csv,0.058693615611032,0.0809967398338894,135,0.1396903554449214
320,[2008. 5. 10. 2. 14. 42.109],24,B0005,320,321,00321.csv,0.0581005359089264,0.0760463990238758,136,0.13414693493280222
322,[2008. 5. 10. 5. 46. 15.296],24,B0005,322,323,00323.csv,0.0568735509905479,0.080792347724638,137,0.13766589871518592
324,[2008. 5. 10. 7. 10. 49.593],24,B0005,324,325,00325.csv,0.0578193912169896,0.0762079225206609,138,0.1340273137376505
326,[2008. 5. 10. 10. 44. 7.859],24,B0005,326,327,00327.csv,0.0584012267602933,0.0816166339541188,139,0.1400178607144121
328,[2008. 5. 10. 12. 8. 32.875],24,B0005,328,329,00329.csv,0.0572959758556255,0.0760311580801822,140,0.1333271339358077
330,[2008. 5. 10. 15. 39. 59.140],24,B0005,330,331,00331.csv,0.0571392616497832,0.0820304274361046,141,0.1391696890858878
332,[2008. 5. 10. 17. 4. 16.015],24,B0005,332,333,00333.csv,0.0570119156613033,0.077937531010241,142,0.1349494466715443
334,[2008. 5. 10. 20. 35. 57.437],24,B0005,334,335,00335.csv,0.056846750542401,0.0843093490529676,143,0.1411560995953686
336,[2008. 5. 10. 22. 0. 5.781],24,B0005,336,337,00337.csv,0.0573916045757455,0.0773208301126552,144,0.1347124346884007
338,[2008. 5. 11. 1. 33. 24.437],24,B0005,338,339,00339.csv,0.0597145830687632,0.081280778737871,145,0.1409953618066342
340,[2008. 5. 11. 2. 57. 32.984],24,B0005,340,341,00341.csv,0.0566940115944566,0.0775632251844298,146,0.1342572367788864
342,[2008. 5. 11. 6. 23. 30.250],24,B0005,342,343,00343.csv,0.0578764894862572,0.0827621596207595,147,0.1406386491070167
344,[2008. 5. 11. 7. 47. 30.468],24,B0005,344,345,00345.csv,0.0571136365905529,0.0788997342664049,148,0.1360133708569578
346,[2008. 5. 11. 11. 20. 49.578],24,B0005,346,347,00347.csv,0.0571060525925708,0.0838933915955351,149,0.1409994441881059
348,[2008. 5. 11. 12. 44. 40.703],24,B0005,348,349,00349.csv,0.0584106740410329,0.0778794279816579,150,0.1362901020226908
350,[2008. 5. 11. 16. 18. 0.812],24,B0005,350,351,00351.csv,0.0583244011522277,0.0823356083860003,151,0.140660009538228
352,[2008. 5. 11. 17. 41. 53.265],24,B0005,352,353,00353.csv,0.057206589538471,0.0781418167018895,152,0.13534840624036049
354,[2008. 5. 11. 21. 15. 14.843],24,B0005,354,355,00355.csv,0.0585398872773731,0.0825995740858869,153,0.14113946136326
356,[2008. 5. 11. 22. 38. 57.843],24,B0005,356,357,00357.csv,0.0568695950036647,0.0785197111729298,154,0.1353893061765945
358,[2008. 5. 12. 2. 5. 0.703],24,B0005,358,359,00359.csv,0.0576100022715738,0.0836176940705274,155,0.1412276963421012
360,[2008. 5. 12. 3. 28. 34.484],24,B0005,360,361,00361.csv,0.0575892775490864,0.0785848385140241,156,0.1361741160631105
362,[2008. 5. 12. 12. 24. 36.453],24,B0005,362,363,00363.csv,0.0568774408378622,0.0845362995717969,157,0.1414137404096591
364,[2008. 5. 12. 13. 48. 19.890],24,B0005,364,365,00365.csv,0.058412257957184,0.0781662290360033,158,0.1365784869931873
367,[2008. 5. 12. 19. 51. 52.953],24,B0005,367,368,00368.csv,0.0589828557974607,0.0784086979147182,159,0.1373915537121789
369,[2008. 5. 12. 23. 21. 19.078],24,B0005,369,370,00370.csv,0.0601978908480714,0.0837734664524804,160,0.1439713573005518
371,[2008. 5. 13. 0. 44. 53.250],24,B0005,371,372,00372.csv,0.0584328149625365,0.0787861210634423,161,0.1372189360259788
373,[2008. 5. 13. 4. 3. 26.640],24,B0005,373,374,00374.csv,0.0598835241626575,0.0836115676360818,162,0.1434950917987393
375,[2008. 5. 13. 5. 26. 51.781],24,B0005,375,376,00376.csv,0.0608167592956564,0.080383887783223,163,0.14120064707887942
377,[2008. 5. 13. 8. 52. 5.890],24,B0005,377,378,00378.csv,0.0588751204970558,0.0837056242203838,164,0.1425807447174396
379,[2008. 5. 13. 10. 15. 2.906],24,B0005,379,380,00380.csv,0.058641305762534,0.0785632759961348,165,0.1372045817586688
381,[2008. 5. 13. 13. 48. 25.875],24,B0005,381,382,00382.csv,0.0584451859295269,0.0843513765148262,166,0.1427965624443531
383,[2008. 5. 13. 15. 11. 42.234],24,B0005,383,384,00384.csv,0.0592571128269388,0.0800274325258343,167,0.1392845453527731
385,[2008. 5. 13. 18. 32. 21.281],24,B0005,385,386,00386.csv,0.0605512105499778,0.0832805147674182,168,0.143831725317396
387,[2008. 5. 13. 19. 55. 29.859],24,B0005,387,388,00388.csv,0.0587780177142386,0.0791833754695021,169,0.1379613931837407
389,[2008. 5. 13. 23. 27. 26.625],24,B0005,389,390,00390.csv,0.0599502558921759,0.0831904359131708,170,0.1431406918053467
391,[2008. 5. 14. 0. 50. 35.390],24,B0005,391,392,00392.csv,0.0583522776975031,0.0796471041873536,171,0.1379993818848567
393,[2008. 5. 14. 4. 23. 57.968],24,B0005,393,394,00394.csv,0.0595650130368422,0.0848701138092932,172,0.1444351268461354
395,[2008. 5. 14. 5. 46. 58.078],24,B0005,395,396,00396.csv,0.0589381873175043,0.0795379206555901,173,0.1384761079730944
397,[2008. 5. 14. 9. 20. 22.000],24,B0005,397,398,00398.csv,0.05985334901025,0.0847391766373357,174,0.1445925256475857
399,[2008. 5. 14. 10. 43. 12.953],24,B0005,399,400,00400.csv,0.0584896827626018,0.0796437054686623,175,0.1381333882312641
401,[2008. 5. 14. 14. 3. 22.750],24,B0005,401,402,00402.csv,0.0587454802930831,0.0871172135034907,176,0.1458626937965738
403,[2008. 5. 14. 15. 26. 13.546],24,B0005,403,404,00404.csv,0.061340607558881,0.0773366502429688,177,0.1386772578018498
405,[2008. 5. 14. 18. 59. 38.890],24,B0005,405,406,00406.csv,0.0608376708448938,0.0849090277748801,178,0.1457466986197739
407,[2008. 5. 14. 20. 22. 30.640],24,B0005,407,408,00408.csv,0.0583427179433439,0.0799424615933393,179,0.1382851795366832
409,[2008. 5. 14. 23. 55. 55.406],24,B0005,409,410,00410.csv,0.0599376278681594,0.0847995018360561,180,0.14473712970421548
411,[2008. 5. 15. 1. 18. 37.890],24,B0005,411,412,00412.csv,0.0597953422651675,0.0796468273470384,181,0.1394421696122059
413,[2008. 5. 15. 4. 52. 4.609],24,B0005,413,414,00414.csv,0.0595958869181685,0.0851877517168028,182,0.1447836386349713
415,[2008. 5. 15. 6. 14. 38.093],24,B0005,415,416,00416.csv,0.0592039819796605,0.0800718110518393,183,0.1392757930314998
417,[2008. 5. 15. 9. 48. 3.453],24,B0005,417,418,00418.csv,0.0584007435193973,0.086329382369691,184,0.1447301258890883
419,[2008. 5. 15. 11. 10. 28.328],24,B0005,419,420,00420.csv,0.0613438943933263,0.0798929054274616,185,0.1412367998207879
421,[2008. 5. 15. 14. 38. 58.781],24,B0005,421,422,00422.csv,0.0626050644034527,0.0850211189952597,186,0.14762618339871242
423,[2008. 5. 15. 16. 1. 23.390],24,B0005,423,424,00424.csv,0.0588198618845754,0.0791485479846983,187,0.1379684098692737
425,[2008. 5. 15. 19. 24. 46.593],24,B0005,425,426,00426.csv,0.0611519539173246,0.0848557762027261,188,0.1460077301200507
427,[2008. 5. 15. 20. 47. 12.406],24,B0005,427,428,00428.csv,0.0604624618991758,0.0809266835646679,189,0.14138914546384368
429,[2008. 5. 16. 0. 9. 33.937],24,B0005,429,430,00430.csv,0.0596306011999845,0.0850345675980089,190,0.1446651687979934
433,[2008. 5. 16. 22. 28. 31.078],24,B0005,433,434,00434.csv,0.0616073856822591,0.080201275049143,191,0.14180866073140208
435,[2008. 5. 17. 2. 0. 12.656],24,B0005,435,436,00436.csv,0.060986669920577,0.0858397688242258,192,0.14682643874480278
437,[2008. 5. 17. 3. 22. 47.796],24,B0005,437,438,00438.csv,0.0608027017838498,0.0818525572709485,193,0.1426552590547983
439,[2008. 5. 17. 6. 53. 18.328],24,B0005,439,440,00440.csv,0.0610042570410988,0.0858843611487287,194,0.1468886181898275
441,[2008. 5. 17. 8. 15. 45.265],24,B0005,441,442,00442.csv,0.061470756141698,0.0817075215636596,195,0.1431782777053576
443,[2008. 5. 17. 11. 49. 14.296],24,B0005,443,444,00444.csv,0.0623291478272736,0.0882216113892046,196,0.1505507592164782
445,[2008. 5. 17. 13. 11. 30.687],24,B0005,445,446,00446.csv,0.0621410395185087,0.0817709914625596,197,0.1439120309810683
447,[2008. 5. 17. 16. 43. 35.437],24,B0005,447,448,00448.csv,0.0615027627885515,0.0872699062901812,198,0.1487726690787327
449,[2008. 5. 17. 18. 5. 53.796],24,B0005,449,450,00450.csv,0.0596311497998398,0.0825760057270749,199,0.1422071555269147
451,[2008. 5. 17. 21. 38. 49.296],24,B0005,451,452,00452.csv,0.0614190799483374,0.0872037829252581,200,0.1486228628735955
453,[2008. 5. 17. 23. 0. 48.453],24,B0005,453,454,00454.csv,0.0610835125517299,0.0823999475840748,201,0.1434834601358047
455,[2008. 5. 18. 2. 33. 17.109],24,B0005,455,456,00456.csv,0.0612166514530719,0.0872819262712242,202,0.14849857772429612
457,[2008. 5. 18. 3. 55. 17.546],24,B0005,457,458,00458.csv,0.0614838739971428,0.0826957971668608,203,0.1441796711640036
459,[2008. 5. 18. 7. 28. 48.000],24,B0005,459,460,00460.csv,0.062704070176938,0.0867911180985442,204,0.1494951882754822
461,[2008. 5. 18. 8. 50. 48.718],24,B0005,461,462,00462.csv,0.0617088861822979,0.083291697488554,205,0.1450005836708519
463,[2008. 5. 18. 12. 12. 46.000],24,B0005,463,464,00464.csv,0.0617261358358741,0.0883779260119075,206,0.1501040618477816
465,[2008. 5. 18. 13. 34. 37.281],24,B0005,465,466,00466.csv,0.0608888989974135,0.0831103831068501,207,0.1439992821042636
467,[2008. 5. 18. 17. 4. 27.234],24,B0005,467,468,00468.csv,0.0618522370349969,0.0869792218467831,208,0.14883145888178
469,[2008. 5. 18. 18. 26. 10.015],24,B0005,469,470,00470.csv,0.0610674345854302,0.0837543520358781,209,0.1448217866213083
471,[2008. 5. 18. 21. 59. 40.796],24,B0005,471,472,00472.csv,0.0631035810265918,0.088522345692425,210,0.1516259267190168
473,[2008. 5. 18. 23. 21. 28.437],24,B0005,473,474,00474.csv,0.0608444500468935,0.0830822553741714,211,0.1439267054210649
475,[2008. 5. 19. 2. 55. 2.843],24,B0005,475,476,00476.csv,0.0622874606045726,0.0892308757094791,212,0.1515183363140517
477,[2008. 5. 19. 4. 16. 50.453],24,B0005,477,478,00478.csv,0.0635159491606317,0.0841181643319845,213,0.1476341134926162
479,[2008. 5. 19. 7. 49. 12.843],24,B0005,479,480,00480.csv,0.0627054989316699,0.0883872445764871,214,0.151092743508157
485,[2008. 5. 20. 2. 6. 32.234],24,B0005,485,486,00486.csv,0.056098763360757,0.0751803131352498,215,0.13127907649600679
487,[2008. 5. 20. 5. 40. 3.000],24,B0005,487,488,00488.csv,0.0532863816225583,0.0815685656842147,216,0.134854947306773
489,[2008. 5. 20. 7. 1. 47.390],24,B0005,489,490,00490.csv,0.0543877753861583,0.0760419231865449,217,0.1304296985727032
491,[2008. 5. 20. 10. 35. 19.875],24,B0005,491,492,00492.csv,0.0529314747404537,0.0827569341149588,218,0.1356884088554125
493,[2008. 5. 20. 11. 56. 55.343],24,B0005,493,494,00494.csv,0.0544764766226083,0.076731405470294,219,0.1312078820929023
495,[2008. 5. 20. 15. 25. 23.625],24,B0005,495,496,00496.csv,0.0558892929774587,0.0822632105400608,220,0.1381525035175195
497,[2008. 5. 20. 16. 46. 59.765],24,B0005,497,498,00498.csv,0.0559960790318425,0.0765144084909361,221,0.1325104875227786
499,[2008. 5. 20. 20. 18. 35.187],24,B0005,499,500,00500.csv,0.058417783681159,0.0802980949053397,222,0.1387158785864987
501,[2008. 5. 20. 21. 40. 11.843],24,B0005,501,502,00502.csv,0.0522799658181192,0.0748661512325851,223,0.1271461170507043
503,[2008. 5. 21. 1. 7. 35.140],24,B0005,503,504,00504.csv,0.0564114331702625,0.0819223123309917,224,0.1383337455012542
505,[2008. 5. 21. 2. 29. 2.656],24,B0005,505,506,00506.csv,0.0535080453129486,0.0761041943808202,225,0.12961223969376878
507,[2008. 5. 21. 5. 52. 23.000],24,B0005,507,508,00508.csv,0.0556801596408686,0.0817739908657299,226,0.13745415050659848
509,[2008. 5. 21. 7. 13. 41.250],24,B0005,509,510,00510.csv,0.0538928061839937,0.077783095605788,227,0.1316759017897817
511,[2008. 5. 21. 10. 46. 1.953],24,B0005,511,512,00512.csv,0.0562102576035285,0.0832806716843878,228,0.1394909292879163
513,[2008. 5. 21. 12. 7. 20.984],24,B0005,513,514,00514.csv,0.0550026125417602,0.0770552542641119,229,0.13205786680587212
515,[2008. 5. 21. 15. 38. 16.546],24,B0005,515,516,00516.csv,0.0557945214118623,0.0829501208969064,230,0.1387446423087687
517,[2008. 5. 21. 16. 59. 36.140],24,B0005,517,518,00518.csv,0.0554779369160649,0.0770016735510511,231,0.132479610467116
519,[2008. 5. 21. 20. 30. 5.343],24,B0005,519,520,00520.csv,0.0577997146659989,0.0819030322921605,232,0.1397027469581594
521,[2008. 5. 21. 21. 51. 16.781],24,B0005,521,522,00522.csv,0.0551315981621806,0.0770556564481534,233,0.132187254610334
523,[2008. 5. 22. 1. 10. 54.593],24,B0005,523,524,00524.csv,0.0557752947285812,0.0829467411842261,234,0.1387220359128073
525,[2008. 5. 22. 2. 32. 6.250],24,B0005,525,526,00526.csv,0.0558114389603303,0.0765519381759145,235,0.1323633771362448
527,[2008. 5. 22. 6. 0. 35.953],24,B0005,527,528,00528.csv,0.0565593913134022,0.0823749011789342,236,0.1389342924923364
529,[2008. 5. 22. 7. 21. 37.921],24,B0005,529,530,00530.csv,0.0551733907076003,0.0773022390461144,237,0.13247562975371469
531,[2008. 5. 22. 10. 51. 17.265],24,B0005,531,532,00532.csv,0.0533442468786474,0.0844856223082752,238,0.13782986918692258
533,[2008. 5. 22. 12. 12. 19.453],24,B0005,533,534,00534.csv,0.0562033827658035,0.0784357489585933,239,0.1346391317243968
535,[2008. 5. 22. 15. 45. 53.515],24,B0005,535,536,00536.csv,0.0562624789782491,0.0830662312193171,240,0.1393287101975662
537,[2008. 5. 22. 17. 6. 57.515],24,B0005,537,538,00538.csv,0.0541228487641692,0.078534390669906,241,0.1326572394340752
539,[2008. 5. 22. 20. 27. 44.765],24,B0005,539,540,00540.csv,0.0533942499874629,0.0833563552790388,242,0.1367506052665017
541,[2008. 5. 22. 21. 48. 39.015],24,B0005,541,542,00542.csv,0.0554582382488268,0.0786606937217423,243,0.1341189319705691
543,[2008. 5. 23. 11. 41. 10.187],24,B0005,543,544,00544.csv,0.0585452523507112,0.0883688518598075,244,0.1469141042105187
545,[2008. 5. 23. 13. 2. 15.484],24,B0005,545,546,00546.csv,0.0578494172996275,0.0807877386784969,245,0.1386371559781244
548,[2008. 5. 23. 21. 3. 54.921],24,B0005,548,549,00549.csv,0.0586149960845794,0.0815465143150512,246,0.1401615103996306
550,[2008. 5. 24. 0. 37. 15.656],24,B0005,550,551,00551.csv,0.0614238568689426,0.0849639039583958,247,0.1463877608273384
552,[2008. 5. 24. 1. 58. 28.718],24,B0005,552,553,00553.csv,0.0551459068450945,0.0813192213089552,248,0.1364651281540497
554,[2008. 5. 24. 5. 28. 14.078],24,B0005,554,555,00555.csv,0.0595233803017997,0.0872083312129923,249,0.146731711514792
556,[2008. 5. 24. 6. 49. 19.062],24,B0005,556,557,00557.csv,0.0603952185069324,0.0811864906463204,250,0.1415817091532528
558,[2008. 5. 24. 10. 10. 44.312],24,B0005,558,559,00559.csv,0.0592615908588067,0.0877786866945486,251,0.1470402775533553
560,[2008. 5. 24. 11. 31. 49.718],24,B0005,560,561,00561.csv,0.0583733215181787,0.0816868861335481,252,0.1400602076517268
562,[2008. 5. 24. 14. 59. 4.171],24,B0005,562,563,00563.csv,0.0595237845894433,0.0884300775522404,253,0.1479538621416837
564,[2008. 5. 24. 16. 20. 1.515],24,B0005,564,565,00565.csv,0.0589153175300952,0.0824288897344761,254,0.1413442072645713
566,[2008. 5. 24. 19. 49. 7.109],24,B0005,566,567,00567.csv,0.0596766481170581,0.0858437497371109,255,0.14552039785416898
568,[2008. 5. 24. 21. 10. 4.265],24,B0005,568,569,00569.csv,0.0567930805598689,0.0827724195106258,256,0.1395655000704947
570,[2008. 5. 25. 0. 34. 43.140],24,B0005,570,571,00571.csv,0.0597598846304888,0.0866248363959436,257,0.1463847210264324
572,[2008. 5. 25. 1. 55. 30.531],24,B0005,572,573,00573.csv,0.0615488024564626,0.0816665011580909,258,0.1432153036145535
574,[2008. 5. 25. 5. 25. 11.093],24,B0005,574,575,00575.csv,0.0595025916574528,0.0863688291866818,259,0.1458714208441346
576,[2008. 5. 25. 6. 45. 59.203],24,B0005,576,577,00577.csv,0.0581578571536546,0.0807663840903387,260,0.1389242412439933
578,[2008. 5. 25. 10. 19. 30.093],24,B0005,578,579,00579.csv,0.0595559805528939,0.0882183154162739,261,0.1477742959691678
580,[2008. 5. 25. 11. 40. 9.609],24,B0005,580,581,00581.csv,0.0599824237438825,0.0804083760718141,262,0.1403907998156966
582,[2008. 5. 25. 15. 5. 1.687],24,B0005,582,583,00583.csv,0.0594913647911852,0.0887302979407742,263,0.14822166273195939
584,[2008. 5. 25. 16. 25. 42.250],24,B0005,584,585,00585.csv,0.0603212164966373,0.080340961111739,264,0.1406621776083763
586,[2008. 5. 25. 19. 50. 54.953],24,B0005,586,587,00587.csv,0.0605211492470791,0.0875362397797066,265,0.1480573890267857
588,[2008. 5. 25. 21. 11. 31.515],24,B0005,588,589,00589.csv,0.0596068139816517,0.0821950835712786,266,0.1418018975529303
590,[2008. 5. 26. 0. 40. 52.859],24,B0005,590,591,00591.csv,0.0598267789972628,0.0885380186023552,267,0.14836479759961801
592,[2008. 5. 26. 2. 1. 29.328],24,B0005,592,593,00593.csv,0.0611546713152681,0.0812995137183745,268,0.1424541850336426
594,[2008. 5. 26. 5. 28. 58.109],24,B0005,594,595,00595.csv,0.0579443936914469,0.0889051987685422,269,0.1468495924599891
596,[2008. 5. 26. 6. 49. 35.046],24,B0005,596,597,00597.csv,0.0549948345037044,0.083252512813617,270,0.13824734731732138
598,[2008. 5. 26. 10. 12. 28.125],24,B0005,598,599,00599.csv,0.0617593122518427,0.0847212726764891,271,0.1464805849283318
600,[2008. 5. 26. 11. 32. 56.968],24,B0005,600,601,00601.csv,0.0584561293174277,0.0827019367389164,272,0.1411580660563441
602,[2008. 5. 26. 14. 58. 33.218],24,B0005,602,603,00603.csv,0.0589890803958647,0.0857362189277121,273,0.1447252993235768
604,[2008. 5. 26. 16. 19. 2.828],24,B0005,604,605,00605.csv,0.0588008441939559,0.0823698343756594,274,0.1411706785696153
606,[2008. 5. 26. 19. 48. 54.421],24,B0005,606,607,00607.csv,0.0576302972016358,0.0874238934793032,275,0.145054190680939
608,[2008. 5. 26. 21. 9. 22.890],24,B0005,608,609,00609.csv,0.058983889383344,0.0825221175510128,276,0.1415060069343568
610,[2008. 5. 27. 0. 27. 55.562],24,B0005,610,611,00611.csv,0.0578237493933031,0.0897568704647984,277,0.1475806198581015
614,[2008. 5. 27. 21. 34. 28.640],24,B0005,614,615,00615.csv,0.0500357319580317,0.0747923461368755,278,0.1248280780949072
656,[2008. 4. 18. 20. 55. 29.859],24,B0006,40,657,00657.csv,0.0612335902100034,0.0785415394665875,1,0.1397751296765909
658,[2008. 4. 18. 22. 39. 16.312],24,B0006,42,659,00659.csv,0.0656168494638861,0.0886832084583472,2,0.1543000579222333
660,[2008. 4. 19. 2. 14. 27.015],24,B0006,44,661,00661.csv,0.06062991544979,0.0780240937829042,3,0.13865400923269422
662,[2008. 4. 19. 3. 57. 24.187],24,B0006,46,663,00663.csv,0.0626250732462495,0.0853372553147085,4,0.14796232856095798
664,[2008. 4. 19. 7. 32. 33.656],24,B0006,48,665,00665.csv,0.0608598716542857,0.078402402030253,5,0.1392622736845387
666,[2008. 4. 19. 9. 15. 10.453],24,B0006,50,667,00667.csv,0.0622495710823437,0.0844084966382038,6,0.14665806772054749
668,[2008. 4. 19. 12. 47. 0.421],24,B0006,52,669,00669.csv,0.0600645081818017,0.0780709338220486,7,0.1381354420038503
670,[2008. 4. 19. 14. 28. 58.984],24,B0006,54,671,00671.csv,0.0622010238603739,0.0843708463839711,8,0.146571870244345
672,[2008. 4. 19. 18. 12. 47.531],24,B0006,56,673,00673.csv,0.0591313085340746,0.0779557075787303,9,0.13708701611280488
674,[2008. 4. 19. 19. 55. 5.296],24,B0006,58,675,00675.csv,0.0620735017548995,0.0838418603746595,10,0.145915362129559
676,[2008. 4. 19. 23. 27. 13.343],24,B0006,60,677,00677.csv,0.0605969875451187,0.0793818256613338,11,0.1399788132064525
678,[2008. 4. 20. 1. 8. 11.406],24,B0006,62,679,00679.csv,0.0620059553592676,0.0824334688248624,12,0.14443942418413
680,[2008. 4. 20. 4. 39. 59.296],24,B0006,64,681,00681.csv,0.0604355089729667,0.0794940929426612,13,0.1399296019156279
682,[2008. 4. 20. 6. 20. 57.125],24,B0006,66,683,00683.csv,0.0625181731066187,0.0841379066387299,14,0.1466560797453486
684,[2008. 4. 20. 10. 1. 46.156],24,B0006,68,685,00685.csv,0.0598822703747387,0.0787121835729847,15,0.1385944539477234
686,[2008. 4. 20. 11. 42. 26.062],24,B0006,70,687,00687.csv,0.0609532705328723,0.082692886038967,16,0.1436461565718393
688,[2008. 4. 20. 15. 22. 22.640],24,B0006,72,689,00689.csv,0.0605872148226689,0.0798953392291199,17,0.1404825540517888
690,[2008. 4. 20. 17. 3. 1.140],24,B0006,74,691,00691.csv,0.0623656407181244,0.0838905459318235,18,0.1462561866499479
692,[2008. 4. 20. 20. 35. 56.187],24,B0006,76,693,00693.csv,0.0609083651903455,0.0797490751361702,19,0.1406574403265157
694,[2008. 4. 20. 22. 16. 35.078],24,B0006,78,695,00695.csv,0.0623876560738503,0.0842744747657226,20,0.1466621308395729
696,[2008. 4. 21. 2. 0. 19.968],24,B0006,80,697,00697.csv,0.0603691524730691,0.0801450681587133,21,0.1405142206317824
698,[2008. 4. 21. 3. 26. 58.453],24,B0006,82,699,00699.csv,0.0620914468566786,0.0816430296477719,22,0.14373447650445048
702,[2008. 4. 22. 16. 33. 3.953],24,B0006,86,703,00703.csv,0.063565361566046,0.0815083438568061,23,0.14507370542285208
704,[2008. 4. 22. 19. 54. 32.265],24,B0006,88,705,00705.csv,0.0623200318333744,0.0802116916237253,24,0.1425317234570997
706,[2008. 4. 22. 21. 24. 34.484],24,B0006,90,707,00707.csv,0.0629416819377525,0.0819917256267003,25,0.1449334075644528
708,[2008. 4. 23. 0. 46. 24.921],24,B0006,92,709,00709.csv,0.0618912233003596,0.0812080578761546,26,0.1430992811765142
710,[2008. 4. 23. 2. 16. 8.578],24,B0006,94,711,00711.csv,0.0628654066217946,0.0814468267605238,27,0.1443122333823184
712,[2008. 4. 23. 5. 46. 32.890],24,B0006,96,713,00713.csv,0.0617164212906492,0.0815016521658017,28,0.1432180734564509
714,[2008. 4. 23. 7. 16. 7.671],24,B0006,98,715,00715.csv,0.0629152463770514,0.0827711664214759,29,0.1456864127985273
716,[2008. 4. 23. 10. 36. 13.156],24,B0006,100,717,00717.csv,0.0619987848117648,0.0813876104403678,30,0.1433863952521326
718,[2008. 4. 23. 12. 5. 30.437],24,B0006,102,719,00719.csv,0.063077623330134,0.0828714690508149,31,0.14594909238094889
720,[2008. 4. 23. 15. 34. 37.843],24,B0006,104,721,00721.csv,0.0625040605488016,0.0816912469233858,32,0.1441953074721874
722,[2008. 4. 23. 17. 3. 55.484],24,B0006,106,723,00723.csv,0.0627995855607608,0.0818468337271938,33,0.1446464192879546
724,[2008. 4. 23. 20. 31. 10.750],24,B0006,108,725,00725.csv,0.0620138868647238,0.0813161008134317,34,0.1433299876781555
726,[2008. 4. 23. 22. 0. 19.218],24,B0006,110,727,00727.csv,0.0630836006264319,0.0826425768350357,35,0.1457261774614676
728,[2008. 4. 24. 1. 19. 46.171],24,B0006,112,729,00729.csv,0.0618301921741058,0.0812043516055386,36,0.1430345437796444
730,[2008. 4. 24. 2. 48. 35.687],24,B0006,114,731,00731.csv,0.0631329064136287,0.0837217579093773,37,0.146854664323006
732,[2008. 4. 24. 6. 18. 12.171],24,B0006,116,733,00733.csv,0.0628269465788076,0.0834715784465107,38,0.1462985250253183
734,[2008. 4. 24. 7. 46. 53.906],24,B0006,118,735,00735.csv,0.0633635242133612,0.0837975537463188,39,0.14716107795967998
736,[2008. 4. 24. 11. 17. 36.359],24,B0006,120,737,00737.csv,0.0634981757133398,0.0838548867166324,40,0.1473530624299722
738,[2008. 4. 24. 12. 46. 8.171],24,B0006,122,739,00739.csv,0.0626407868157124,0.0829902829233761,41,0.14563106973908851
740,[2008. 4. 24. 16. 14. 7.906],24,B0006,124,741,00741.csv,0.0609451399361485,0.082015904986437,42,0.1429610449225855
742,[2008. 4. 24. 17. 42. 40.796],24,B0006,126,743,00743.csv,0.0639508532502377,0.0832684036551876,43,0.1472192569054253
744,[2008. 4. 24. 21. 6. 22.828],24,B0006,128,745,00745.csv,0.0639175801612165,0.0821657170874893,44,0.1460832972487058
746,[2008. 4. 24. 22. 34. 45.921],24,B0006,130,747,00747.csv,0.0619144429844288,0.0827944269463386,45,0.1447088699307674
748,[2008. 4. 25. 1. 57. 7.593],24,B0006,132,749,00749.csv,0.0622366404518175,0.0822751953989806,46,0.1445118358507981
752,[2008. 4. 25. 21. 0. 31.421],24,B0006,136,753,00753.csv,0.0636858903222563,0.0841098026120309,47,0.14779569293428718
754,[2008. 4. 26. 0. 32. 46.968],24,B0006,138,755,00755.csv,0.062031064463088,0.0831917770388853,48,0.14522284150197332
756,[2008. 4. 26. 2. 0. 52.359],24,B0006,140,757,00757.csv,0.063941395310383,0.08439590554803,49,0.148337300858413
758,[2008. 4. 26. 5. 25. 46.234],24,B0006,142,759,00759.csv,0.0625064903803401,0.0842684807349334,50,0.1467749711152735
760,[2008. 4. 26. 6. 53. 34.171],24,B0006,144,761,00761.csv,0.0633407484183548,0.0844332596021156,51,0.14777400802047042
762,[2008. 4. 26. 10. 26. 36.718],24,B0006,146,763,00763.csv,0.0626153327274759,0.0839721783477321,52,0.146587511075208
766,[2008. 4. 29. 13. 12. 54.375],24,B0006,150,767,00767.csv,0.0659851482712769,0.0820590843305826,53,0.1480442326018595
768,[2008. 4. 29. 16. 33. 38.281],24,B0006,152,769,00769.csv,0.0645724621588098,0.0803422930093306,54,0.1449147551681404
770,[2008. 4. 29. 18. 2. 21.296],24,B0006,154,771,00771.csv,0.0658426536732281,0.0822846789859381,55,0.1481273326591662
772,[2008. 4. 29. 21. 28. 15.140],24,B0006,156,773,00773.csv,0.063686158466937,0.0823636397717541,56,0.14604979823869108
774,[2008. 4. 29. 22. 56. 30.656],24,B0006,158,775,00775.csv,0.0658629947584042,0.0840481638480718,57,0.149911158606476
776,[2008. 4. 30. 2. 12. 5.609],24,B0006,160,777,00777.csv,0.062912097899097,0.0821410228199839,58,0.14505312071908089
778,[2008. 4. 30. 3. 40. 3.390],24,B0006,162,779,00779.csv,0.0644544628956928,0.0837272924737259,59,0.1481817553694187
780,[2008. 4. 30. 7. 9. 52.656],24,B0006,164,781,00781.csv,0.0636674117210705,0.0829695672555505,60,0.146636978976621
782,[2008. 4. 30. 8. 37. 42.406],24,B0006,166,783,00783.csv,0.0644997102472261,0.0843911606093064,61,0.14889087085653252
784,[2008. 4. 30. 11. 56. 59.203],24,B0006,168,785,00785.csv,0.0645458692805633,0.083905581872106,62,0.1484514511526693
786,[2008. 4. 30. 13. 24. 39.734],24,B0006,170,787,00787.csv,0.0646222207759994,0.0834787426128951,63,0.1481009633888945
788,[2008. 4. 30. 16. 48. 25.875],24,B0006,172,789,00789.csv,0.0644173077672933,0.0833208029616876,64,0.1477381107289809
790,[2008. 4. 30. 18. 16. 7.250],24,B0006,174,791,00791.csv,0.0653574463361542,0.0837228477832113,65,0.14908029411936552
792,[2008. 4. 30. 21. 43. 3.656],24,B0006,176,793,00793.csv,0.0651736293468639,0.0847815533935232,66,0.1499551827403871
794,[2008. 4. 30. 23. 10. 36.859],24,B0006,178,795,00795.csv,0.0657374096950185,0.0864008185462407,67,0.1521382282412592
796,[2008. 5. 1. 2. 43. 42.562],24,B0006,180,797,00797.csv,0.0635951595633681,0.0841849219613237,68,0.1477800815246918
798,[2008. 5. 1. 4. 11. 7.078],24,B0006,182,799,00799.csv,0.0656955104222323,0.0852841542441549,69,0.1509796646663872
800,[2008. 5. 1. 7. 44. 12.656],24,B0006,184,801,00801.csv,0.0652854750072916,0.0860504140343909,70,0.1513358890416825
802,[2008. 5. 1. 9. 11. 27.593],24,B0006,186,803,00803.csv,0.0660885800140736,0.0869738162685485,71,0.15306239628262208
804,[2008. 5. 1. 12. 42. 34.015],24,B0006,188,805,00805.csv,0.0665339625700584,0.0867482199337119,72,0.1532821825037703
806,[2008. 5. 1. 14. 9. 50.640],24,B0006,190,807,00807.csv,0.0673918549622027,0.0861118887620564,73,0.1535037437242591
808,[2008. 5. 1. 17. 39. 20.015],24,B0006,192,809,00809.csv,0.0663411253427209,0.087205582998911,74,0.1535467083416319
810,[2008. 5. 1. 19. 6. 26.859],24,B0006,194,811,00811.csv,0.0671457542138853,0.0863277074981156,75,0.15347346171200088
812,[2008. 5. 1. 22. 38. 24.062],24,B0006,196,813,00813.csv,0.0659099619111797,0.0871283409737494,76,0.1530383028849291
814,[2008. 5. 2. 0. 5. 31.015],24,B0006,198,815,00815.csv,0.0665621840704668,0.0876302548566821,77,0.1541924389271489
816,[2008. 5. 2. 3. 21. 43.218],24,B0006,200,817,00817.csv,0.0660562362669296,0.0875628563316522,78,0.1536190925985818
818,[2008. 5. 2. 4. 48. 33.343],24,B0006,202,819,00819.csv,0.066830417933657,0.0881304972895854,79,0.1549609152232424
820,[2008. 5. 2. 8. 12. 49.328],24,B0006,204,821,00821.csv,0.0659027425638274,0.0882085911331916,80,0.15411133369701902
822,[2008. 5. 2. 9. 39. 40.343],24,B0006,206,823,00823.csv,0.0671228648017542,0.0895248137871643,81,0.15664767858891848
824,[2008. 5. 2. 13. 11. 13.468],24,B0006,208,825,00825.csv,0.0679117207009261,0.0883150961530336,82,0.1562268168539597
826,[2008. 5. 2. 14. 37. 55.109],24,B0006,210,827,00827.csv,0.0680476796349815,0.0881891857440451,83,0.1562368653790266
828,[2008. 5. 2. 18. 11. 3.593],24,B0006,212,829,00829.csv,0.0667437733378423,0.0885796818139071,84,0.1553234551517494
832,[2008. 5. 3. 0. 18. 59.734],24,B0006,216,833,00833.csv,0.0678737147942735,0.0893489116976705,85,0.157222626491944
834,[2008. 5. 3. 3. 41. 16.453],24,B0006,218,835,00835.csv,0.0664129751061175,0.0895032370200492,86,0.1559162121261667
836,[2008. 5. 3. 5. 7. 41.812],24,B0006,220,837,00837.csv,0.0684237861207192,0.0901555365219136,87,0.1585793226426328
838,[2008. 5. 3. 8. 38. 27.484],24,B0006,222,839,00839.csv,0.066868684715673,0.089810213906633,88,0.156678898622306
840,[2008. 5. 3. 10. 4. 43.296],24,B0006,224,841,00841.csv,0.0682641731226593,0.0904077093440823,89,0.15867188246674158
842,[2008. 5. 3. 13. 32. 41.671],24,B0006,226,843,00843.csv,0.0675638979208385,0.0909328266072082,90,0.1584967245280467
844,[2008. 5. 3. 14. 58. 49.093],24,B0006,228,845,00845.csv,0.0677470394389744,0.0901563443871731,91,0.1579033838261475
846,[2008. 5. 3. 18. 26. 20.765],24,B0006,230,847,00847.csv,0.0676791663350139,0.0909751873219429,92,0.1586543536569568
848,[2008. 5. 3. 19. 52. 28.578],24,B0006,232,849,00849.csv,0.068609345882388,0.090686873742984,93,0.159296219625372
850,[2008. 5. 3. 23. 10. 37.250],24,B0006,234,851,00851.csv,0.0679726933427561,0.0923241095524087,94,0.1602968028951648
852,[2008. 5. 4. 0. 36. 36.703],24,B0006,236,853,00853.csv,0.0685662825765851,0.0902801709337061,95,0.1588464535102912
854,[2008. 5. 4. 4. 9. 47.078],24,B0006,238,855,00855.csv,0.0683335474188773,0.092016689540834,96,0.1603502369597113
856,[2008. 5. 4. 5. 35. 36.578],24,B0006,240,857,00857.csv,0.0683816561849608,0.0909711378859918,97,0.1593527940709526
858,[2008. 5. 4. 9. 8. 18.734],24,B0006,242,859,00859.csv,0.0688513609338119,0.0925822548520223,98,0.1614336157858342
860,[2008. 5. 4. 10. 34. 8.906],24,B0006,244,861,00861.csv,0.0693645520932601,0.0911130775161004,99,0.16047762960936052
862,[2008. 5. 4. 14. 6. 20.031],24,B0006,246,863,00863.csv,0.069066469068733,0.0934909607320899,100,0.16255742980082288
864,[2008. 5. 4. 15. 32. 1.953],24,B0006,248,865,00865.csv,0.0698128402490029,0.0915432380660541,101,0.161356078315057
866,[2008. 5. 4. 19. 5. 14.343],24,B0006,250,867,00867.csv,0.068709147096015,0.0938773051851886,102,0.1625864522812036
868,[2008. 5. 4. 20. 30. 47.687],24,B0006,252,869,00869.csv,0.0697253483451405,0.0916156532837299,103,0.1613410016288704
870,[2008. 5. 5. 0. 4. 0.250],24,B0006,254,871,00871.csv,0.0695259556668078,0.0941862300129836,104,0.1637121856797914
872,[2008. 5. 5. 1. 29. 24.203],24,B0006,256,873,00873.csv,0.0692302640154215,0.0923373810325198,105,0.1615676450479413
874,[2008. 5. 5. 4. 56. 20.000],24,B0006,258,875,00875.csv,0.0682523146604836,0.093439801192804,106,0.1616921158532876
876,[2008. 5. 5. 6. 21. 44.546],24,B0006,260,877,00877.csv,0.0689178611694737,0.0914935771909388,107,0.1604114383604125
878,[2008. 5. 5. 9. 54. 58.250],24,B0006,262,879,00879.csv,0.0696033038422311,0.0956134300233157,108,0.1652167338655468
882,[2008. 5. 5. 21. 33. 38.390],24,B0006,266,883,00883.csv,0.0705771452017754,0.0924269028093456,109,0.163004048011121
884,[2008. 5. 6. 1. 6. 52.015],24,B0006,268,885,00885.csv,0.0694438396726104,0.0950867440401892,110,0.1645305837127996
886,[2008. 5. 6. 2. 31. 59.093],24,B0006,270,887,00887.csv,0.0698359549702635,0.0924856514858521,111,0.1623216064561156
888,[2008. 5. 6. 6. 5. 11.921],24,B0006,272,889,00889.csv,0.0692409257238966,0.0954114747516299,112,0.16465240047552648
890,[2008. 5. 6. 7. 30. 10.578],24,B0006,274,891,00891.csv,0.0699001348633568,0.0934356534819829,113,0.1633357883453397
892,[2008. 5. 6. 10. 53. 26.531],24,B0006,276,893,00893.csv,0.0701802370421173,0.0958005363424977,114,0.165980773384615
894,[2008. 5. 6. 12. 18. 26.171],24,B0006,278,895,00895.csv,0.0707377314965858,0.0945206654318868,115,0.1652583969284726
896,[2008. 5. 6. 15. 51. 41.546],24,B0006,280,897,00897.csv,0.0703211250156869,0.0953017663720588,116,0.1656228913877457
898,[2008. 5. 6. 17. 16. 40.109],24,B0006,282,899,00899.csv,0.0708418282518299,0.0937922653680306,117,0.1646340936198605
900,[2008. 5. 6. 20. 49. 54.421],24,B0006,284,901,00901.csv,0.069307809818978,0.0945481312063891,118,0.1638559410253671
902,[2008. 5. 6. 22. 14. 45.453],24,B0006,286,903,00903.csv,0.0717789447534914,0.0923393376586207,119,0.1641182824121121
904,[2008. 5. 7. 1. 45. 30.125],24,B0006,288,905,00905.csv,0.0706601248975322,0.0955803390819771,120,0.1662404639795093
906,[2008. 5. 7. 3. 10. 20.671],24,B0006,290,907,00907.csv,0.0709072969687332,0.0926979751716576,121,0.1636052721403908
908,[2008. 5. 7. 6. 32. 6.906],24,B0006,292,909,00909.csv,0.0704879656326833,0.0963748469082876,122,0.1668628125409709
910,[2008. 5. 7. 7. 56. 39.250],24,B0006,294,911,00911.csv,0.070184639415032,0.0935113969318329,123,0.16369603634686491
912,[2008. 5. 7. 11. 29. 54.546],24,B0006,296,913,00913.csv,0.071253157527167,0.0969330859249994,124,0.1681862434521664
914,[2008. 5. 7. 12. 54. 18.250],24,B0006,298,915,00915.csv,0.0718674398360799,0.0946515981230252,125,0.1665190379591051
916,[2008. 5. 7. 16. 27. 34.437],24,B0006,300,917,00917.csv,0.0729088165680429,0.0968587759009549,126,0.1697675924689978
918,[2008. 5. 7. 17. 51. 59.125],24,B0006,302,919,00919.csv,0.0718202032701715,0.0940628962937008,127,0.16588309956387232
920,[2008. 5. 7. 21. 24. 14.000],24,B0006,304,921,00921.csv,0.0725103674563298,0.0966015913982298,128,0.1691119588545596
922,[2008. 5. 7. 22. 48. 38.750],24,B0006,306,923,00923.csv,0.0717747804961757,0.0953200348808454,129,0.1670948153770211
924,[2008. 5. 8. 2. 21. 54.109],24,B0006,308,925,00925.csv,0.0708879401072962,0.0974074142043939,130,0.1682953543116901
926,[2008. 5. 8. 3. 46. 9.968],24,B0006,310,927,00927.csv,0.0703683696883365,0.0927433028364427,131,0.1631116725247792
927,[2008. 5. 9. 11. 53. 10.593],24,B0006,311,928,00928.csv,0.0714147323806646,0.0961492059978541,132,0.1675639383785187
929,[2008. 5. 9. 13. 19. 35.703],24,B0006,313,930,00930.csv,0.0707515280509764,0.0904819625026011,133,0.1612334905535775
932,[2008. 5. 9. 21. 21. 3.765],24,B0006,316,933,00933.csv,0.0708315047902602,0.0906660407568975,134,0.1614975455471577
934,[2008. 5. 10. 0. 49. 59.984],24,B0006,318,935,00935.csv,0.0703041387332805,0.0930529362512398,135,0.1633570749845203
936,[2008. 5. 10. 2. 14. 42.109],24,B0006,320,937,00937.csv,0.0711836201544164,0.0928235588614077,136,0.1640071790158241
938,[2008. 5. 10. 5. 46. 15.296],24,B0006,322,939,00939.csv,0.0715667181492847,0.0936702392745788,137,0.16523695742386352
940,[2008. 5. 10. 7. 10. 49.593],24,B0006,324,941,00941.csv,0.0713158696740844,0.0926307033789582,138,0.1639465730530426
942,[2008. 5. 10. 10. 44. 7.859],24,B0006,326,943,00943.csv,0.072350575651046,0.0944034597636557,139,0.16675403541470168
944,[2008. 5. 10. 12. 8. 32.875],24,B0006,328,945,00945.csv,0.0708269947693153,0.0924913512132,140,0.1633183459825153
946,[2008. 5. 10. 15. 39. 59.140],24,B0006,330,947,00947.csv,0.0703378826342638,0.0950709227361693,141,0.1654088053704331
948,[2008. 5. 10. 17. 4. 16.015],24,B0006,332,949,00949.csv,0.0712990567757895,0.0930649883383346,142,0.1643640451141241
950,[2008. 5. 10. 20. 35. 57.437],24,B0006,334,951,00951.csv,0.0714831606385723,0.0954683161052524,143,0.1669514767438247
952,[2008. 5. 10. 22. 0. 5.781],24,B0006,336,953,00953.csv,0.0715317804940431,0.0939554165759076,144,0.1654871970699507
954,[2008. 5. 11. 1. 33. 24.437],24,B0006,338,955,00955.csv,0.0717787817997134,0.0967891593710254,145,0.1685679411707388
956,[2008. 5. 11. 2. 57. 32.984],24,B0006,340,957,00957.csv,0.0721047013169228,0.0942690372890176,146,0.1663737386059404
958,[2008. 5. 11. 6. 23. 30.250],24,B0006,342,959,00959.csv,0.0721765905201237,0.0973154810605629,147,0.1694920715806866
960,[2008. 5. 11. 7. 47. 30.468],24,B0006,344,961,00961.csv,0.0725404689198672,0.0951162567795242,148,0.16765672569939138
962,[2008. 5. 11. 11. 20. 49.578],24,B0006,346,963,00963.csv,0.0727577393214578,0.097423700411414,149,0.1701814397328718
964,[2008. 5. 11. 12. 44. 40.703],24,B0006,348,965,00965.csv,0.0724242004946315,0.0941982109589944,150,0.16662241145362588
966,[2008. 5. 11. 16. 18. 0.812],24,B0006,350,967,00967.csv,0.0716119669647763,0.0961826751217128,151,0.1677946420864891
968,[2008. 5. 11. 17. 41. 53.265],24,B0006,352,969,00969.csv,0.0717727489764272,0.0943126932432507,152,0.16608544221967791
970,[2008. 5. 11. 21. 15. 14.843],24,B0006,354,971,00971.csv,0.0723628565579787,0.0980060822404009,153,0.1703689387983796
972,[2008. 5. 11. 22. 38. 57.843],24,B0006,356,973,00973.csv,0.0719732503194285,0.0940399475348193,154,0.16601319785424778
974,[2008. 5. 12. 2. 5. 0.703],24,B0006,358,975,00975.csv,0.0721718794658254,0.0975442065322093,155,0.1697160859980347
976,[2008. 5. 12. 3. 28. 34.484],24,B0006,360,977,00977.csv,0.0721849603656966,0.0943643236831194,156,0.166549284048816
978,[2008. 5. 12. 12. 24. 36.453],24,B0006,362,979,00979.csv,0.0732751410566286,0.098167563773746,157,0.1714427048303746
980,[2008. 5. 12. 13. 48. 19.890],24,B0006,364,981,00981.csv,0.0725534440098424,0.0940003961459088,158,0.1665538401557512
983,[2008. 5. 12. 19. 51. 52.953],24,B0006,367,984,00984.csv,0.0727989845338102,0.0935192293551594,159,0.1663182138889696
985,[2008. 5. 12. 23. 21. 19.078],24,B0006,369,986,00986.csv,0.0737422116355231,0.0968201170137169,160,0.17056232864923998
987,[2008. 5. 13. 0. 44. 53.250],24,B0006,371,988,00988.csv,0.0723062641496464,0.0937331836899134,161,0.16603944783955982
989,[2008. 5. 13. 4. 3. 26.640],24,B0006,373,990,00990.csv,0.0735118189600125,0.0978484060677772,162,0.1713602250277897
991,[2008. 5. 13. 5. 26. 51.781],24,B0006,375,992,00992.csv,0.0731481609531371,0.0945011708875192,163,0.1676493318406563
993,[2008. 5. 13. 8. 52. 5.890],24,B0006,377,994,00994.csv,0.0736309507218721,0.0987207477814379,164,0.17235169850331
995,[2008. 5. 13. 10. 15. 2.906],24,B0006,379,996,00996.csv,0.0725869885678824,0.0942767204381327,165,0.1668637090060151
997,[2008. 5. 13. 13. 48. 25.875],24,B0006,381,998,00998.csv,0.0748372029552812,0.098555954977838,166,0.1733931579331192
999,[2008. 5. 13. 15. 11. 42.234],24,B0006,383,1000,01000.csv,0.072310626531037,0.0943737869483911,167,0.16668441347942808
1001,[2008. 5. 13. 18. 32. 21.281],24,B0006,385,1002,01002.csv,0.0742288068586881,0.0979458341330775,168,0.1721746409917656
1003,[2008. 5. 13. 19. 55. 29.859],24,B0006,387,1004,01004.csv,0.071856607129425,0.0937632344019343,169,0.1656198415313593
1005,[2008. 5. 13. 23. 27. 26.625],24,B0006,389,1006,01006.csv,0.0735926288328927,0.0979426342024937,170,0.1715352630353864
1007,[2008. 5. 14. 0. 50. 35.390],24,B0006,391,1008,01008.csv,0.073555303387968,0.0948149354989371,171,0.1683702388869051
1009,[2008. 5. 14. 4. 23. 57.968],24,B0006,393,1010,01010.csv,0.074289615413661,0.0978280397199374,172,0.1721176551335984
1011,[2008. 5. 14. 5. 46. 58.078],24,B0006,395,1012,01012.csv,0.073777422338843,0.0955076196879902,173,0.1692850420268332
1013,[2008. 5. 14. 9. 20. 22.000],24,B0006,397,1014,01014.csv,0.0743624728927986,0.100297485432866,174,0.1746599583256646
1015,[2008. 5. 14. 10. 43. 12.953],24,B0006,399,1016,01016.csv,0.0728089366752745,0.0946682535351397,175,0.16747719021041418
1017,[2008. 5. 14. 14. 3. 22.750],24,B0006,401,1018,01018.csv,0.0730881915550062,0.1002855268895236,176,0.1733737184445298
1019,[2008. 5. 14. 15. 26. 13.546],24,B0006,403,1020,01020.csv,0.0742398839736073,0.0945585184436065,177,0.1687984024172138
1021,[2008. 5. 14. 18. 59. 38.890],24,B0006,405,1022,01022.csv,0.0739056595619962,0.1003482635430065,178,0.1742539231050027
1023,[2008. 5. 14. 20. 22. 30.640],24,B0006,407,1024,01024.csv,0.0735125105338888,0.0945592832874169,179,0.16807179382130571
1025,[2008. 5. 14. 23. 55. 55.406],24,B0006,409,1026,01026.csv,0.0740648635028462,0.0990365839748105,180,0.1731014474776567
1027,[2008. 5. 15. 1. 18. 37.890],24,B0006,411,1028,01028.csv,0.0729076777814342,0.095001668805066,181,0.1679093465865002
1029,[2008. 5. 15. 4. 52. 4.609],24,B0006,413,1030,01030.csv,0.0743406664800701,0.1006790823074739,182,0.175019748787544
1031,[2008. 5. 15. 6. 14. 38.093],24,B0006,415,1032,01032.csv,0.072763514419845,0.0952721862664049,183,0.1680357006862499
1033,[2008. 5. 15. 9. 48. 3.453],24,B0006,417,1034,01034.csv,0.0749835856113319,0.1003809603504959,184,0.1753645459618278
1035,[2008. 5. 15. 11. 10. 28.328],24,B0006,419,1036,01036.csv,0.0728090445805321,0.0941746989624938,185,0.1669837435430259
1037,[2008. 5. 15. 14. 38. 58.781],24,B0006,421,1038,01038.csv,0.0736342258024834,0.1003434135011964,186,0.1739776393036798
1039,[2008. 5. 15. 16. 1. 23.390],24,B0006,423,1040,01040.csv,0.0736621678183104,0.0940125272990389,187,0.1676746951173493
1041,[2008. 5. 15. 19. 24. 46.593],24,B0006,425,1042,01042.csv,0.074956546385791,0.0986748779007716,188,0.17363142428656259
1043,[2008. 5. 15. 20. 47. 12.406],24,B0006,427,1044,01044.csv,0.0730047321568974,0.0948841918356507,189,0.1678889239925481
1045,[2008. 5. 16. 0. 9. 33.937],24,B0006,429,1046,01046.csv,0.075132937700244,0.0998851845039756,190,0.17501812220421958
1049,[2008. 5. 16. 22. 28. 31.078],24,B0006,433,1050,01050.csv,0.074564153588004,0.0946551303824129,191,0.1692192839704169
1051,[2008. 5. 17. 2. 0. 12.656],24,B0006,435,1052,01052.csv,0.07592804413673,0.100329706643873,192,0.17625775078060302
1053,[2008. 5. 17. 3. 22. 47.796],24,B0006,437,1054,01054.csv,0.0734330736723255,0.0949646124876326,193,0.1683976861599581
1055,[2008. 5. 17. 6. 53. 18.328],24,B0006,439,1056,01056.csv,0.0755087178512928,0.1011607325689791,194,0.1766694504202719
1057,[2008. 5. 17. 8. 15. 45.265],24,B0006,441,1058,01058.csv,0.0740168369586819,0.0959851488317173,195,0.1700019857903992
1059,[2008. 5. 17. 11. 49. 14.296],24,B0006,443,1060,01060.csv,0.074609599632536,0.1014589241819508,196,0.1760685238144868
1061,[2008. 5. 17. 13. 11. 30.687],24,B0006,445,1062,01062.csv,0.0739246206061328,0.095969907601378,197,0.16989452820751078
1063,[2008. 5. 17. 16. 43. 35.437],24,B0006,447,1064,01064.csv,0.0748796033565115,0.100603352458913,198,0.1754829558154245
1065,[2008. 5. 17. 18. 5. 53.796],24,B0006,449,1066,01066.csv,0.0735043961241255,0.0961201525757358,199,0.16962454869986132
1067,[2008. 5. 17. 21. 38. 49.296],24,B0006,451,1068,01068.csv,0.0752806088000432,0.1025451876366216,200,0.1778257964366648
1069,[2008. 5. 17. 23. 0. 48.453],24,B0006,453,1070,01070.csv,0.0726420827635309,0.0953411328199204,201,0.1679832155834513
1071,[2008. 5. 18. 2. 33. 17.109],24,B0006,455,1072,01072.csv,0.0749955637416601,0.1013873791642721,202,0.1763829429059322
1073,[2008. 5. 18. 3. 55. 17.546],24,B0006,457,1074,01074.csv,0.0731199997766419,0.0959231175033457,203,0.1690431172799876
1075,[2008. 5. 18. 7. 28. 48.000],24,B0006,459,1076,01076.csv,0.076358571154978,0.1014317733775896,204,0.1777903445325676
1077,[2008. 5. 18. 8. 50. 48.718],24,B0006,461,1078,01078.csv,0.0735277342781379,0.0972297114773837,205,0.1707574457555216
1079,[2008. 5. 18. 12. 12. 46.000],24,B0006,463,1080,01080.csv,0.0747768653278466,0.1028088756204259,206,0.1775857409482725
1081,[2008. 5. 18. 13. 34. 37.281],24,B0006,465,1082,01082.csv,0.0736522136634432,0.096239490466013,207,0.1698917041294562
1083,[2008. 5. 18. 17. 4. 27.234],24,B0006,467,1084,01084.csv,0.0760112912097401,0.1020749534936402,208,0.1780862447033803
1085,[2008. 5. 18. 18. 26. 10.015],24,B0006,469,1086,01086.csv,0.0738708282490051,0.096423110089212,209,0.1702939383382171
1087,[2008. 5. 18. 21. 59. 40.796],24,B0006,471,1088,01088.csv,0.0763233749345986,0.1024320211016061,210,0.17875539603620472
1089,[2008. 5. 18. 23. 21. 28.437],24,B0006,473,1090,01090.csv,0.0735718190242976,0.0975905935155193,211,0.1711624125398169
1091,[2008. 5. 19. 2. 55. 2.843],24,B0006,475,1092,01092.csv,0.0749954456773232,0.10259630569279,212,0.1775917513701132
1093,[2008. 5. 19. 4. 16. 50.453],24,B0006,477,1094,01094.csv,0.0745769219953742,0.098332863281485,213,0.17290978527685918
1095,[2008. 5. 19. 7. 49. 12.843],24,B0006,479,1096,01096.csv,0.0765591070024926,0.1030180047578761,214,0.17957711176036872
1101,[2008. 5. 20. 2. 6. 32.234],24,B0006,485,1102,01102.csv,0.0734853424457562,0.0972150788155859,215,0.1707004212613421
1103,[2008. 5. 20. 5. 40. 3.000],24,B0006,487,1104,01104.csv,0.0762781646871569,0.102092852503947,216,0.17837101719110388
1105,[2008. 5. 20. 7. 1. 47.390],24,B0006,489,1106,01106.csv,0.0720079823151196,0.0946722162175674,217,0.166680198532687
1107,[2008. 5. 20. 10. 35. 19.875],24,B0006,491,1108,01108.csv,0.0762810507777764,0.1012304992482019,218,0.1775115500259783
1109,[2008. 5. 20. 11. 56. 55.343],24,B0006,493,1110,01110.csv,0.0734085380163821,0.0964681790406408,219,0.1698767170570229
1111,[2008. 5. 20. 15. 25. 23.625],24,B0006,495,1112,01112.csv,0.0755914955823986,0.1017004816081313,220,0.17729197719052991
1113,[2008. 5. 20. 16. 46. 59.765],24,B0006,497,1114,01114.csv,0.0736897562967922,0.0970367848374556,221,0.1707265411342478
1115,[2008. 5. 20. 20. 18. 35.187],24,B0006,499,1116,01116.csv,0.0743692695675501,0.1019511695754428,222,0.1763204391429929
1117,[2008. 5. 20. 21. 40. 11.843],24,B0006,501,1118,01118.csv,0.0725182411846504,0.0946559117906342,223,0.1671741529752846
1119,[2008. 5. 21. 1. 7. 35.140],24,B0006,503,1120,01120.csv,0.0755494638326417,0.1033905552179119,224,0.17894001905055362
1121,[2008. 5. 21. 2. 29. 2.656],24,B0006,505,1122,01122.csv,0.0738301476282366,0.0977088268934775,225,0.1715389745217141
1123,[2008. 5. 21. 5. 52. 23.000],24,B0006,507,1124,01124.csv,0.0754378091325998,0.1019022250061564,226,0.1773400341387562
1125,[2008. 5. 21. 7. 13. 41.250],24,B0006,509,1126,01126.csv,0.0732956202125307,0.0970109750712344,227,0.1703065952837651
1127,[2008. 5. 21. 10. 46. 1.953],24,B0006,511,1128,01128.csv,0.0752830478385875,0.1021279987143925,228,0.17741104655298
1129,[2008. 5. 21. 12. 7. 20.984],24,B0006,513,1130,01130.csv,0.073587004234361,0.0984700686918705,229,0.1720570729262315
1131,[2008. 5. 21. 15. 38. 16.546],24,B0006,515,1132,01132.csv,0.0750426584630513,0.1023480972991154,230,0.1773907557621667
1133,[2008. 5. 21. 16. 59. 36.140],24,B0006,517,1134,01134.csv,0.0729983024606451,0.0967480458839989,231,0.16974634834464403
1135,[2008. 5. 21. 20. 30. 5.343],24,B0006,519,1136,01136.csv,0.0749308327002681,0.103165304469953,232,0.1780961371702211
1137,[2008. 5. 21. 21. 51. 16.781],24,B0006,521,1138,01138.csv,0.0731767144876588,0.0978900633513116,233,0.1710667778389704
1139,[2008. 5. 22. 1. 10. 54.593],24,B0006,523,1140,01140.csv,0.0755591813837829,0.1017155778229261,234,0.177274759206709
1141,[2008. 5. 22. 2. 32. 6.250],24,B0006,525,1142,01142.csv,0.0733067175756631,0.098672037003231,235,0.1719787545788941
1143,[2008. 5. 22. 6. 0. 35.953],24,B0006,527,1144,01144.csv,0.07529135855581,0.1039905059221312,236,0.1792818644779412
1145,[2008. 5. 22. 7. 21. 37.921],24,B0006,529,1146,01146.csv,0.0738149744632619,0.0996671713392194,237,0.1734821458024813
1147,[2008. 5. 22. 10. 51. 17.265],24,B0006,531,1148,01148.csv,0.0769588874531759,0.1027814179991246,238,0.17974030545230052
1149,[2008. 5. 22. 12. 12. 19.453],24,B0006,533,1150,01150.csv,0.0749168340838373,0.0974091312159428,239,0.17232596529978012
1151,[2008. 5. 22. 15. 45. 53.515],24,B0006,535,1152,01152.csv,0.0758245422515517,0.1041063706998522,240,0.1799309129514039
1153,[2008. 5. 22. 17. 6. 57.515],24,B0006,537,1154,01154.csv,0.0731973306789386,0.0986378767270153,241,0.1718352074059539
1155,[2008. 5. 22. 20. 27. 44.765],24,B0006,539,1156,01156.csv,0.0759119158447739,0.1049438515440013,242,0.18085576738877518
1157,[2008. 5. 22. 21. 48. 39.015],24,B0006,541,1158,01158.csv,0.0741238796957194,0.0984676098870169,243,0.1725914895827363
1159,[2008. 5. 23. 11. 41. 10.187],24,B0006,543,1160,01160.csv,0.0762929715531933,0.1064712631533319,244,0.1827642347065252
1161,[2008. 5. 23. 13. 2. 15.484],24,B0006,545,1162,01162.csv,0.0744494476629702,0.0976349035137695,245,0.1720843511767397
1164,[2008. 5. 23. 21. 3. 54.921],24,B0006,548,1165,01165.csv,0.0742980197609937,0.0972724969962096,246,0.1715705167572033
1166,[2008. 5. 24. 0. 37. 15.656],24,B0006,550,1167,01167.csv,0.0752876188558989,0.1013128184675522,247,0.1766004373234511
1168,[2008. 5. 24. 1. 58. 28.718],24,B0006,552,1169,01169.csv,0.0732641449429155,0.0948578803057855,248,0.168122025248701
1170,[2008. 5. 24. 5. 28. 14.078],24,B0006,554,1171,01171.csv,0.0752509146509656,0.1026311415061905,249,0.1778820561571561
1172,[2008. 5. 24. 6. 49. 19.062],24,B0006,556,1173,01173.csv,0.0729533859483913,0.0970917153562493,250,0.17004510130464062
1174,[2008. 5. 24. 10. 10. 44.312],24,B0006,558,1175,01175.csv,0.0757955584221838,0.1033762243070195,251,0.1791717827292033
1176,[2008. 5. 24. 11. 31. 49.718],24,B0006,560,1177,01177.csv,0.0722998993167301,0.0972685161715672,252,0.16956841548829732
1178,[2008. 5. 24. 14. 59. 4.171],24,B0006,562,1179,01179.csv,0.0763431463339071,0.104593793917714,253,0.1809369402516211
1180,[2008. 5. 24. 16. 20. 1.515],24,B0006,564,1181,01181.csv,0.0720819344505843,0.0963275273086972,254,0.1684094617592815
1182,[2008. 5. 24. 19. 49. 7.109],24,B0006,566,1183,01183.csv,0.0754857475272783,0.1041567019889631,255,0.1796424495162414
1184,[2008. 5. 24. 21. 10. 4.265],24,B0006,568,1185,01185.csv,0.074020498261262,0.0992152943663302,256,0.1732357926275922
1186,[2008. 5. 25. 0. 34. 43.140],24,B0006,570,1187,01187.csv,0.075678173941146,0.1049894160585908,257,0.1806675899997368
1188,[2008. 5. 25. 1. 55. 30.531],24,B0006,572,1189,01189.csv,0.074519020704208,0.097222414755428,258,0.171741435459636
1190,[2008. 5. 25. 5. 25. 11.093],24,B0006,574,1191,01191.csv,0.0763973061822181,0.1062555849514584,259,0.1826528911336765
1192,[2008. 5. 25. 6. 45. 59.203],24,B0006,576,1193,01193.csv,0.0742401898235231,0.0980457597288729,260,0.172285949552396
1194,[2008. 5. 25. 10. 19. 30.093],24,B0006,578,1195,01195.csv,0.0755408955239052,0.1032519942992523,261,0.1787928898231575
1196,[2008. 5. 25. 11. 40. 9.609],24,B0006,580,1197,01197.csv,0.0751269930267548,0.0976015207267083,262,0.1727285137534631
1198,[2008. 5. 25. 15. 5. 1.687],24,B0006,582,1199,01199.csv,0.0775855591124683,0.1047311376075346,263,0.1823166967200029
1200,[2008. 5. 25. 16. 25. 42.250],24,B0006,584,1201,01201.csv,0.0730030471857442,0.0998612145340232,264,0.1728642617197674
1202,[2008. 5. 25. 19. 50. 54.953],24,B0006,586,1203,01203.csv,0.0791409953998212,0.1041059746959914,265,0.1832469700958126
1204,[2008. 5. 25. 21. 11. 31.515],24,B0006,588,1205,01205.csv,0.0733791162898153,0.1001243987004642,266,0.1735035149902795
1206,[2008. 5. 26. 0. 40. 52.859],24,B0006,590,1207,01207.csv,0.0770348037702638,0.1043025357256912,267,0.18133733949595499
1208,[2008. 5. 26. 2. 1. 29.328],24,B0006,592,1209,01209.csv,0.0740063873774855,0.10058214210272,268,0.17458852948020548
1210,[2008. 5. 26. 5. 28. 58.109],24,B0006,594,1211,01211.csv,0.0755865731223018,0.1054502286771071,269,0.1810368017994089
1212,[2008. 5. 26. 6. 49. 35.046],24,B0006,596,1213,01213.csv,0.0744573130487284,0.0977176529227598,270,0.17217496597148818
1214,[2008. 5. 26. 10. 12. 28.125],24,B0006,598,1215,01215.csv,0.0768002402725307,0.1050583889524579,271,0.1818586292249886
1216,[2008. 5. 26. 11. 32. 56.968],24,B0006,600,1217,01217.csv,0.0740496189576683,0.100042653155579,272,0.1740922721132473
1218,[2008. 5. 26. 14. 58. 33.218],24,B0006,602,1219,01219.csv,0.0777337947396853,0.1055258410926404,273,0.18325963583232568
1220,[2008. 5. 26. 16. 19. 2.828],24,B0006,604,1221,01221.csv,0.0734535667268147,0.0995843341983424,274,0.17303790092515708
1222,[2008. 5. 26. 19. 48. 54.421],24,B0006,606,1223,01223.csv,0.0764975846096731,0.1066836025369429,275,0.183181187146616
1224,[2008. 5. 26. 21. 9. 22.890],24,B0006,608,1225,01225.csv,0.0742918120791737,0.1014577067356365,276,0.1757495188148102
1226,[2008. 5. 27. 0. 27. 55.562],24,B0006,610,1227,01227.csv,0.076934450861607,0.1058981228130979,277,0.1828325736747049
1230,[2008. 5. 27. 21. 34. 28.640],24,B0006,614,1231,01231.csv,0.0735893678798284,0.0999947402618141,278,0.1735841081416425
1272,[2008. 4. 18. 20. 55. 29.859],24,B0007,40,1273,01273.csv,0.0381681360994608,0.0615809457422944,1,0.0997490818417552
1274,[2008. 4. 18. 22. 39. 16.312],24,B0007,42,1275,01275.csv,0.0423522002551147,0.0794620574429885,2,0.1218142576981032
1276,[2008. 4. 19. 2. 14. 27.015],24,B0007,44,1277,01277.csv,0.0397131229201359,0.0618065433968296,3,0.1015196663169655
1278,[2008. 4. 19. 3. 57. 24.187],24,B0007,46,1279,01279.csv,0.0417192823930559,0.080850992535227,4,0.1225702749282829
1280,[2008. 4. 19. 7. 32. 33.656],24,B0007,48,1281,01281.csv,0.0384014639910651,0.0610013038468072,5,0.0994027678378723
1282,[2008. 4. 19. 9. 15. 10.453],24,B0007,50,1283,01283.csv,0.0417255432887453,0.0732425237282777,6,0.114968067017023
1284,[2008. 4. 19. 12. 47. 0.421],24,B0007,52,1285,01285.csv,0.0371051772037323,0.0600756510818989,7,0.0971808282856312
1286,[2008. 4. 19. 14. 28. 58.984],24,B0007,54,1287,01287.csv,0.0399295235052935,0.0775254899698734,8,0.1174550134751669
1288,[2008. 4. 19. 18. 12. 47.531],24,B0007,56,1289,01289.csv,0.0378339460339389,0.061293760421866,9,0.0991277064558049
1290,[2008. 4. 19. 19. 55. 5.296],24,B0007,58,1291,01291.csv,0.0408682807687173,0.0768386955289876,10,0.11770697629770491
1292,[2008. 4. 19. 23. 27. 13.343],24,B0007,60,1293,01293.csv,0.0375204254053658,0.0600731341862481,11,0.0975935595916139
1294,[2008. 4. 20. 1. 8. 11.406],24,B0007,62,1295,01295.csv,0.0416986565608095,0.0720729677827527,12,0.1137716243435622
1296,[2008. 4. 20. 4. 39. 59.296],24,B0007,64,1297,01297.csv,0.0373972713715067,0.0612330724542185,13,0.0986303438257252
1298,[2008. 4. 20. 6. 20. 57.125],24,B0007,66,1299,01299.csv,0.03998676920342,0.073636743638268,14,0.113623512841688
1300,[2008. 4. 20. 10. 1. 46.156],24,B0007,68,1301,01301.csv,0.0359196800988642,0.0605706911170167,15,0.09649037121588089
1302,[2008. 4. 20. 11. 42. 26.062],24,B0007,70,1303,01303.csv,0.0414682491473606,0.0695430380174996,16,0.1110112871648602
1304,[2008. 4. 20. 15. 22. 22.640],24,B0007,72,1305,01305.csv,0.0373857989211497,0.0613173760292053,17,0.098703174950355
1306,[2008. 4. 20. 17. 3. 1.140],24,B0007,74,1307,01307.csv,0.0409105369508414,0.0697381318114343,18,0.1106486687622757
1308,[2008. 4. 20. 20. 35. 56.187],24,B0007,76,1309,01309.csv,0.0378905884196738,0.06032875855026,19,0.0982193469699338
1310,[2008. 4. 20. 22. 16. 35.078],24,B0007,78,1311,01311.csv,0.0400972488595749,0.0728814519781134,20,0.1129787008376883
1312,[2008. 4. 21. 2. 0. 19.968],24,B0007,80,1313,01313.csv,0.0371572295753325,0.061034792696747,21,0.09819202227207949
1314,[2008. 4. 21. 3. 26. 58.453],24,B0007,82,1315,01315.csv,0.0411920195586732,0.0684835665334699,22,0.1096755860921431
1318,[2008. 4. 22. 16. 33. 3.953],24,B0007,86,1319,01319.csv,0.0410566964664513,0.070659971332503,23,0.1117166677989543
1320,[2008. 4. 22. 19. 54. 32.265],24,B0007,88,1321,01321.csv,0.0417594054145559,0.0644560882097745,24,0.1062154936243304
1322,[2008. 4. 22. 21. 24. 34.484],24,B0007,90,1323,01323.csv,0.0411945977368719,0.0702209554283169,25,0.11141555316518881
1324,[2008. 4. 23. 0. 46. 24.921],24,B0007,92,1325,01325.csv,0.0423270479862688,0.0641415094761317,26,0.1064685574624005
1326,[2008. 4. 23. 2. 16. 8.578],24,B0007,94,1327,01327.csv,0.0399687402296661,0.0681247411969717,27,0.1080934814266378
1328,[2008. 4. 23. 5. 46. 32.890],24,B0007,96,1329,01329.csv,0.0396728639829912,0.0633375503455221,28,0.1030104143285133
1330,[2008. 4. 23. 7. 16. 7.671],24,B0007,98,1331,01331.csv,0.0397941078897817,0.0687794553615811,29,0.1085735632513628
1332,[2008. 4. 23. 10. 36. 13.156],24,B0007,100,1333,01333.csv,0.0404653672528573,0.0639722520595072,30,0.1044376193123645
1334,[2008. 4. 23. 12. 5. 30.437],24,B0007,102,1335,01335.csv,0.0409390182419528,0.066752230847743,31,0.1076912490896958
1336,[2008. 4. 23. 15. 34. 37.843],24,B0007,104,1337,01337.csv,0.0408309954459878,0.0629222353152032,32,0.103753230761191
1338,[2008. 4. 23. 17. 3. 55.484],24,B0007,106,1339,01339.csv,0.0410673635657293,0.0662850303940424,33,0.1073523939597717
1340,[2008. 4. 23. 20. 31. 10.750],24,B0007,108,1341,01341.csv,0.0407870122998766,0.0633885849281959,34,0.10417559722807251
1342,[2008. 4. 23. 22. 0. 19.218],24,B0007,110,1343,01343.csv,0.0416617088948181,0.0681635775867941,35,0.1098252864816122
1344,[2008. 4. 24. 1. 19. 46.171],24,B0007,112,1345,01345.csv,0.0398173593963539,0.0644668961248353,36,0.1042842555211892
1346,[2008. 4. 24. 2. 48. 35.687],24,B0007,114,1347,01347.csv,0.040333531003242,0.0655202226224431,37,0.10585375362568511
1348,[2008. 4. 24. 6. 18. 12.171],24,B0007,116,1349,01349.csv,0.0387909877017732,0.0628098792567102,38,0.10160086695848339
1350,[2008. 4. 24. 7. 46. 53.906],24,B0007,118,1351,01351.csv,0.0398003209462579,0.0650132948726055,39,0.10481361581886339
1352,[2008. 4. 24. 11. 17. 36.359],24,B0007,120,1353,01353.csv,0.0413584990216644,0.0640930962913017,40,0.10545159531296609
1354,[2008. 4. 24. 12. 46. 8.171],24,B0007,122,1355,01355.csv,0.0406816138028831,0.0648020284566245,41,0.1054836422595076
1356,[2008. 4. 24. 16. 14. 7.906],24,B0007,124,1357,01357.csv,0.0419881321640878,0.0629074367397784,42,0.1048955689038662
1358,[2008. 4. 24. 17. 42. 40.796],24,B0007,126,1359,01359.csv,0.0406917627667531,0.0640322479984789,43,0.104724010765232
1360,[2008. 4. 24. 21. 6. 22.828],24,B0007,128,1361,01361.csv,0.0410635565050997,0.0618301881415941,44,0.10289374464669379
1362,[2008. 4. 24. 22. 34. 45.921],24,B0007,130,1363,01363.csv,0.0403611204287398,0.0635918173001047,45,0.10395293772884451
1364,[2008. 4. 25. 1. 57. 7.593],24,B0007,132,1365,01365.csv,0.0397095688006817,0.0630831687308314,46,0.1027927375315131
1368,[2008. 4. 25. 21. 0. 31.421],24,B0007,136,1369,01369.csv,0.0472502048042168,0.0727258609104947,47,0.1199760657147115
1370,[2008. 4. 26. 0. 32. 46.968],24,B0007,138,1371,01371.csv,0.0465886984598843,0.0693869640088942,48,0.1159756624687785
1372,[2008. 4. 26. 2. 0. 52.359],24,B0007,140,1373,01373.csv,0.0461653517460827,0.0714051625047609,49,0.1175705142508436
1374,[2008. 4. 26. 5. 25. 46.234],24,B0007,142,1375,01375.csv,0.0450589668472443,0.0692805173920436,50,0.11433948423928791
1376,[2008. 4. 26. 6. 53. 34.171],24,B0007,144,1377,01377.csv,0.0458839732229062,0.0692600719668959,51,0.1151440451898021
1378,[2008. 4. 26. 10. 26. 36.718],24,B0007,146,1379,01379.csv,0.0458138476522787,0.0696653302556868,52,0.1154791779079655
1382,[2008. 4. 29. 13. 12. 54.375],24,B0007,150,1383,01383.csv,0.0492214577894399,0.0713426382157518,53,0.1205640960051917
1384,[2008. 4. 29. 16. 33. 38.281],24,B0007,152,1385,01385.csv,0.0488865538215203,0.0696851437062246,54,0.11857169752774491
1386,[2008. 4. 29. 18. 2. 21.296],24,B0007,154,1387,01387.csv,0.0483951365393567,0.0713515950419545,55,0.1197467315813112
1388,[2008. 4. 29. 21. 28. 15.140],24,B0007,156,1389,01389.csv,0.0480552218263486,0.0698864194438785,56,0.1179416412702271
1390,[2008. 4. 29. 22. 56. 30.656],24,B0007,158,1391,01391.csv,0.0488006065070867,0.0705515825581293,57,0.119352189065216
1392,[2008. 4. 30. 2. 12. 5.609],24,B0007,160,1393,01393.csv,0.047509200748586,0.0703725401221073,58,0.1178817408706933
1394,[2008. 4. 30. 3. 40. 3.390],24,B0007,162,1395,01395.csv,0.0477710078046238,0.0707118257849502,59,0.118482833589574
1396,[2008. 4. 30. 7. 9. 52.656],24,B0007,164,1397,01397.csv,0.0481799142983664,0.0704800798689803,60,0.11865999416734671
1398,[2008. 4. 30. 8. 37. 42.406],24,B0007,166,1399,01399.csv,0.0480709471642284,0.0716849617062179,61,0.11975590887044629
1400,[2008. 4. 30. 11. 56. 59.203],24,B0007,168,1401,01401.csv,0.0485324073582465,0.0703495236965677,62,0.1188819310548142
1402,[2008. 4. 30. 13. 24. 39.734],24,B0007,170,1403,01403.csv,0.0481292571231776,0.071036228996812,63,0.1191654861199896
1404,[2008. 4. 30. 16. 48. 25.875],24,B0007,172,1405,01405.csv,0.0497462553640585,0.0709596027580753,64,0.1207058581221338
1406,[2008. 4. 30. 18. 16. 7.250],24,B0007,174,1407,01407.csv,0.0490535009286065,0.0716505512430741,65,0.12070405217168059
1408,[2008. 4. 30. 21. 43. 3.656],24,B0007,176,1409,01409.csv,0.0498936282124914,0.0698875047977575,66,0.1197811330102489
1410,[2008. 4. 30. 23. 10. 36.859],24,B0007,178,1411,01411.csv,0.0477138508673141,0.0710486101468807,67,0.1187624610141948
1412,[2008. 5. 1. 2. 43. 42.562],24,B0007,180,1413,01413.csv,0.0476209330618886,0.0695963747092475,68,0.11721730777113609
1414,[2008. 5. 1. 4. 11. 7.078],24,B0007,182,1415,01415.csv,0.0479939825459855,0.0715534002029716,69,0.1195473827489571
1416,[2008. 5. 1. 7. 44. 12.656],24,B0007,184,1417,01417.csv,0.0464799621281034,0.0710980516940997,70,0.1175780138222031
1418,[2008. 5. 1. 9. 11. 27.593],24,B0007,186,1419,01419.csv,0.047438380107813,0.0701160181523954,71,0.1175543982602084
1420,[2008. 5. 1. 12. 42. 34.015],24,B0007,188,1421,01421.csv,0.047969250311316,0.0708925113800405,72,0.11886176169135651
1422,[2008. 5. 1. 14. 9. 50.640],24,B0007,190,1423,01423.csv,0.0489922206676411,0.0704081490005847,73,0.1194003696682258
1424,[2008. 5. 1. 17. 39. 20.015],24,B0007,192,1425,01425.csv,0.048225418155885,0.0709769157630702,74,0.11920233391895521
1426,[2008. 5. 1. 19. 6. 26.859],24,B0007,194,1427,01427.csv,0.048214700566631,0.0696168720375489,75,0.1178315726041799
1428,[2008. 5. 1. 22. 38. 24.062],24,B0007,196,1429,01429.csv,0.0490895503628693,0.0702287371303744,76,0.1193182874932437
1430,[2008. 5. 2. 0. 5. 31.015],24,B0007,198,1431,01431.csv,0.0479129725184779,0.0694812017142837,77,0.11739417423276159
1432,[2008. 5. 2. 3. 21. 43.218],24,B0007,200,1433,01433.csv,0.0488174139240195,0.0718940740392593,78,0.1207114879632788
1434,[2008. 5. 2. 4. 48. 33.343],24,B0007,202,1435,01435.csv,0.0476104078872702,0.0703612147830665,79,0.1179716226703367
1436,[2008. 5. 2. 8. 12. 49.328],24,B0007,204,1437,01437.csv,0.0488921950725171,0.0701260512880205,80,0.11901824636053761
1438,[2008. 5. 2. 9. 39. 40.343],24,B0007,206,1439,01439.csv,0.0483472377139637,0.0702995301403617,81,0.1186467678543254
1440,[2008. 5. 2. 13. 11. 13.468],24,B0007,208,1441,01441.csv,0.0474232187307728,0.0690776187517649,82,0.1165008374825377
1442,[2008. 5. 2. 14. 37. 55.109],24,B0007,210,1443,01443.csv,0.050111225517516,0.0696007325489996,83,0.11971195806651559
1444,[2008. 5. 2. 18. 11. 3.593],24,B0007,212,1445,01445.csv,0.0484604377549353,0.0708375336017697,84,0.119297971356705
1448,[2008. 5. 3. 0. 18. 59.734],24,B0007,216,1449,01449.csv,0.0487452841684927,0.0724894748097682,85,0.12123475897826089
1450,[2008. 5. 3. 3. 41. 16.453],24,B0007,218,1451,01451.csv,0.0489092204596219,0.0722437532116874,86,0.1211529736713093
1452,[2008. 5. 3. 5. 7. 41.812],24,B0007,220,1453,01453.csv,0.0483480142935397,0.0700722799185243,87,0.118420294212064
1454,[2008. 5. 3. 8. 38. 27.484],24,B0007,222,1455,01455.csv,0.0504934152804281,0.0714779278737494,88,0.1219713431541775
1456,[2008. 5. 3. 10. 4. 43.296],24,B0007,224,1457,01457.csv,0.047906145513856,0.0707665668724531,89,0.1186727123863091
1458,[2008. 5. 3. 13. 32. 41.671],24,B0007,226,1459,01459.csv,0.049653807534869,0.0728151127537102,90,0.1224689202885792
1460,[2008. 5. 3. 14. 58. 49.093],24,B0007,228,1461,01461.csv,0.0481563125260732,0.0703148767120616,91,0.1184711892381348
1462,[2008. 5. 3. 18. 26. 20.765],24,B0007,230,1463,01463.csv,0.0498046985694802,0.0718369324871002,92,0.12164163105658041
1464,[2008. 5. 3. 19. 52. 28.578],24,B0007,232,1465,01465.csv,0.0487186652725049,0.0707311077896032,93,0.1194497730621081
1466,[2008. 5. 3. 23. 10. 37.250],24,B0007,234,1467,01467.csv,0.0496014214354859,0.0721211408379768,94,0.1217225622734627
1468,[2008. 5. 4. 0. 36. 36.703],24,B0007,236,1469,01469.csv,0.048309781824428,0.0706408498653417,95,0.11895063168976971
1470,[2008. 5. 4. 4. 9. 47.078],24,B0007,238,1471,01471.csv,0.0493328695126367,0.0726378441172666,96,0.1219707136299033
1472,[2008. 5. 4. 5. 35. 36.578],24,B0007,240,1473,01473.csv,0.0480220070348009,0.0710763415101089,97,0.1190983485449098
1474,[2008. 5. 4. 9. 8. 18.734],24,B0007,242,1475,01475.csv,0.0482451502855609,0.0734441725850627,98,0.12168932287062359
1476,[2008. 5. 4. 10. 34. 8.906],24,B0007,244,1477,01477.csv,0.048878563968151,0.0706797960562365,99,0.1195583600243875
1478,[2008. 5. 4. 14. 6. 20.031],24,B0007,246,1479,01479.csv,0.0500151286165607,0.0738193663609285,100,0.1238344949774892
1480,[2008. 5. 4. 15. 32. 1.953],24,B0007,248,1481,01481.csv,0.0491244370606033,0.070042530900151,101,0.1191669679607543
1482,[2008. 5. 4. 19. 5. 14.343],24,B0007,250,1483,01483.csv,0.047456705587096,0.0725560099161744,102,0.1200127155032704
1484,[2008. 5. 4. 20. 30. 47.687],24,B0007,252,1485,01485.csv,0.0489371333036464,0.071098768091492,103,0.1200359013951384
1486,[2008. 5. 5. 0. 4. 0.250],24,B0007,254,1487,01487.csv,0.048886406569936,0.0728986838603586,104,0.12178509043029459
1488,[2008. 5. 5. 1. 29. 24.203],24,B0007,256,1489,01489.csv,0.0491110387604941,0.0714756017400644,105,0.1205866405005585
1490,[2008. 5. 5. 4. 56. 20.000],24,B0007,258,1491,01491.csv,0.0490424047891537,0.072023713051489,106,0.1210661178406427
1492,[2008. 5. 5. 6. 21. 44.546],24,B0007,260,1493,01493.csv,0.0503015132204269,0.0738201172845798,107,0.12412163050500669
1494,[2008. 5. 5. 9. 54. 58.250],24,B0007,262,1495,01495.csv,0.0486198173689242,0.0722347055628345,108,0.12085452293175869
1498,[2008. 5. 5. 21. 33. 38.390],24,B0007,266,1499,01499.csv,0.0485859081670254,0.0722341242162264,109,0.12082003238325179
1500,[2008. 5. 6. 1. 6. 52.015],24,B0007,268,1501,01501.csv,0.0483073918075697,0.0744961098767474,110,0.1228035016843171
1502,[2008. 5. 6. 2. 31. 59.093],24,B0007,270,1503,01503.csv,0.0487685878222628,0.0706456754383079,111,0.1194142632605707
1504,[2008. 5. 6. 6. 5. 11.921],24,B0007,272,1505,01505.csv,0.0480771408936205,0.0740377027178474,112,0.1221148436114679
1506,[2008. 5. 6. 7. 30. 10.578],24,B0007,274,1507,01507.csv,0.0481241927986344,0.0721894922275553,113,0.12031368502618969
1508,[2008. 5. 6. 10. 53. 26.531],24,B0007,276,1509,01509.csv,0.0488972024305583,0.0719367446163898,114,0.1208339470469481
1510,[2008. 5. 6. 12. 18. 26.171],24,B0007,278,1511,01511.csv,0.0482876877255574,0.0711931915352938,115,0.1194808792608512
1512,[2008. 5. 6. 15. 51. 41.546],24,B0007,280,1513,01513.csv,0.0506051927379808,0.0740047112077274,116,0.1246099039457082
1514,[2008. 5. 6. 17. 16. 40.109],24,B0007,282,1515,01515.csv,0.0518898593763007,0.0733796878512872,117,0.1252695472275879
1516,[2008. 5. 6. 20. 49. 54.421],24,B0007,284,1517,01517.csv,0.0551322750889738,0.074631884295366,118,0.1297641593843398
1518,[2008. 5. 6. 22. 14. 45.453],24,B0007,286,1519,01519.csv,0.0531481076550764,0.0741978591919722,119,0.1273459668470486
1520,[2008. 5. 7. 1. 45. 30.125],24,B0007,288,1521,01521.csv,0.0521223870633006,0.0753033577103886,120,0.1274257447736892
1522,[2008. 5. 7. 3. 10. 20.671],24,B0007,290,1523,01523.csv,0.0518867434757277,0.0733168121551398,121,0.1252035556308675
1524,[2008. 5. 7. 6. 32. 6.906],24,B0007,292,1525,01525.csv,0.0507757180756749,0.0749637852079893,122,0.1257395032836642
1526,[2008. 5. 7. 7. 56. 39.250],24,B0007,294,1527,01527.csv,0.0512788002028633,0.0741340462939485,123,0.1254128464968118
1528,[2008. 5. 7. 11. 29. 54.546],24,B0007,296,1529,01529.csv,0.0512672493033793,0.07541159661766,124,0.1266788459210393
1530,[2008. 5. 7. 12. 54. 18.250],24,B0007,298,1531,01531.csv,0.0516207478491927,0.0745676068670433,125,0.12618835471623602
1532,[2008. 5. 7. 16. 27. 34.437],24,B0007,300,1533,01533.csv,0.0513556785028954,0.0749649652243977,126,0.1263206437272931
1534,[2008. 5. 7. 17. 51. 59.125],24,B0007,302,1535,01535.csv,0.0521877395575844,0.0730264613396324,127,0.1252142008972168
1536,[2008. 5. 7. 21. 24. 14.000],24,B0007,304,1537,01537.csv,0.0519489574586029,0.0746990678040035,128,0.1266480252626064
1538,[2008. 5. 7. 22. 48. 38.750],24,B0007,306,1539,01539.csv,0.0513235461920233,0.073940565074064,129,0.1252641112660873
1540,[2008. 5. 8. 2. 21. 54.109],24,B0007,308,1541,01541.csv,0.0512866747765454,0.0753948401341443,130,0.12668151491068969
1542,[2008. 5. 8. 3. 46. 9.968],24,B0007,310,1543,01543.csv,0.0528418570265627,0.0738580654603152,131,0.1266999224868779
1543,[2008. 5. 9. 11. 53. 10.593],24,B0007,311,1544,01544.csv,0.0550281379445186,0.0770592019906943,132,0.1320873399352129
1545,[2008. 5. 9. 13. 19. 35.703],24,B0007,313,1546,01546.csv,0.0552726615718286,0.0766648164177507,133,0.1319374779895793
1548,[2008. 5. 9. 21. 21. 3.765],24,B0007,316,1549,01549.csv,0.0537841305082546,0.0763070468277562,134,0.1300911773360108
1550,[2008. 5. 10. 0. 49. 59.984],24,B0007,318,1551,01551.csv,0.0532410231168491,0.0755833501431638,135,0.1288243732600129
1552,[2008. 5. 10. 2. 14. 42.109],24,B0007,320,1553,01553.csv,0.054786505076222,0.0774319117266334,136,0.1322184168028554
1554,[2008. 5. 10. 5. 46. 15.296],24,B0007,322,1555,01555.csv,0.0527346999149458,0.0757426277404382,137,0.128477327655384
1556,[2008. 5. 10. 7. 10. 49.593],24,B0007,324,1557,01557.csv,0.0542768997747927,0.0751712563710375,138,0.1294481561458302
1558,[2008. 5. 10. 10. 44. 7.859],24,B0007,326,1559,01559.csv,0.0541016697661152,0.0760586204874903,139,0.1301602902536055
1560,[2008. 5. 10. 12. 8. 32.875],24,B0007,328,1561,01561.csv,0.0533555509438558,0.0762419970182761,140,0.1295975479621319
1562,[2008. 5. 10. 15. 39. 59.140],24,B0007,330,1563,01563.csv,0.0533794376190377,0.0768769249386572,141,0.1302563625576949
1564,[2008. 5. 10. 17. 4. 16.015],24,B0007,332,1565,01565.csv,0.0551851247135877,0.0767334331584221,142,0.1319185578720098
1566,[2008. 5. 10. 20. 35. 57.437],24,B0007,334,1567,01567.csv,0.0552376704500517,0.078843810663738,143,0.1340814811137897
1568,[2008. 5. 10. 22. 0. 5.781],24,B0007,336,1569,01569.csv,0.053994133680981,0.077739885630552,144,0.131734019311533
1570,[2008. 5. 11. 1. 33. 24.437],24,B0007,338,1571,01571.csv,0.0544393382809305,0.0778542051961001,145,0.1322935434770306
1572,[2008. 5. 11. 2. 57. 32.984],24,B0007,340,1573,01573.csv,0.0551093773472507,0.0762306983262205,146,0.1313400756734712
1574,[2008. 5. 11. 6. 23. 30.250],24,B0007,342,1575,01575.csv,0.0540548756909633,0.0782110561479581,147,0.1322659318389214
1576,[2008. 5. 11. 7. 47. 30.468],24,B0007,344,1577,01577.csv,0.0547907019243256,0.0771316593546729,148,0.13192236127899848
1578,[2008. 5. 11. 11. 20. 49.578],24,B0007,346,1579,01579.csv,0.0533532265941854,0.0781986731221035,149,0.1315518997162889
1580,[2008. 5. 11. 12. 44. 40.703],24,B0007,348,1581,01581.csv,0.0537285030197626,0.0761267460464507,150,0.1298552490662133
1582,[2008. 5. 11. 16. 18. 0.812],24,B0007,350,1583,01583.csv,0.0535477968915447,0.0779984052656677,151,0.1315462021572124
1584,[2008. 5. 11. 17. 41. 53.265],24,B0007,352,1585,01585.csv,0.053428804378186,0.0747539658712587,152,0.1281827702494447
1586,[2008. 5. 11. 21. 15. 14.843],24,B0007,354,1587,01587.csv,0.0542963108919572,0.0775560564519399,153,0.1318523673438971
1588,[2008. 5. 11. 22. 38. 57.843],24,B0007,356,1589,01589.csv,0.0546618423629141,0.0784601585037002,154,0.1331220008666143
1590,[2008. 5. 12. 2. 5. 0.703],24,B0007,358,1591,01591.csv,0.0541405078463834,0.0784910399188112,155,0.1326315477651946
1592,[2008. 5. 12. 3. 28. 34.484],24,B0007,360,1593,01593.csv,0.0538824016389402,0.0774785569851945,156,0.13136095862413472
1594,[2008. 5. 12. 12. 24. 36.453],24,B0007,362,1595,01595.csv,0.0549773618536978,0.0786387336039181,157,0.1336160954576159
1596,[2008. 5. 12. 13. 48. 19.890],24,B0007,364,1597,01597.csv,0.0542761639397116,0.0753777591799645,158,0.1296539231196761
1599,[2008. 5. 12. 19. 51. 52.953],24,B0007,367,1600,01600.csv,0.0537747496386631,0.0761630925523921,159,0.1299378421910552
1601,[2008. 5. 12. 23. 21. 19.078],24,B0007,369,1602,01602.csv,0.0545239781573175,0.0781727897082057,160,0.1326967678655232
1603,[2008. 5. 13. 0. 44. 53.250],24,B0007,371,1604,01604.csv,0.0531805398246686,0.0754621409490807,161,0.1286426807737493
1605,[2008. 5. 13. 4. 3. 26.640],24,B0007,373,1606,01606.csv,0.054412387703306,0.07816806645061,162,0.132580454153916
1607,[2008. 5. 13. 5. 26. 51.781],24,B0007,375,1608,01608.csv,0.0540951897193372,0.0768436319617484,163,0.13093882168108562
1609,[2008. 5. 13. 8. 52. 5.890],24,B0007,377,1610,01610.csv,0.0545121920585528,0.0765105461461317,164,0.13102273820468452
1611,[2008. 5. 13. 10. 15. 2.906],24,B0007,379,1612,01612.csv,0.056164422063534,0.0776993246313987,165,0.1338637466949327
1613,[2008. 5. 13. 13. 48. 25.875],24,B0007,381,1614,01614.csv,0.0523519115520944,0.0772564945442686,166,0.12960840609636298
1615,[2008. 5. 13. 15. 11. 42.234],24,B0007,383,1616,01616.csv,0.0556167229549265,0.0757081604993204,167,0.1313248834542469
1617,[2008. 5. 13. 18. 32. 21.281],24,B0007,385,1618,01618.csv,0.0555827698471621,0.0772347715207363,168,0.1328175413678984
1619,[2008. 5. 13. 19. 55. 29.859],24,B0007,387,1620,01620.csv,0.0548933155784267,0.0784417847890159,169,0.1333351003674426
1621,[2008. 5. 13. 23. 27. 26.625],24,B0007,389,1622,01622.csv,0.0547408930047106,0.0790184155558609,170,0.1337593085605715
1623,[2008. 5. 14. 0. 50. 35.390],24,B0007,391,1624,01624.csv,0.0555997570416181,0.0762345379961697,171,0.1318342950377878
1625,[2008. 5. 14. 4. 23. 57.968],24,B0007,393,1626,01626.csv,0.0552372334380582,0.0799393133533925,172,0.1351765467914507
1627,[2008. 5. 14. 5. 46. 58.078],24,B0007,395,1628,01628.csv,0.0539627424356097,0.0786888902895457,173,0.1326516327251554
1629,[2008. 5. 14. 9. 20. 22.000],24,B0007,397,1630,01630.csv,0.0572653476857599,0.0794231222611038,174,0.1366884699468637
1631,[2008. 5. 14. 10. 43. 12.953],24,B0007,399,1632,01632.csv,0.0541146320474673,0.0761296091760724,175,0.1302442412235397
1633,[2008. 5. 14. 14. 3. 22.750],24,B0007,401,1634,01634.csv,0.0510706479505143,0.0787648472687548,176,0.1298354952192691
1635,[2008. 5. 14. 15. 26. 13.546],24,B0007,403,1636,01636.csv,0.0524530525571906,0.0783688834242764,177,0.13082193598146702
1637,[2008. 5. 14. 18. 59. 38.890],24,B0007,405,1638,01638.csv,0.0550885787313233,0.0780670117184084,178,0.1331555904497317
1639,[2008. 5. 14. 20. 22. 30.640],24,B0007,407,1640,01640.csv,0.0532910297992707,0.0777418007833103,179,0.131032830582581
1641,[2008. 5. 14. 23. 55. 55.406],24,B0007,409,1642,01642.csv,0.0557785741854704,0.0782426980033324,180,0.1340212721888028
1643,[2008. 5. 15. 1. 18. 37.890],24,B0007,411,1644,01644.csv,0.0537426795031457,0.0776703060033402,181,0.1314129855064859
1645,[2008. 5. 15. 4. 52. 4.609],24,B0007,413,1646,01646.csv,0.0584547930925319,0.0780883773855803,182,0.1365431704781122
1647,[2008. 5. 15. 6. 14. 38.093],24,B0007,415,1648,01648.csv,0.0546448939422686,0.0782004939640973,183,0.1328453879063659
1649,[2008. 5. 15. 9. 48. 3.453],24,B0007,417,1650,01650.csv,0.0548728983507364,0.0811431379239443,184,0.1360160362746807
1651,[2008. 5. 15. 11. 10. 28.328],24,B0007,419,1652,01652.csv,0.0582841929872629,0.0784462296244575,185,0.13673042261172041
1653,[2008. 5. 15. 14. 38. 58.781],24,B0007,421,1654,01654.csv,0.0568991758337347,0.0788722076648629,186,0.1357713834985976
1655,[2008. 5. 15. 16. 1. 23.390],24,B0007,423,1656,01656.csv,0.0542898771209998,0.077971810269146,187,0.1322616873901458
1657,[2008. 5. 15. 19. 24. 46.593],24,B0007,425,1658,01658.csv,0.0557428509591016,0.0800568561357903,188,0.13579970709489192
1659,[2008. 5. 15. 20. 47. 12.406],24,B0007,427,1660,01660.csv,0.0567656318329072,0.0783665633777987,189,0.1351321952107059
1661,[2008. 5. 16. 0. 9. 33.937],24,B0007,429,1662,01662.csv,0.0544643480227725,0.0779198353747232,190,0.1323841833974957
1665,[2008. 5. 16. 22. 28. 31.078],24,B0007,433,1666,01666.csv,0.0596812082051438,0.0795149362821227,191,0.1391961444872665
1667,[2008. 5. 17. 2. 0. 12.656],24,B0007,435,1668,01668.csv,0.0560425836713211,0.0799132720597221,192,0.13595585573104318
1669,[2008. 5. 17. 3. 22. 47.796],24,B0007,437,1670,01670.csv,0.057541452922451,0.0814912780220327,193,0.1390327309444837
1671,[2008. 5. 17. 6. 53. 18.328],24,B0007,439,1672,01672.csv,0.0571969796717012,0.0818531945758062,194,0.1390501742475074
1673,[2008. 5. 17. 8. 15. 45.265],24,B0007,441,1674,01674.csv,0.0569068249592496,0.0800043038139232,195,0.1369111287731728
1675,[2008. 5. 17. 11. 49. 14.296],24,B0007,443,1676,01676.csv,0.0553395402900145,0.0808666905560647,196,0.1362062308460792
1677,[2008. 5. 17. 13. 11. 30.687],24,B0007,445,1678,01678.csv,0.0567026821439164,0.0812775892034121,197,0.1379802713473285
1679,[2008. 5. 17. 16. 43. 35.437],24,B0007,447,1680,01680.csv,0.057050602535577,0.081538403561654,198,0.138589006097231
1681,[2008. 5. 17. 18. 5. 53.796],24,B0007,449,1682,01682.csv,0.0575350540153687,0.0771307754242999,199,0.1346658294396686
1683,[2008. 5. 17. 21. 38. 49.296],24,B0007,451,1684,01684.csv,0.0577616170406075,0.0820660023586674,200,0.1398276193992749
1685,[2008. 5. 17. 23. 0. 48.453],24,B0007,453,1686,01686.csv,0.0576869489078101,0.0802208836257335,201,0.1379078325335436
1687,[2008. 5. 18. 2. 33. 17.109],24,B0007,455,1688,01688.csv,0.0575854885358439,0.0829334777035948,202,0.14051896623943871
1689,[2008. 5. 18. 3. 55. 17.546],24,B0007,457,1690,01690.csv,0.0577034778846689,0.0812692583488516,203,0.1389727362335205
1691,[2008. 5. 18. 7. 28. 48.000],24,B0007,459,1692,01692.csv,0.0567066634864918,0.0826880652178822,204,0.139394728704374
1693,[2008. 5. 18. 8. 50. 48.718],24,B0007,461,1694,01694.csv,0.0572315559529829,0.0826950250965445,205,0.1399265810495274
1695,[2008. 5. 18. 12. 12. 46.000],24,B0007,463,1696,01696.csv,0.0587157190858806,0.0829417400304377,206,0.1416574591163183
1697,[2008. 5. 18. 13. 34. 37.281],24,B0007,465,1698,01698.csv,0.0578608501326491,0.0807956240841583,207,0.1386564742168074
1699,[2008. 5. 18. 17. 4. 27.234],24,B0007,467,1700,01700.csv,0.0571097513991468,0.0823903452866173,208,0.1395000966857641
1701,[2008. 5. 18. 18. 26. 10.015],24,B0007,469,1702,01702.csv,0.0575111401549391,0.0818285540818517,209,0.1393396942367908
1703,[2008. 5. 18. 21. 59. 40.796],24,B0007,471,1704,01704.csv,0.057017768907922,0.0816566640960627,210,0.1386744330039847
1705,[2008. 5. 18. 23. 21. 28.437],24,B0007,473,1706,01706.csv,0.0581808102875489,0.0824870608893921,211,0.14066787117694102
1707,[2008. 5. 19. 2. 55. 2.843],24,B0007,475,1708,01708.csv,0.0577146867420723,0.0839742832388461,212,0.1416889699809184
1709,[2008. 5. 19. 4. 16. 50.453],24,B0007,477,1710,01710.csv,0.0575543418900088,0.0821982911537954,213,0.1397526330438042
1711,[2008. 5. 19. 7. 49. 12.843],24,B0007,479,1712,01712.csv,0.0568683507839505,0.083735413702951,214,0.14060376448690148
1717,[2008. 5. 20. 2. 6. 32.234],24,B0007,485,1718,01718.csv,0.0600951025245409,0.0795802594270129,215,0.1396753619515538
1719,[2008. 5. 20. 5. 40. 3.000],24,B0007,487,1720,01720.csv,0.0546567857524269,0.0819690564666934,216,0.1366258422191203
1721,[2008. 5. 20. 7. 1. 47.390],24,B0007,489,1722,01722.csv,0.0560093930698341,0.0823836843859126,217,0.1383930774557467
1723,[2008. 5. 20. 10. 35. 19.875],24,B0007,491,1724,01724.csv,0.0585539628869158,0.0817127037862085,218,0.1402666666731243
1725,[2008. 5. 20. 11. 56. 55.343],24,B0007,493,1726,01726.csv,0.0571692714551721,0.0822038369997168,219,0.1393731084548889
1727,[2008. 5. 20. 15. 25. 23.625],24,B0007,495,1728,01728.csv,0.0582798533828209,0.0828220199551595,220,0.1411018733379804
1729,[2008. 5. 20. 16. 46. 59.765],24,B0007,497,1730,01730.csv,0.0639148743907351,0.0873043067219208,221,0.1512191811126559
1731,[2008. 5. 20. 20. 18. 35.187],24,B0007,499,1732,01732.csv,0.0655433340131684,0.0871263036916229,222,0.1526696377047913
1733,[2008. 5. 20. 21. 40. 11.843],24,B0007,501,1734,01734.csv,0.0630590914927044,0.0857356197510925,223,0.1487947112437969
1735,[2008. 5. 21. 1. 7. 35.140],24,B0007,503,1736,01736.csv,0.0634370910506511,0.0896123973508008,224,0.15304948840145188
1737,[2008. 5. 21. 2. 29. 2.656],24,B0007,505,1738,01738.csv,0.0646492476769399,0.0895618336923886,225,0.15421108136932848
1739,[2008. 5. 21. 5. 52. 23.000],24,B0007,507,1740,01740.csv,0.064090710272644,0.0892312868292601,226,0.15332199710190408
1741,[2008. 5. 21. 7. 13. 41.250],24,B0007,509,1742,01742.csv,0.0634189750998401,0.0879807057378254,227,0.1513996808376655
1743,[2008. 5. 21. 10. 46. 1.953],24,B0007,511,1744,01744.csv,0.0649449108692077,0.0882787478820197,228,0.1532236587512274
1745,[2008. 5. 21. 12. 7. 20.984],24,B0007,513,1746,01746.csv,0.0640465949912654,0.0896925559905326,229,0.153739150981798
1747,[2008. 5. 21. 15. 38. 16.546],24,B0007,515,1748,01748.csv,0.0630912231503855,0.0906646821085215,230,0.15375590525890698
1749,[2008. 5. 21. 16. 59. 36.140],24,B0007,517,1750,01750.csv,0.0643512757333224,0.0873367323213312,231,0.1516880080546536
1751,[2008. 5. 21. 20. 30. 5.343],24,B0007,519,1752,01752.csv,0.0635675339735441,0.0903675648803086,232,0.1539350988538527
1753,[2008. 5. 21. 21. 51. 16.781],24,B0007,521,1754,01754.csv,0.065919483828726,0.0885064843178298,233,0.1544259681465558
1755,[2008. 5. 22. 1. 10. 54.593],24,B0007,523,1756,01756.csv,0.0635429724086598,0.0899370098322776,234,0.1534799822409374
1757,[2008. 5. 22. 2. 32. 6.250],24,B0007,525,1758,01758.csv,0.0649977419450826,0.0891883981719938,235,0.15418614011707638
1759,[2008. 5. 22. 6. 0. 35.953],24,B0007,527,1760,01760.csv,0.0636275782678698,0.0924495924555913,236,0.1560771707234611
1761,[2008. 5. 22. 7. 21. 37.921],24,B0007,529,1762,01762.csv,0.0659153562053605,0.0888195991992062,237,0.15473495540456672
1763,[2008. 5. 22. 10. 51. 17.265],24,B0007,531,1764,01764.csv,0.0659014874038333,0.090032670921428,238,0.1559341583252613
1765,[2008. 5. 22. 12. 12. 19.453],24,B0007,533,1766,01766.csv,0.0651426704589082,0.0899984549872605,239,0.1551411254461687
1767,[2008. 5. 22. 15. 45. 53.515],24,B0007,535,1768,01768.csv,0.0643487177606421,0.092833768730939,240,0.15718248649158112
1769,[2008. 5. 22. 17. 6. 57.515],24,B0007,537,1770,01770.csv,0.0651818373818034,0.0908390534676064,241,0.1560208908494098
1771,[2008. 5. 22. 20. 27. 44.765],24,B0007,539,1772,01772.csv,0.0647690231569202,0.0912199045869158,242,0.155988927743836
1773,[2008. 5. 22. 21. 48. 39.015],24,B0007,541,1774,01774.csv,0.063543167392366,0.0885277806882068,243,0.1520709480805728
1775,[2008. 5. 23. 11. 41. 10.187],24,B0007,543,1776,01776.csv,0.0635306909323588,0.0911672550374616,244,0.1546979459698204
1777,[2008. 5. 23. 13. 2. 15.484],24,B0007,545,1778,01778.csv,0.0642248117674788,0.087404820535234,245,0.1516296323027128
1780,[2008. 5. 23. 21. 3. 54.921],24,B0007,548,1781,01781.csv,0.064159122570079,0.0903288384983189,246,0.1544879610683979
1782,[2008. 5. 24. 0. 37. 15.656],24,B0007,550,1783,01783.csv,0.0664364247968927,0.0867162456940854,247,0.15315267049097808
1784,[2008. 5. 24. 1. 58. 28.718],24,B0007,552,1785,01785.csv,0.0634542700643541,0.0876873614624684,248,0.1511416315268225
1786,[2008. 5. 24. 5. 28. 14.078],24,B0007,554,1787,01787.csv,0.0632981159900529,0.0883740485896972,249,0.1516721645797501
1788,[2008. 5. 24. 6. 49. 19.062],24,B0007,556,1789,01789.csv,0.0629193439633048,0.0858239497689485,250,0.1487432937322533
1790,[2008. 5. 24. 10. 10. 44.312],24,B0007,558,1791,01791.csv,0.0614560121489692,0.0888955702865366,251,0.15035158243550578
1792,[2008. 5. 24. 11. 31. 49.718],24,B0007,560,1793,01793.csv,0.0623784921316839,0.0872119186682282,252,0.1495904107999121
1794,[2008. 5. 24. 14. 59. 4.171],24,B0007,562,1795,01795.csv,0.0638237541245271,0.0901737804549904,253,0.15399753457951748
1796,[2008. 5. 24. 16. 20. 1.515],24,B0007,564,1797,01797.csv,0.0627573323918359,0.0897460999423513,254,0.1525034323341872
1798,[2008. 5. 24. 19. 49. 7.109],24,B0007,566,1799,01799.csv,0.0645467994623144,0.090247979907766,255,0.1547947793700804
1800,[2008. 5. 24. 21. 10. 4.265],24,B0007,568,1801,01801.csv,0.0639348747828076,0.0889222460552442,256,0.1528571208380518
1802,[2008. 5. 25. 0. 34. 43.140],24,B0007,570,1803,01803.csv,0.062496919860526,0.0911554578467061,257,0.1536523777072321
1804,[2008. 5. 25. 1. 55. 30.531],24,B0007,572,1805,01805.csv,0.062650916165869,0.0880368886324022,258,0.1506878047982712
1806,[2008. 5. 25. 5. 25. 11.093],24,B0007,574,1807,01807.csv,0.0633478734450752,0.0917263788119531,259,0.1550742522570283
1808,[2008. 5. 25. 6. 45. 59.203],24,B0007,576,1809,01809.csv,0.0657930247569073,0.0902509933428324,260,0.15604401809973972
1810,[2008. 5. 25. 10. 19. 30.093],24,B0007,578,1811,01811.csv,0.0672937953995353,0.0887764223987608,261,0.1560702177982961
1812,[2008. 5. 25. 11. 40. 9.609],24,B0007,580,1813,01813.csv,0.0643096731968704,0.0909389277271506,262,0.155248600924021
1814,[2008. 5. 25. 15. 5. 1.687],24,B0007,582,1815,01815.csv,0.0657954604671003,0.0891371873470344,263,0.15493264781413468
1816,[2008. 5. 25. 16. 25. 42.250],24,B0007,584,1817,01817.csv,0.0643176054267762,0.0896505163929506,264,0.1539681218197268
1818,[2008. 5. 25. 19. 50. 54.953],24,B0007,586,1819,01819.csv,0.067069037133108,0.0893174652975898,265,0.1563865024306978
1820,[2008. 5. 25. 21. 11. 31.515],24,B0007,588,1821,01821.csv,0.0626477557652421,0.0906276403375599,266,0.153275396102802
1822,[2008. 5. 26. 0. 40. 52.859],24,B0007,590,1823,01823.csv,0.0649094288936879,0.0907572748025285,267,0.1556667036962164
1824,[2008. 5. 26. 2. 1. 29.328],24,B0007,592,1825,01825.csv,0.0640990437553907,0.0904889207507275,268,0.1545879645061182
1826,[2008. 5. 26. 5. 28. 58.109],24,B0007,594,1827,01827.csv,0.0646846710686828,0.0912602372721357,269,0.15594490834081848
1828,[2008. 5. 26. 6. 49. 35.046],24,B0007,596,1829,01829.csv,0.0626376818009436,0.0889708433613751,270,0.1516085251623187
1830,[2008. 5. 26. 10. 12. 28.125],24,B0007,598,1831,01831.csv,0.0647660744068118,0.0933150676288513,271,0.1580811420356631
1832,[2008. 5. 26. 11. 32. 56.968],24,B0007,600,1833,01833.csv,0.0646107559934845,0.0901946599299206,272,0.15480541592340508
1834,[2008. 5. 26. 14. 58. 33.218],24,B0007,602,1835,01835.csv,0.064686462874031,0.0935717748030131,273,0.1582582376770441
1836,[2008. 5. 26. 16. 19. 2.828],24,B0007,604,1837,01837.csv,0.0649206676495124,0.0895549602057438,274,0.1544756278552562
1838,[2008. 5. 26. 19. 48. 54.421],24,B0007,606,1839,01839.csv,0.0649252658383731,0.0913267326241943,275,0.1562519984625674
1840,[2008. 5. 26. 21. 9. 22.890],24,B0007,608,1841,01841.csv,0.0646635360383694,0.0919880772013069,276,0.1566516132396763
1842,[2008. 5. 27. 0. 27. 55.562],24,B0007,610,1843,01843.csv,0.0624252821602371,0.0898121432394471,277,0.1522374253996842
1846,[2008. 5. 27. 21. 34. 28.640],24,B0007,614,1847,01847.csv,0.0671426900201505,0.0933135093128193,278,0.16045619933296978
1849,[2008. 7. 7. 14. 43. 14.625],24,B0018,1,1850,01850.csv,0.0651581515845521,0.09555369570022,1,0.1607118472847721
1851,[2008. 7. 7. 16. 14. 5.328],24,B0018,3,1852,01852.csv,0.0631981237670715,0.102295112756276,2,0.1654932365233475
1853,[2008. 7. 7. 21. 21. 23.062],24,B0018,5,1854,01854.csv,0.0626964471850834,0.0916190292546578,3,0.1543154764397412
1855,[2008. 7. 7. 22. 51. 31.375],24,B0018,7,1856,01856.csv,0.0626070139256824,0.0946846935443713,4,0.1572917074700537
1857,[2008. 7. 8. 2. 24. 25.109],24,B0018,9,1858,01858.csv,0.0613784305860476,0.0918828824623866,5,0.1532613130484342
1859,[2008. 7. 8. 3. 54. 18.812],24,B0018,11,1860,01860.csv,0.0619988241836867,0.0960700817119328,6,0.1580689058956195
1861,[2008. 7. 8. 7. 27. 12.593],24,B0018,13,1862,01862.csv,0.0613372486144971,0.0914120280962234,7,0.1527492767107205
1863,[2008. 7. 8. 8. 57. 1.000],24,B0018,15,1864,01864.csv,0.0614340330056652,0.0920187644768557,8,0.1534527974825209
1873,[2008. 7. 9. 10. 54. 57.765],24,B0018,25,1874,01874.csv,0.062464075366672,0.0878449584531599,9,0.1503090338198319
1875,[2008. 7. 9. 12. 24. 23.859],24,B0018,27,1876,01876.csv,0.0591122614191441,0.0898982221526576,10,0.1490104835718017
1885,[2008. 7. 11. 8. 27. 23.859],24,B0018,37,1886,01886.csv,0.0610548889224548,0.0879548425080303,11,0.1490097314304851
1887,[2008. 7. 11. 9. 56. 29.140],24,B0018,39,1888,01888.csv,0.0610092981213067,0.0871066350454787,12,0.1481159331667854
1897,[2008. 7. 12. 6. 13. 58.531],24,B0018,49,1898,01898.csv,0.0606490457336047,0.0875492997393303,13,0.148198345472935
1899,[2008. 7. 12. 7. 42. 35.203],24,B0018,51,1900,01900.csv,0.0621948186826762,0.085709711905584,14,0.1479045305882602
1909,[2008. 7. 13. 2. 47. 19.937],24,B0018,61,1910,01910.csv,0.0610647915313547,0.088484820718071,15,0.1495496122494257
1911,[2008. 7. 13. 4. 15. 14.203],24,B0018,63,1912,01912.csv,0.0595969662678692,0.0868405589019254,16,0.14643752516979458
1921,[2008. 7. 15. 4. 43. 0.968],24,B0018,73,1922,01922.csv,0.0628710617847731,0.0850061597091283,17,0.1478772214939014
1923,[2008. 7. 15. 6. 11. 8.359],24,B0018,75,1924,01924.csv,0.0609507504152175,0.0854432604918211,18,0.1463940109070386
1933,[2008. 7. 16. 1. 13. 26.609],24,B0018,85,1934,01934.csv,0.0627903797735489,0.0861108271576963,19,0.1489012069312452
1935,[2008. 7. 16. 2. 40. 58.796],24,B0018,87,1936,01936.csv,0.0620543276699188,0.0841039159798283,20,0.1461582436497471
1945,[2008. 7. 16. 21. 42. 9.968],24,B0018,97,1946,01946.csv,0.0612687404694232,0.0871128650055224,21,0.1483816054749456
1947,[2008. 7. 16. 23. 9. 6.296],24,B0018,99,1948,01948.csv,0.0627057717757101,0.0838112972640761,22,0.1465170690397862
1957,[2008. 7. 19. 8. 53. 42.015],24,B0018,109,1958,01958.csv,0.0602301101735637,0.0877848925885978,23,0.1480150027621615
1959,[2008. 7. 19. 10. 20. 17.109],24,B0018,111,1960,01960.csv,0.0618017944104421,0.0851627893757878,24,0.1469645837862299
1973,[2008. 7. 30. 10. 47. 40.421],24,B0018,125,1974,01974.csv,0.0633599857416457,0.0860082471809912,25,0.1493682329226369
1984,[2008. 7. 31. 11. 4. 34.796],24,B0018,136,1985,01985.csv,0.0625497108858106,0.0843178209735426,26,0.1468675318593532
1986,[2008. 7. 31. 23. 2. 54.953],24,B0018,138,1987,01987.csv,0.0608839675600462,0.0852251201269989,27,0.1461090876870451
1996,[2008. 8. 2. 8. 55. 3.281],24,B0018,148,1997,01997.csv,0.0623189427460542,0.0859882467642574,28,0.1483071895103116
1998,[2008. 8. 2. 10. 24. 31.984],24,B0018,150,1999,01999.csv,0.0619094323498869,0.084880750149247,29,0.1467901824991339
2008,[2008. 8. 3. 5. 7. 23.546],24,B0018,160,2009,02009.csv,0.0632884153578242,0.0884732058328667,30,0.15176162119069092
2010,[2008. 8. 3. 6. 35. 43.796],24,B0018,162,2011,02011.csv,0.0624424564129125,0.085530754144125,31,0.1479732105570375
2020,[2008. 8. 4. 1. 16. 52.796],24,B0018,172,2021,02021.csv,0.0627245995271744,0.090046169627389,32,0.1527707691545634
2022,[2008. 8. 4. 2. 44. 16.218],24,B0018,174,2023,02023.csv,0.0631972345620259,0.0872013762847039,33,0.15039861084672979
2033,[2008. 8. 5. 9. 19. 2.828],24,B0018,185,2034,02034.csv,0.0633286451454753,0.0879797666852718,34,0.1513084118307471
2043,[2008. 8. 6. 3. 56. 3.328],24,B0018,195,2044,02044.csv,0.0643827606982796,0.0910814973658125,35,0.1554642580640921
2045,[2008. 8. 6. 5. 22. 8.593],24,B0018,197,2046,02046.csv,0.0632262185222777,0.0876297004096254,36,0.1508559189319031
2055,[2008. 8. 6. 23. 55. 49.046],24,B0018,207,2056,02056.csv,0.0627596460234384,0.0922488167541978,37,0.1550084627776362
2057,[2008. 8. 7. 1. 21. 18.375],24,B0018,209,2058,02058.csv,0.0630642320115214,0.0887875504657166,38,0.15185178247723802
2068,[2008. 8. 8. 11. 8. 17.500],24,B0018,220,2069,02069.csv,0.0654312939216661,0.0884263275530729,39,0.15385762147473903
2078,[2008. 8. 9. 11. 5. 3.671],24,B0018,230,2079,02079.csv,0.0640350502034096,0.0916416933004205,40,0.1556767435038301
2080,[2008. 8. 9. 12. 29. 58.343],24,B0018,232,2081,02081.csv,0.0643168361931131,0.0868069025668704,41,0.1511237387599835
2090,[2008. 8. 10. 6. 47. 17.265],24,B0018,242,2091,02091.csv,0.0654644342393943,0.0925002319045349,42,0.15796466614392918
2092,[2008. 8. 10. 8. 11. 28.671],24,B0018,244,2093,02093.csv,0.0654529706546391,0.0888408418585299,43,0.154293812513169
2102,[2008. 8. 11. 2. 21. 28.359],24,B0018,254,2103,02103.csv,0.0660567598197252,0.0902436427818111,44,0.1563004026015363
2104,[2008. 8. 11. 3. 45. 14.421],24,B0018,256,2105,02105.csv,0.0655091497890936,0.089572346161732,45,0.1550814959508256
2115,[2008. 8. 15. 4. 52. 13.984],24,B0018,267,2116,02116.csv,0.0660246141591635,0.0893968694708912,46,0.1554214836300547
2125,[2008. 8. 15. 22. 55. 12.296],24,B0018,277,2126,02126.csv,0.0652892568851771,0.0913916544478255,47,0.1566809113330026
2127,[2008. 8. 16. 0. 19. 33.375],24,B0018,279,2128,02128.csv,0.0629732782106259,0.0879110001707879,48,0.1508842783814138
2137,[2008. 8. 16. 18. 43. 57.156],24,B0018,289,2138,02138.csv,0.0651685236241181,0.0957073119737363,49,0.1608758355978544
2139,[2008. 8. 16. 20. 7. 19.218],24,B0018,291,2140,02140.csv,0.0637387678424481,0.0911517651919058,50,0.1548905330343539
2150,[2008. 8. 19. 6. 9. 14.562],24,B0018,302,2151,02151.csv,0.0652185637943141,0.0903487114950748,51,0.1555672752893889
2160,[2008. 8. 20. 0. 11. 12.234],24,B0018,312,2161,02161.csv,0.0659045596348677,0.0920096535708447,52,0.15791421320571242
2162,[2008. 8. 20. 1. 34. 44.437],24,B0018,314,2163,02163.csv,0.0660685027151648,0.0889588507439178,53,0.15502735345908258
2167,[2009. 2. 13. 19. 3. 52.109],24,B0025,0,2168,02168.csv,0.05064225689246,0.1059223065161334,1,0.1565645634085934
2169,[2009. 2. 13. 22. 40. 45.046],24,B0025,2,2170,02170.csv,0.0504980686897653,0.0774432313466362,2,0.1279413000364015
2179,[2009. 2. 14. 20. 28. 47.968],24,B0025,12,2180,02180.csv,0.0504925028877756,0.0896888969726845,3,0.1401813998604601
2181,[2009. 2. 15. 0. 5. 9.796],24,B0025,14,2182,02182.csv,0.0487078560405399,0.0736334992008756,4,0.1223413552414155
2183,[2009. 2. 18. 12. 41. 9.765],24,B0025,16,2184,02184.csv,0.0486211353641941,0.0857266225078698,5,0.1343477578720639
2185,[2009. 2. 18. 16. 17. 23.281],24,B0025,18,2186,02186.csv,0.0482804259796978,0.0721569924368534,6,0.1204374184165512
2194,[2009. 2. 19. 12. 18. 4.484],24,B0025,27,2195,02195.csv,0.0483716913884143,0.0796912200200623,7,0.12806291140847662
2196,[2009. 2. 19. 15. 50. 59.703],24,B0025,29,2197,02197.csv,0.0487839475735373,0.071169333870136,8,0.11995328144367332
2198,[2009. 2. 20. 11. 37. 0.562],24,B0025,31,2199,02199.csv,0.0479787497611692,0.0805889669123212,9,0.1285677166734904
2200,[2009. 2. 20. 15. 11. 41.671],24,B0025,33,2201,02201.csv,0.0476113403897874,0.0700800727152683,10,0.1176914131050557
2210,[2009. 2. 21. 12. 34. 32.359],24,B0025,43,2211,02211.csv,0.04665952944367,0.0762734617724517,11,0.1229329912161217
2212,[2009. 2. 21. 16. 10. 34.171],24,B0025,45,2213,02213.csv,0.0478278314357151,0.0695340942491581,12,0.11736192568487319
2214,[2009. 3. 2. 18. 20. 41.765],24,B0025,47,2215,02215.csv,0.0504354202128024,0.0826275779173334,13,0.1330629981301358
2216,[2009. 3. 2. 21. 48. 0.171],24,B0025,49,2217,02217.csv,0.0487151021823557,0.0704168042049264,14,0.1191319063872821
2226,[2009. 3. 3. 18. 49. 37.578],24,B0025,59,2227,02227.csv,0.0488526750359643,0.0784119603173485,15,0.12726463535331278
2228,[2009. 3. 3. 22. 22. 5.031],24,B0025,61,2229,02229.csv,0.0493493871024516,0.0693837145919476,16,0.1187331016943992
2229,[2009. 3. 5. 15. 25. 53.312],24,B0025,62,2230,02230.csv,0.0479679239267278,0.0649717245990551,17,0.1129396485257829
2231,[2009. 3. 5. 18. 8. 32.859],24,B0025,64,2232,02232.csv,0.048428360930816,0.07150751057033,18,0.119935871501146
2241,[2009. 3. 6. 15. 10. 41.859],24,B0025,74,2242,02242.csv,0.0485614192678881,0.0772854051908295,19,0.12584682445871762
2243,[2009. 3. 6. 18. 44. 22.484],24,B0025,76,2244,02244.csv,0.047853306064257,0.0690392693292135,20,0.1168925753934705
2245,[2009. 3. 19. 12. 23. 39.500],24,B0025,78,2246,02246.csv,0.0496608707008588,0.0824454671515453,21,0.1321063378524041
2247,[2009. 2. 13. 19. 3. 52.109],24,B0026,0,2248,02248.csv,0.0927177470818637,0.1378722191002069,1,0.2305899661820706
2249,[2009. 2. 13. 22. 40. 45.046],24,B0026,2,2250,02250.csv,0.0912075811726714,0.11624466028643,2,0.2074522414591014
2259,[2009. 2. 14. 20. 28. 47.968],24,B0026,12,2260,02260.csv,0.0903849200942508,0.1229374145903477,3,0.2133223346845985
2261,[2009. 2. 15. 0. 5. 9.796],24,B0026,14,2262,02262.csv,0.0901691939902538,0.1101986159586315,4,0.2003678099488853
2263,[2009. 2. 18. 12. 41. 9.765],24,B0026,16,2264,02264.csv,0.0906371848607512,0.1235907048122074,5,0.21422788967295858
2265,[2009. 2. 18. 16. 17. 23.281],24,B0026,18,2266,02266.csv,0.0907301345515442,0.1115298534496224,6,0.2022599880011666
2274,[2009. 2. 19. 12. 18. 4.484],24,B0026,27,2275,02275.csv,0.0897760802914292,0.1181427746110193,7,0.2079188549024485
2276,[2009. 2. 19. 15. 50. 59.703],24,B0026,29,2277,02277.csv,0.0902485480590142,0.110233058144547,8,0.2004816062035612
2278,[2009. 2. 20. 11. 37. 0.562],24,B0026,31,2279,02279.csv,0.0900065631497081,0.1208971657782799,9,0.210903728927988
2280,[2009. 2. 20. 15. 11. 41.671],24,B0026,33,2281,02281.csv,0.0896150617063206,0.1090494719882374,10,0.198664533694558
2290,[2009. 2. 21. 12. 34. 32.359],24,B0026,43,2291,02291.csv,0.0894680838191281,0.1163321205012401,11,0.20580020432036822
2292,[2009. 2. 21. 16. 10. 34.171],24,B0026,45,2293,02293.csv,0.0894381163858258,0.108700830215644,12,0.1981389466014698
2294,[2009. 3. 2. 18. 20. 41.765],24,B0026,47,2295,02295.csv,0.0907073469871627,0.1182842304888585,13,0.2089915774760212
2296,[2009. 3. 2. 21. 48. 0.171],24,B0026,49,2297,02297.csv,0.0898555538406385,0.109081841929317,14,0.1989373957699555
2306,[2009. 3. 3. 18. 49. 37.578],24,B0026,59,2307,02307.csv,0.0898737830422802,0.1147389944984642,15,0.20461277754074442
2308,[2009. 3. 3. 22. 22. 5.031],24,B0026,61,2309,02309.csv,0.0900654094349171,0.1085513280011445,16,0.19861673743606162
2309,[2009. 3. 5. 15. 25. 53.312],24,B0026,62,2310,02310.csv,0.0881719065313536,0.104154080213455,17,0.1923259867448086
2311,[2009. 3. 5. 18. 8. 32.859],24,B0026,64,2312,02312.csv,0.0894500574420642,0.109309064317628,18,0.1987591217596922
2321,[2009. 3. 6. 15. 10. 41.859],24,B0026,74,2322,02322.csv,0.0901625798215729,0.1158267835214296,19,0.2059893633430025
2323,[2009. 3. 6. 18. 44. 22.484],24,B0026,76,2324,02324.csv,0.0894079114965533,0.1093666292348382,20,0.1987745407313915
2325,[2009. 3. 19. 12. 23. 39.500],24,B0026,78,2326,02326.csv,0.0903889954655728,0.1176756750010452,21,0.208064670466618
2327,[2009. 2. 13. 19. 3. 52.109],24,B0027,0,2328,02328.csv,0.0908397765284865,0.1391667845769933,1,0.2300065611054798
2329,[2009. 2. 13. 22. 40. 45.046],24,B0027,2,2330,02330.csv,0.0854833449623134,0.1095147580064967,2,0.1949981029688101
2339,[2009. 2. 14. 20. 28. 47.968],24,B0027,12,2340,02340.csv,0.1043017587323827,0.1393357132111099,3,0.2436374719434926
2341,[2009. 2. 15. 0. 5. 9.796],24,B0027,14,2342,02342.csv,0.1072214354338359,0.1278196252750458,4,0.2350410607088817
2343,[2009. 2. 18. 12. 41. 9.765],24,B0027,16,2344,02344.csv,0.1021512348184878,0.1315859833314424,5,0.2337372181499302
2345,[2009. 2. 18. 16. 17. 23.281],24,B0027,18,2346,02346.csv,0.1027691804948317,0.1241743696081986,6,0.2269435501030303
2354,[2009. 2. 19. 12. 18. 4.484],24,B0027,27,2355,02355.csv,0.104316046072662,0.1322109768255884,7,0.2365270228982504
2356,[2009. 2. 19. 15. 50. 59.703],24,B0027,29,2357,02357.csv,0.1038115798890318,0.1231616900552123,8,0.2269732699442441
2358,[2009. 2. 20. 11. 37. 0.562],24,B0027,31,2359,02359.csv,0.099584506920876,0.1293833807517887,9,0.2289678876726647
2360,[2009. 2. 20. 15. 11. 41.671],24,B0027,33,2361,02361.csv,0.0998035553382258,0.1205651600821901,10,0.22036871542041592
2370,[2009. 2. 21. 12. 34. 32.359],24,B0027,43,2371,02371.csv,0.0980191511803865,0.1256104991986903,11,0.22362965037907678
2372,[2009. 2. 21. 16. 10. 34.171],24,B0027,45,2373,02373.csv,0.099506803416659,0.1197168984297459,12,0.21922370184640488
2374,[2009. 3. 2. 18. 20. 41.765],24,B0027,47,2375,02375.csv,0.0987107446179061,0.1239497992107127,13,0.2226605438286188
2376,[2009. 3. 2. 21. 48. 0.171],24,B0027,49,2377,02377.csv,0.1001854567709701,0.1193863162247807,14,0.2195717729957508
2386,[2009. 3. 3. 18. 49. 37.578],24,B0027,59,2387,02387.csv,0.0982147395529544,0.1260031742485024,15,0.2242179138014568
2388,[2009. 3. 3. 22. 22. 5.031],24,B0027,61,2389,02389.csv,0.0977040528101169,0.1172166109338209,16,0.2149206637439378
2389,[2009. 3. 5. 15. 25. 53.312],24,B0027,62,2390,02390.csv,0.0963490979963239,0.1143572202954034,17,0.2107063182917273
2391,[2009. 3. 5. 18. 8. 32.859],24,B0027,64,2392,02392.csv,0.0975561228144068,0.11844508949428,18,0.2160012123086868
2401,[2009. 3. 6. 15. 10. 41.859],24,B0027,74,2402,02402.csv,0.0965391814140092,0.1267597829642833,19,0.2232989643782925
2403,[2009. 3. 6. 18. 44. 22.484],24,B0027,76,2404,02404.csv,0.0999652631237503,0.119612265698934,20,0.2195775288226843
2405,[2009. 3. 19. 12. 23. 39.500],24,B0027,78,2406,02406.csv,0.0996922719146499,0.1248543133814611,21,0.224546585296111
2407,[2009. 2. 13. 19. 3. 52.109],24,B0028,0,2408,02408.csv,0.0814113650142846,0.1343529406114973,1,0.21576430562578192
2409,[2009. 2. 13. 22. 40. 45.046],24,B0028,2,2410,02410.csv,0.0817645867355929,0.1068208707202101,2,0.18858545745580302
2419,[2009. 2. 14. 20. 28. 47.968],24,B0028,12,2420,02420.csv,0.0808258053141002,0.121797260168767,3,0.2026230654828672
2421,[2009. 2. 15. 0. 5. 9.796],24,B0028,14,2422,02422.csv,0.0804975526258245,0.1017169927499083,4,0.18221454537573278
2423,[2009. 2. 18. 12. 41. 9.765],24,B0028,16,2424,02424.csv,0.0799980898437535,0.1149973939171738,5,0.1949954837609273
2425,[2009. 2. 18. 16. 17. 23.281],24,B0028,18,2426,02426.csv,0.0792139906449247,0.1023150802619147,6,0.1815290709068394
2434,[2009. 2. 19. 12. 18. 4.484],24,B0028,27,2435,02435.csv,0.0802407998359258,0.1146443404176314,7,0.1948851402535572
2436,[2009. 2. 19. 15. 50. 59.703],24,B0028,29,2437,02437.csv,0.0788664279499819,0.1014191126510086,8,0.1802855406009905
2438,[2009. 2. 20. 11. 37. 0.562],24,B0028,31,2439,02439.csv,0.0792984181678066,0.115076314016267,9,0.19437473218407358
2440,[2009. 2. 20. 15. 11. 41.671],24,B0028,33,2441,02441.csv,0.0780268437186383,0.0996665603719248,10,0.1776934040905631
2450,[2009. 2. 21. 12. 34. 32.359],24,B0028,43,2451,02451.csv,0.0803153060584509,0.1117989368329025,11,0.1921142428913534
2452,[2009. 2. 21. 16. 10. 34.171],24,B0028,45,2453,02453.csv,0.0787549150756163,0.1001146601234666,12,0.17886957519908292
2454,[2009. 3. 2. 18. 20. 41.765],24,B0028,47,2455,02455.csv,0.081972677815941,0.1078622382729115,13,0.1898349160888525
2456,[2009. 3. 2. 21. 48. 0.171],24,B0028,49,2457,02457.csv,0.0801951045701426,0.1007369941629303,14,0.18093209873307292
2466,[2009. 3. 3. 18. 49. 37.578],24,B0028,59,2467,02467.csv,0.0798330864540462,0.1101842849196749,15,0.1900173713737211
2468,[2009. 3. 3. 22. 22. 5.031],24,B0028,61,2469,02469.csv,0.0802952194953975,0.100265825504372,16,0.1805610449997695
2469,[2009. 3. 5. 15. 25. 53.312],24,B0028,62,2470,02470.csv,0.0794938925264985,0.0977133017817854,17,0.1772071943082839
2471,[2009. 3. 5. 18. 8. 32.859],24,B0028,64,2472,02472.csv,0.0794991533995328,0.1018617938019673,18,0.1813609472015001
2481,[2009. 3. 6. 15. 10. 41.859],24,B0028,74,2482,02482.csv,0.0801092055919801,0.1130890936214678,19,0.1931982992134479
2483,[2009. 3. 6. 18. 44. 22.484],24,B0028,76,2484,02484.csv,0.0803103780522931,0.1009353311286611,20,0.1812457091809542
2485,[2009. 3. 19. 12. 23. 39.500],24,B0028,78,2486,02486.csv,0.079702220299171,0.1137227350972135,21,0.1934249553963845
2487,[2009. 4. 7. 15. 59. 18.718],43,B0029,0,2488,02488.csv,0.0283404555299767,0.0447022577166673,1,0.07304271324664399
2497,[2009. 4. 8. 5. 56. 52.734],43,B0029,10,2498,02498.csv,0.0277999338202675,0.0409783137166372,2,0.0687782475369047
2499,[2009. 4. 8. 9. 17. 2.109],43,B0029,12,2500,02500.csv,0.0281413211997284,0.0395426241816272,3,0.0676839453813556
2509,[2009. 4. 9. 23. 31. 2.984],43,B0029,22,2510,02510.csv,0.0286950455334734,0.040302375166984,4,0.06899742070045739
2511,[2009. 4. 10. 2. 48. 41.093],43,B0029,24,2512,02512.csv,0.0288621768903095,0.0397409356337989,5,0.0686031125241084
2521,[2009. 4. 11. 1. 40. 51.828],43,B0029,34,2522,02522.csv,0.0282293873758797,0.0414436920478558,6,0.0696730794237355
2523,[2009. 4. 11. 4. 55. 36.515],43,B0029,36,2524,02524.csv,0.0282937539623187,0.039916894661314,7,0.0682106486236327
2533,[2009. 4. 13. 22. 42. 5.078],43,B0029,46,2534,02534.csv,0.0286130146153825,0.0415589660967149,8,0.0701719807120974
2535,[2009. 4. 14. 1. 55. 15.437],43,B0029,48,2536,02536.csv,0.0279994846267451,0.0400246219184316,9,0.0680241065451767
2545,[2009. 4. 14. 23. 17. 53.031],43,B0029,58,2546,02546.csv,0.0278705700225645,0.0404256102740876,10,0.0682961802966521
2547,[2009. 4. 15. 2. 29. 53.781],43,B0029,60,2548,02548.csv,0.0281542783809788,0.0403131169157872,11,0.068467395296766
2557,[2009. 4. 16. 3. 38. 19.671],43,B0029,70,2558,02558.csv,0.0271892849624871,0.0406927954712033,12,0.0678820804336904
2559,[2009. 4. 16. 6. 50. 32.687],43,B0029,72,2560,02560.csv,0.0276450150366069,0.0409514389077648,13,0.0685964539443717
2569,[2009. 4. 16. 22. 48. 37.781],43,B0029,82,2570,02570.csv,0.0270501630154992,0.0408242223325137,14,0.0678743853480129
2571,[2009. 4. 17. 2. 2. 2.218],43,B0029,84,2572,02572.csv,0.0282563620387149,0.0405730242022363,15,0.0688293862409512
2581,[2009. 4. 17. 22. 17. 27.250],43,B0029,94,2582,02582.csv,0.0282771401308053,0.041414871228234,16,0.0696920113590393
2583,[2009. 4. 18. 1. 29. 13.015],43,B0029,96,2584,02584.csv,0.028168909782269,0.041195686040955,17,0.06936459582322399
2584,[2009. 4. 7. 15. 59. 18.718],43,B0030,0,2585,02585.csv,0.0634181796172026,0.0772593935747803,1,0.1406775731919829
2594,[2009. 4. 8. 5. 56. 52.734],43,B0030,10,2595,02595.csv,0.0638928078833113,0.0752140521795627,2,0.13910686006287398
2596,[2009. 4. 8. 9. 17. 2.109],43,B0030,12,2597,02597.csv,0.0642756638388581,0.0740867398175877,3,0.1383624036564458
2606,[2009. 4. 9. 23. 31. 2.984],43,B0030,22,2607,02607.csv,0.0639327466993444,0.0745432796511054,4,0.1384760263504498
2608,[2009. 4. 10. 2. 48. 41.093],43,B0030,24,2609,02609.csv,0.0644534678186044,0.0745526951355338,5,0.1390061629541382
2618,[2009. 4. 11. 1. 40. 51.828],43,B0030,34,2619,02619.csv,0.0640707641375933,0.0748390150933072,6,0.1389097792309005
2620,[2009. 4. 11. 4. 55. 36.515],43,B0030,36,2621,02621.csv,0.0637694177887419,0.0743839228207711,7,0.138153340609513
2630,[2009. 4. 13. 22. 42. 5.078],43,B0030,46,2631,02631.csv,0.0639508848088192,0.0761038951866042,8,0.1400547799954234
2632,[2009. 4. 14. 1. 55. 15.437],43,B0030,48,2633,02633.csv,0.0652991544909577,0.0751815582235785,9,0.14048071271453622
2642,[2009. 4. 14. 23. 17. 53.031],43,B0030,58,2643,02643.csv,0.0632496741901074,0.0746991665719339,10,0.13794884076204128
2644,[2009. 4. 15. 2. 29. 53.781],43,B0030,60,2645,02645.csv,0.0643292793710963,0.0750267525360047,11,0.139356031907101
2654,[2009. 4. 16. 3. 38. 19.671],43,B0030,70,2655,02655.csv,0.0639192902067033,0.0750138498126048,12,0.1389331400193081
2656,[2009. 4. 16. 6. 50. 32.687],43,B0030,72,2657,02657.csv,0.0650592507691955,0.0758066987043015,13,0.140865949473497
2666,[2009. 4. 16. 22. 48. 37.781],43,B0030,82,2667,02667.csv,0.0642870853868887,0.0763428175617886,14,0.14062990294867728
2668,[2009. 4. 17. 2. 2. 2.218],43,B0030,84,2669,02669.csv,0.0646845036378087,0.0757045375839164,15,0.1403890412217251
2678,[2009. 4. 17. 22. 17. 27.250],43,B0030,94,2679,02679.csv,0.0639795849199276,0.075108992129245,16,0.1390885770491726
2680,[2009. 4. 18. 1. 29. 13.015],43,B0030,96,2681,02681.csv,0.0646153915373869,0.0753430402167539,17,0.1399584317541408
2681,[2009. 4. 7. 15. 59. 18.718],43,B0031,0,2682,02682.csv,0.0401245199497282,0.0537630391590788,1,0.093887559108807
2691,[2009. 4. 8. 5. 56. 52.734],43,B0031,10,2692,02692.csv,0.0408426422047319,0.0530352343862722,2,0.0938778765910041
2693,[2009. 4. 8. 9. 17. 2.109],43,B0031,12,2694,02694.csv,0.0407187291433026,0.0511267959963077,3,0.0918455251396103
2703,[2009. 4. 9. 23. 31. 2.984],43,B0031,22,2704,02704.csv,0.0403515921803274,0.0521895453306811,4,0.0925411375110085
2705,[2009. 4. 10. 2. 48. 41.093],43,B0031,24,2706,02706.csv,0.0406992188064198,0.0506433251487768,5,0.0913425439551966
2715,[2009. 4. 11. 1. 40. 51.828],43,B0031,34,2716,02716.csv,0.040231843280723,0.051542689551802,6,0.091774532832525
2717,[2009. 4. 11. 4. 55. 36.515],43,B0031,36,2718,02718.csv,0.0405054986733422,0.0506972665386652,7,0.0912027652120074
2727,[2009. 4. 13. 22. 42. 5.078],43,B0031,46,2728,02728.csv,0.0399983798500269,0.0516365032831745,8,0.0916348831332014
2729,[2009. 4. 14. 1. 55. 15.437],43,B0031,48,2730,02730.csv,0.0406114182602961,0.0500869798267196,9,0.0906983980870157
2739,[2009. 4. 14. 23. 17. 53.031],43,B0031,58,2740,02740.csv,0.0397875885519823,0.0521230795031729,10,0.0919106680551552
2741,[2009. 4. 15. 2. 29. 53.781],43,B0031,60,2742,02742.csv,0.0417265396435138,0.0519167957925598,11,0.09364333543607359
2751,[2009. 4. 16. 3. 38. 19.671],43,B0031,70,2752,02752.csv,0.0391432395596955,0.0515892504799375,12,0.090732490039633
2753,[2009. 4. 16. 6. 50. 32.687],43,B0031,72,2754,02754.csv,0.0407109362186436,0.0509479362355607,13,0.0916588724542043
2763,[2009. 4. 16. 22. 48. 37.781],43,B0031,82,2764,02764.csv,0.039289080646391,0.0511619262526146,14,0.09045100689900559
2765,[2009. 4. 17. 2. 2. 2.218],43,B0031,84,2766,02766.csv,0.0407936340944221,0.0510311327121053,15,0.0918247668065274
2775,[2009. 4. 17. 22. 17. 27.250],43,B0031,94,2776,02776.csv,0.0413067344452935,0.0528912767946792,16,0.0941980112399727
2777,[2009. 4. 18. 1. 29. 13.015],43,B0031,96,2778,02778.csv,0.0407241376746633,0.0506516096826316,17,0.0913757473572949
2778,[2009. 4. 7. 15. 59. 18.718],43,B0032,0,2779,02779.csv,0.0706645161013223,0.0794502575395997,1,0.150114773640922
2788,[2009. 4. 8. 5. 56. 52.734],43,B0032,10,2789,02789.csv,0.0722915582582326,0.0803215947366876,2,0.15261315299492018
2790,[2009. 4. 8. 9. 17. 2.109],43,B0032,12,2791,02791.csv,0.0697605949327327,0.077037715035224,3,0.1467983099679567
2800,[2009. 4. 9. 23. 31. 2.984],43,B0032,22,2801,02801.csv,0.0730425115747598,0.0813994035225468,4,0.1544419150973066
2802,[2009. 4. 10. 2. 48. 41.093],43,B0032,24,2803,02803.csv,0.0708764987737107,0.0778915805160204,5,0.1487680792897311
2812,[2009. 4. 11. 1. 40. 51.828],43,B0032,34,2813,02813.csv,0.0727807242836465,0.0811149348902292,6,0.1538956591738757
2814,[2009. 4. 11. 4. 55. 36.515],43,B0032,36,2815,02815.csv,0.0707455120034817,0.0783239856398854,7,0.14906949764336708
2824,[2009. 4. 13. 22. 42. 5.078],43,B0032,46,2825,02825.csv,0.0731750018300721,0.0822738123682401,8,0.1554488141983122
2826,[2009. 4. 14. 1. 55. 15.437],43,B0032,48,2827,02827.csv,0.0713326264254028,0.0789786361031034,9,0.1503112625285062
2836,[2009. 4. 14. 23. 17. 53.031],43,B0032,58,2837,02837.csv,0.0739937107703629,0.0830433272138934,10,0.1570370379842563
2838,[2009. 4. 15. 2. 29. 53.781],43,B0032,60,2839,02839.csv,0.0717615198628267,0.079782528012842,11,0.1515440478756687
2848,[2009. 4. 16. 3. 38. 19.671],43,B0032,70,2849,02849.csv,0.0735196875558914,0.0824421668083004,12,0.1559618543641918
2850,[2009. 4. 16. 6. 50. 32.687],43,B0032,72,2851,02851.csv,0.0713737958044209,0.0791164876167491,13,0.15049028342117
2860,[2009. 4. 16. 22. 48. 37.781],43,B0032,82,2861,02861.csv,0.0732675736197779,0.082761888121376,14,0.1560294617411539
2862,[2009. 4. 17. 2. 2. 2.218],43,B0032,84,2863,02863.csv,0.0721461617558402,0.0800616640229892,15,0.1522078257788294
2872,[2009. 4. 17. 22. 17. 27.250],43,B0032,94,2873,02873.csv,0.0746277661910761,0.0837355494638199,16,0.158363315654896
2874,[2009. 4. 18. 1. 29. 13.015],43,B0032,96,2875,02875.csv,0.0723329946043698,0.0794358175541861,17,0.15176881215855592
2876,[2009. 6. 19. 17. 54. 12.968],24,B0033,1,2877,02877.csv,0.1036942575344758,0.1418732466241537,1,0.2455675041586295
2878,[2009. 6. 19. 21. 31. 7.671],24,B0033,3,2879,02879.csv,0.1029842008945974,0.1311935104510101,2,0.2341777113456075
2888,[2009. 6. 20. 14. 46. 42.328],24,B0033,13,2889,02889.csv,0.1139281863643267,0.1408666220524179,3,0.2547948084167446
2890,[2009. 6. 20. 18. 23. 38.703],24,B0033,15,2891,02891.csv,0.1127111810781862,0.1389628488152857,4,0.2516740298934719
2900,[2009. 6. 21. 11. 40. 22.859],24,B0033,25,2901,02901.csv,0.0883155344749706,0.1133390226772187,5,0.2016545571521893
2902,[2009. 6. 21. 15. 17. 21.453],24,B0033,27,2903,02903.csv,0.0886034476771538,0.1131994824699228,6,0.2018029301470766
2912,[2009. 6. 22. 8. 33. 4.921],24,B0033,37,2913,02913.csv,0.0772882947535611,0.1002665808515333,7,0.1775548756050944
2914,[2009. 6. 22. 12. 10. 3.484],24,B0033,39,2915,02915.csv,0.0781380080118915,0.0992161368025628,8,0.1773541448144543
2924,[2009. 6. 23. 5. 25. 42.796],24,B0033,49,2925,02925.csv,0.0759181727295781,0.1002362825529747,9,0.1761544552825528
2926,[2009. 6. 23. 9. 2. 17.546],24,B0033,51,2927,02927.csv,0.0767471487132981,0.0986940175975413,10,0.1754411663108394
2928,[2009. 6. 26. 16. 28. 44.296],24,B0033,53,2929,02929.csv,0.079094090152713,0.0982556000408517,11,0.1773496901935647
2930,[2009. 6. 26. 20. 0. 38.765],24,B0033,55,2931,02931.csv,0.0779538361922111,0.0981600123359747,12,0.1761138485281858
2940,[2009. 6. 27. 13. 17. 23.515],24,B0033,65,2941,02941.csv,0.0759076877216994,0.0985037315687698,13,0.17441141929046922
2942,[2009. 6. 27. 16. 54. 26.703],24,B0033,67,2943,02943.csv,0.0778722131432379,0.0972564952705378,14,0.1751287084137757
2952,[2009. 6. 28. 10. 9. 20.734],24,B0033,77,2953,02953.csv,0.0753221618290781,0.0989969511978426,15,0.1743191130269207
2954,[2009. 6. 28. 13. 46. 26.406],24,B0033,79,2955,02955.csv,0.0761301560017276,0.0981603976137327,16,0.1742905536154603
2964,[2009. 6. 29. 6. 57. 31.187],24,B0033,89,2965,02965.csv,0.0747071126652732,0.0981311432717828,17,0.17283825593705598
2966,[2009. 6. 29. 10. 34. 40.796],24,B0033,91,2967,02967.csv,0.0770653853843182,0.0974835281416819,18,0.1745489135260001
2976,[2009. 6. 30. 3. 34. 42.890],24,B0033,101,2977,02977.csv,0.0746306395869074,0.0986300175812244,19,0.1732606571681318
2978,[2009. 6. 30. 7. 11. 10.921],24,B0033,103,2979,02979.csv,0.0751833989430717,0.0980921571175937,20,0.17327555606066541
2980,[2009. 7. 1. 12. 13. 46.546],24,B0033,105,2981,02981.csv,0.0765440171347942,0.0967930243522576,21,0.1733370414870518
2982,[2009. 7. 1. 15. 46. 30.750],24,B0033,107,2983,02983.csv,0.0781355937086987,0.0966684148402716,22,0.1748040085489703
2988,[2009. 7. 14. 17. 20. 12.578],24,B0033,113,2989,02989.csv,0.0801542168167348,0.0998159202657762,23,0.179970137082511
2990,[2009. 7. 14. 20. 52. 2.390],24,B0033,115,2991,02991.csv,0.077553713664608,0.0978181740364916,24,0.1753718877010996
3000,[2009. 7. 15. 13. 56. 28.453],24,B0033,125,3001,03001.csv,0.0787335439981401,0.0993717623481097,25,0.1781053063462498
3002,[2009. 7. 15. 17. 29. 6.468],24,B0033,127,3003,03003.csv,0.0787984673128961,0.098514061231978,26,0.17731252854487412
3012,[2009. 7. 16. 10. 27. 32.703],24,B0033,137,3013,03013.csv,0.0785638993834146,0.1008859738686624,27,0.179449873252077
3014,[2009. 7. 16. 14. 4. 11.781],24,B0033,139,3015,03015.csv,0.0801135907027095,0.1009818646643406,28,0.1810954553670501
3024,[2009. 7. 17. 7. 0. 20.593],24,B0033,149,3025,03025.csv,0.078947292544787,0.1026785081448465,29,0.1816258006896335
3026,[2009. 7. 17. 10. 37. 1.515],24,B0033,151,3027,03027.csv,0.0802157241761475,0.1024877144933221,30,0.1827034386694696
3036,[2009. 7. 18. 3. 30. 0.546],24,B0033,161,3037,03037.csv,0.0796722858329101,0.1043688650816218,31,0.18404115091453188
3038,[2009. 7. 18. 7. 6. 20.390],24,B0033,163,3039,03039.csv,0.078896432714675,0.1057736114259262,32,0.1846700441406012
3040,[2009. 7. 23. 11. 23. 32.343],24,B0033,165,3041,03041.csv,0.0809522842458464,0.1042336861725344,33,0.1851859704183808
3042,[2009. 7. 23. 14. 57. 2.000],24,B0033,167,3043,03043.csv,0.0824408213552602,0.1031701848132249,34,0.18561100616848508
3052,[2009. 7. 24. 7. 53. 5.750],24,B0033,177,3053,03053.csv,0.0825136500063122,0.1085398761868469,35,0.1910535261931591
3054,[2009. 7. 24. 11. 29. 17.812],24,B0033,179,3055,03055.csv,0.0839073124416653,0.1081903026332374,36,0.1920976150749027
3064,[2009. 7. 25. 4. 17. 36.359],24,B0033,189,3065,03065.csv,0.0862056889883679,0.1114330601284223,37,0.1976387491167902
3066,[2009. 7. 25. 7. 54. 52.171],24,B0033,191,3067,03067.csv,0.0865552274379426,0.1119934521157012,38,0.1985486795536438
3076,[2009. 7. 26. 0. 58. 24.625],24,B0033,201,3077,03077.csv,0.0840110023405894,0.1118570816347235,39,0.1958680839753129
3078,[2009. 7. 26. 4. 35. 20.656],24,B0033,203,3079,03079.csv,0.0864069259894296,0.1128450101488721,40,0.19925193613830172
3088,[2009. 7. 26. 21. 40. 50.046],24,B0033,213,3089,03089.csv,0.0880407117432847,0.1150994630965982,41,0.2031401748398829
3090,[2009. 7. 27. 1. 18. 12.828],24,B0033,215,3091,03091.csv,0.0887050669767017,0.1160156344404579,42,0.2047207014171596
3100,[2009. 7. 27. 18. 18. 44.828],24,B0033,225,3101,03101.csv,0.0871323047584353,0.1142456735570076,43,0.2013779783154429
3102,[2009. 7. 27. 21. 56. 8.671],24,B0033,227,3103,03103.csv,0.0898923542583947,0.1152909976414748,44,0.2051833518998695
3112,[2009. 7. 28. 15. 0. 48.421],24,B0033,237,3113,03113.csv,0.0895227742841051,0.1138835513477854,45,0.20340632563189048
3114,[2009. 7. 28. 18. 37. 37.765],24,B0033,239,3115,03115.csv,0.0921631077559332,0.1146968454749727,46,0.2068599532309059
3124,[2009. 7. 29. 11. 41. 13.500],24,B0033,249,3125,03125.csv,0.0871272695890567,0.1138286487061379,47,0.2009559182951946
3126,[2009. 7. 29. 15. 18. 41.390],24,B0033,251,3127,03127.csv,0.090109642803023,0.1147335217159905,48,0.2048431645190135
3136,[2009. 7. 30. 8. 18. 45.843],24,B0033,261,3137,03137.csv,0.0892017809589855,0.1176741773082553,49,0.2068759582672408
3138,[2009. 7. 30. 11. 56. 13.156],24,B0033,263,3139,03139.csv,0.092436093949676,0.1163704046903859,50,0.2088064986400619
3148,[2009. 7. 31. 4. 52. 29.859],24,B0033,273,3149,03149.csv,0.0908046082519217,0.1207651440117551,51,0.2115697522636768
3150,[2009. 7. 31. 8. 29. 58.609],24,B0033,275,3151,03151.csv,0.0920475173169191,0.1203997864761216,52,0.2124473037930407
3154,[2009. 7. 31. 17. 1. 26.375],24,B0033,279,3155,03155.csv,0.0850434269955973,0.1108811867210358,53,0.1959246137166331
3156,[2009. 7. 31. 20. 31. 9.109],24,B0033,281,3157,03157.csv,0.0863916411128797,0.1112123553543622,54,0.19760399646724192
3166,[2009. 8. 1. 13. 29. 32.109],24,B0033,291,3167,03167.csv,0.0908687921192106,0.1188244154291228,55,0.2096932075483334
3168,[2009. 8. 1. 17. 6. 55.484],24,B0033,293,3169,03169.csv,0.0906674979688245,0.1189578328356123,56,0.2096253308044368
3178,[2009. 8. 2. 10. 6. 4.984],24,B0033,303,3179,03179.csv,0.0907054891179046,0.1210141767177999,57,0.2117196658357045
3180,[2009. 8. 2. 13. 43. 33.359],24,B0033,305,3181,03181.csv,0.0909557798656722,0.1209363559139077,58,0.21189213577957988
3190,[2009. 8. 3. 6. 44. 10.109],24,B0033,315,3191,03191.csv,0.0932852453515986,0.1245007889086978,59,0.2177860342602964
3192,[2009. 8. 3. 10. 21. 40.546],24,B0033,317,3193,03193.csv,0.095356774650343,0.1219867024669133,60,0.21734347711725632
3202,[2009. 8. 4. 3. 20. 22.453],24,B0033,327,3203,03203.csv,0.1102751350982863,0.1426755694323047,61,0.252950704530591
3204,[2009. 8. 4. 6. 57. 51.500],24,B0033,329,3205,03205.csv,0.1119074154631581,0.1409796226478348,62,0.2528870381109929
3206,[2009. 8. 5. 11. 44. 11.359],24,B0033,331,3207,03207.csv,0.0887431107760371,0.1140281292260146,63,0.2027712400020517
3208,[2009. 8. 5. 15. 21. 17.890],24,B0033,333,3209,03209.csv,0.0884963349105808,0.1149810457358202,64,0.203477380646401
3218,[2009. 8. 6. 8. 18. 16.218],24,B0033,343,3219,03219.csv,0.1434454534373857,0.1696785900507767,65,0.3131240434881624
3220,[2009. 8. 6. 11. 53. 22.312],24,B0033,345,3221,03221.csv,0.1456294596992112,0.1691988277794489,66,0.3148282874786601
3230,[2009. 8. 7. 4. 35. 26.000],24,B0033,355,3231,03231.csv,0.1383388886674867,0.1654393476936564,67,0.3037782363611431
3232,[2009. 8. 7. 8. 12. 41.046],24,B0033,357,3233,03233.csv,0.1382996517013786,0.1655497360143937,68,0.3038493877157723
3242,[2009. 8. 8. 1. 1. 57.640],24,B0033,367,3243,03243.csv,0.0992994860078947,0.1288446981187196,69,0.2281441841266143
3244,[2009. 8. 8. 4. 39. 32.250],24,B0033,369,3245,03245.csv,0.0995331061490151,0.1304748915407405,70,0.2300079976897556
3254,[2009. 8. 8. 21. 35. 18.890],24,B0033,379,3255,03255.csv,0.0981721661949024,0.1284416317891885,71,0.2266137979840909
3256,[2009. 8. 9. 1. 12. 53.906],24,B0033,381,3257,03257.csv,0.0990146912411192,0.1275503224776246,72,0.2265650137187438
3258,[2009. 8. 17. 14. 4. 37.796],24,B0033,383,3259,03259.csv,0.0915649986902253,0.1167033275167292,73,0.2082683262069545
3260,[2009. 8. 17. 17. 42. 13.500],24,B0033,385,3261,03261.csv,0.093091725109756,0.1161312975013201,74,0.20922302261107611
3270,[2009. 8. 18. 10. 45. 1.796],24,B0033,395,3271,03271.csv,0.0942678677154072,0.1189018534830186,75,0.2131697211984258
3272,[2009. 8. 18. 14. 22. 41.859],24,B0033,397,3273,03273.csv,0.094182061637456,0.1172287722528883,76,0.21141083389034432
3282,[2009. 8. 19. 7. 21. 18.453],24,B0033,407,3283,03283.csv,0.0920324944208829,0.118676792935604,77,0.21070928735648692
3284,[2009. 8. 19. 10. 58. 56.250],24,B0033,409,3285,03285.csv,0.0909525815740188,0.1192006189435624,78,0.21015320051758118
3294,[2009. 8. 20. 3. 58. 53.671],24,B0033,419,3295,03295.csv,0.0899524543270544,0.1198694595768923,79,0.2098219139039467
3296,[2009. 8. 20. 7. 36. 30.046],24,B0033,421,3297,03297.csv,0.0892837984693767,0.1187425614046036,80,0.2080263598739803
3306,[2009. 8. 21. 0. 30. 11.046],24,B0033,431,3307,03307.csv,0.0879839015066375,0.1175723444568281,81,0.2055562459634656
3308,[2009. 8. 21. 4. 7. 51.890],24,B0033,433,3309,03309.csv,0.0864847755878061,0.1180185558562798,82,0.2045033314440859
3310,[2009. 8. 21. 18. 54. 49.468],24,B0033,435,3311,03311.csv,0.0892669250294693,0.1166307103439332,83,0.2058976353734025
3312,[2009. 8. 21. 22. 32. 29.312],24,B0033,437,3313,03313.csv,0.0903234958460437,0.1164556858952188,84,0.2067791817412625
3322,[2009. 8. 22. 15. 28. 30.625],24,B0033,447,3323,03323.csv,0.0885098445183414,0.1186310080664285,85,0.20714085258476989
3324,[2009. 8. 22. 19. 6. 10.484],24,B0033,449,3325,03325.csv,0.0895134118798777,0.1156364233610516,86,0.20514983524092928
3334,[2009. 8. 23. 12. 0. 5.281],24,B0033,459,3335,03335.csv,0.0874782098875092,0.1172829354774366,87,0.2047611453649458
3336,[2009. 8. 23. 15. 37. 51.359],24,B0033,461,3337,03337.csv,0.0876318347612828,0.1167798998588414,88,0.20441173462012419
3346,[2009. 8. 24. 8. 28. 44.140],24,B0033,471,3347,03347.csv,0.0854189010487467,0.113827866854994,89,0.1992467679037407
3348,[2009. 8. 24. 12. 6. 32.093],24,B0033,473,3349,03349.csv,0.090745110639456,0.1096074278088891,90,0.2003525384483451
3358,[2009. 8. 25. 4. 57. 21.937],24,B0033,483,3359,03359.csv,0.0847727467199266,0.1161300341703133,91,0.20090278089023988
3360,[2009. 8. 25. 8. 35. 11.937],24,B0033,485,3361,03361.csv,0.0857902038214944,0.1129243277021632,92,0.1987145315236576
3362,[2009. 6. 19. 17. 54. 12.968],24,B0034,1,3363,03363.csv,0.1255739500812601,0.1578059135199261,1,0.28337986360118617
3364,[2009. 6. 19. 21. 31. 7.671],24,B0034,3,3365,03365.csv,0.1240301702976134,0.151331100257049,2,0.2753612705546624
3374,[2009. 6. 20. 14. 46. 42.328],24,B0034,13,3375,03375.csv,0.1208442698151362,0.1461634827190268,3,0.267007752534163
3376,[2009. 6. 20. 18. 23. 38.703],24,B0034,15,3377,03377.csv,0.120380461449601,0.1460981022644004,4,0.2664785637140014
3386,[2009. 6. 21. 11. 40. 22.859],24,B0034,25,3387,03387.csv,0.1196577741768361,0.1434989717799579,5,0.263156745956794
3388,[2009. 6. 21. 15. 17. 21.453],24,B0034,27,3389,03389.csv,0.1205765535887721,0.1431788177780116,6,0.26375537136678373
3398,[2009. 6. 22. 8. 33. 4.921],24,B0034,37,3399,03399.csv,0.1201899735705035,0.1422047184948167,7,0.2623946920653202
3400,[2009. 6. 22. 12. 10. 3.484],24,B0034,39,3401,03401.csv,0.1210505449768947,0.1419348235758278,8,0.2629853685527225
3410,[2009. 6. 23. 5. 25. 42.796],24,B0034,49,3411,03411.csv,0.1196787800475332,0.142066857174274,9,0.2617456372218072
3412,[2009. 6. 23. 9. 2. 17.546],24,B0034,51,3413,03413.csv,0.1207875536171222,0.1420779335220057,10,0.26286548713912794
3414,[2009. 6. 26. 16. 28. 44.296],24,B0034,53,3415,03415.csv,0.1230744066454083,0.1416977897960522,11,0.2647721964414605
3416,[2009. 6. 26. 20. 0. 38.765],24,B0034,55,3417,03417.csv,0.1231860471342966,0.1435165646876622,12,0.26670261182195876
3426,[2009. 6. 27. 13. 17. 23.515],24,B0034,65,3427,03427.csv,0.1211570036885451,0.1415836272948297,13,0.2627406309833748
3428,[2009. 6. 27. 16. 54. 26.703],24,B0034,67,3429,03429.csv,0.1220873226956666,0.1416112723297097,14,0.2636985950253763
3438,[2009. 6. 28. 10. 9. 20.734],24,B0034,77,3439,03439.csv,0.1207408104524779,0.1422098113927142,15,0.26295062184519213
3440,[2009. 6. 28. 13. 46. 26.406],24,B0034,79,3441,03441.csv,0.1213351875279063,0.1421662524982832,16,0.2635014400261895
3450,[2009. 6. 29. 6. 57. 31.187],24,B0034,89,3451,03451.csv,0.121864842218067,0.1433420173159845,17,0.2652068595340515
3452,[2009. 6. 29. 10. 34. 40.796],24,B0034,91,3453,03453.csv,0.1222125891909682,0.1405649119516749,18,0.2627775011426431
3462,[2009. 6. 30. 3. 34. 42.890],24,B0034,101,3463,03463.csv,0.1204120149090822,0.1418460474488152,19,0.2622580623578974
3464,[2009. 6. 30. 7. 11. 10.921],24,B0034,103,3465,03465.csv,0.1213673034622562,0.1424974651809117,20,0.2638647686431679
3466,[2009. 7. 1. 12. 13. 46.546],24,B0034,105,3467,03467.csv,0.1219751279044763,0.1407154473007336,21,0.2626905752052099
3468,[2009. 7. 1. 15. 46. 30.750],24,B0034,107,3469,03469.csv,0.1231072821956826,0.1405676747491041,22,0.2636749569447867
3474,[2009. 7. 14. 17. 20. 12.578],24,B0034,113,3475,03475.csv,0.1280466918304601,0.1470643300916732,23,0.2751110219221333
3476,[2009. 7. 14. 20. 52. 2.390],24,B0034,115,3477,03477.csv,0.1249733640758512,0.1434122906953782,24,0.2683856547712294
3486,[2009. 7. 15. 13. 56. 28.453],24,B0034,125,3487,03487.csv,0.1253362685889606,0.1434592387184511,25,0.2687955073074117
3488,[2009. 7. 15. 17. 29. 6.468],24,B0034,127,3489,03489.csv,0.1260670230602223,0.1435226557337258,26,0.26958967879394813
3498,[2009. 7. 16. 10. 27. 32.703],24,B0034,137,3499,03499.csv,0.1253586044095035,0.1442426647678099,27,0.2696012691773134
3500,[2009. 7. 16. 14. 4. 11.781],24,B0034,139,3501,03501.csv,0.1252713170947647,0.1435591074973786,28,0.2688304245921433
3510,[2009. 7. 17. 7. 0. 20.593],24,B0034,149,3511,03511.csv,0.1251824703120263,0.1461301418255401,29,0.2713126121375664
3512,[2009. 7. 17. 10. 37. 1.515],24,B0034,151,3513,03513.csv,0.1235425210299043,0.1436713068857462,30,0.2672138279156505
3522,[2009. 7. 18. 3. 30. 0.546],24,B0034,161,3523,03523.csv,0.1242268030578006,0.1451655125287497,31,0.2693923155865503
3524,[2009. 7. 18. 7. 6. 20.390],24,B0034,163,3525,03525.csv,0.1237545085880591,0.1458068729337951,32,0.2695613815218542
3526,[2009. 7. 23. 11. 23. 32.343],24,B0034,165,3527,03527.csv,0.1250956920234938,0.1453545718774597,33,0.2704502639009535
3528,[2009. 7. 23. 14. 57. 2.000],24,B0034,167,3529,03529.csv,0.1267251796303376,0.1452212888923113,34,0.2719464685226489
3538,[2009. 7. 24. 7. 53. 5.750],24,B0034,177,3539,03539.csv,0.1240151914207653,0.1459639383506419,35,0.2699791297714072
3540,[2009. 7. 24. 11. 29. 17.812],24,B0034,179,3541,03541.csv,0.1257307656681546,0.1454321615828021,36,0.2711629272509567
3550,[2009. 7. 25. 4. 17. 36.359],24,B0034,189,3551,03551.csv,0.1258754385686939,0.1468292666458347,37,0.2727047052145286
3552,[2009. 7. 25. 7. 54. 52.171],24,B0034,191,3553,03553.csv,0.1253441117935972,0.1478802597593119,38,0.27322437155290913
3562,[2009. 7. 26. 0. 58. 24.625],24,B0034,201,3563,03563.csv,0.1245305976028456,0.1470195765592536,39,0.2715501741620992
3564,[2009. 7. 26. 4. 35. 20.656],24,B0034,203,3565,03565.csv,0.12527841795391,0.1478038929970834,40,0.27308231095099345
3574,[2009. 7. 26. 21. 40. 50.046],24,B0034,213,3575,03575.csv,0.1251442699359238,0.1479917274975092,41,0.273135997433433
3576,[2009. 7. 27. 1. 18. 12.828],24,B0034,215,3577,03577.csv,0.1250367388099057,0.1470983982534746,42,0.27213513706338033
3586,[2009. 7. 27. 18. 18. 44.828],24,B0034,225,3587,03587.csv,0.125019199504338,0.145579476401552,43,0.27059867590589004
3588,[2009. 7. 27. 21. 56. 8.671],24,B0034,227,3589,03589.csv,0.1246732923578224,0.1474804420717201,44,0.2721537344295425
3598,[2009. 7. 28. 15. 0. 48.421],24,B0034,237,3599,03599.csv,0.1249954880551176,0.1454261128439781,45,0.2704216008990957
3600,[2009. 7. 28. 18. 37. 37.765],24,B0034,239,3601,03601.csv,0.1251092258626547,0.1471351855185385,46,0.27224441138119315
3610,[2009. 7. 29. 11. 41. 13.500],24,B0034,249,3611,03611.csv,0.1271503391859585,0.146819498930743,47,0.2739698381167015
3612,[2009. 7. 29. 15. 18. 41.390],24,B0034,251,3613,03613.csv,0.1264638175619604,0.1464806266658573,48,0.2729444442278177
3622,[2009. 7. 30. 8. 18. 45.843],24,B0034,261,3623,03623.csv,0.1262928369219295,0.1492493873982106,49,0.2755422243201401
3624,[2009. 7. 30. 11. 56. 13.156],24,B0034,263,3625,03625.csv,0.1271233146951738,0.1465866624226255,50,0.2737099771177993
3634,[2009. 7. 31. 4. 52. 29.859],24,B0034,273,3635,03635.csv,0.1246765792226242,0.1488448574616441,51,0.2735214366842683
3636,[2009. 7. 31. 8. 29. 58.609],24,B0034,275,3637,03637.csv,0.124489358707192,0.1481547693370429,52,0.2726441280442349
3640,[2009. 7. 31. 17. 1. 26.375],24,B0034,279,3641,03641.csv,0.1275262584906928,0.147604890454372,53,0.2751311489450648
3642,[2009. 7. 31. 20. 31. 9.109],24,B0034,281,3643,03643.csv,0.1272960691814162,0.1479466364268468,54,0.275242705608263
3652,[2009. 8. 1. 13. 29. 32.109],24,B0034,291,3653,03653.csv,0.1260424220403596,0.1491036847446478,55,0.2751461067850074
3654,[2009. 8. 1. 17. 6. 55.484],24,B0034,293,3655,03655.csv,0.1259736664142202,0.1476030885314802,56,0.2735767549457004
3664,[2009. 8. 2. 10. 6. 4.984],24,B0034,303,3665,03665.csv,0.1249296806141861,0.150132447088521,57,0.2750621277027071
3666,[2009. 8. 2. 13. 43. 33.359],24,B0034,305,3667,03667.csv,0.1259231863090842,0.1490022186394229,58,0.2749254049485071
3676,[2009. 8. 3. 6. 44. 10.109],24,B0034,315,3677,03677.csv,0.1251478576422379,0.1495313121470634,59,0.2746791697893013
3678,[2009. 8. 3. 10. 21. 40.546],24,B0034,317,3679,03679.csv,0.127212110588067,0.1490478179338208,60,0.2762599285218878
3688,[2009. 8. 4. 3. 20. 22.453],24,B0034,327,3689,03689.csv,0.1250220104431957,0.1488362525812901,61,0.2738582630244858
3690,[2009. 8. 4. 6. 57. 51.500],24,B0034,329,3691,03691.csv,0.1261498012706538,0.1488802539580276,62,0.2750300552286814
3692,[2009. 8. 5. 11. 44. 11.359],24,B0034,331,3693,03693.csv,0.1262382116404525,0.1477724527275404,63,0.27401066436799293
3694,[2009. 8. 5. 15. 21. 17.890],24,B0034,333,3695,03695.csv,0.1275273799981891,0.1483581068321612,64,0.2758854868303503
3704,[2009. 8. 6. 8. 18. 16.218],24,B0034,343,3705,03705.csv,0.1267067649942199,0.1505559141496879,65,0.2772626791439078
3706,[2009. 8. 6. 11. 53. 22.312],24,B0034,345,3707,03707.csv,0.1271239415617905,0.1473348966192847,66,0.2744588381810752
3716,[2009. 8. 7. 4. 35. 26.000],24,B0034,355,3717,03717.csv,0.1261700764551827,0.149951006318501,67,0.2761210827736837
3718,[2009. 8. 7. 8. 12. 41.046],24,B0034,357,3719,03719.csv,0.1260775043428536,0.1485469199588018,68,0.2746244243016554
3728,[2009. 8. 8. 1. 1. 57.640],24,B0034,367,3729,03729.csv,0.1259847009117174,0.1500907839197341,69,0.2760754848314515
3730,[2009. 8. 8. 4. 39. 32.250],24,B0034,369,3731,03731.csv,0.1258468150180572,0.1500417113466578,70,0.275888526364715
3740,[2009. 8. 8. 21. 35. 18.890],24,B0034,379,3741,03741.csv,0.1256610940601607,0.1505546868464956,71,0.2762157809066563
3742,[2009. 8. 9. 1. 12. 53.906],24,B0034,381,3743,03743.csv,0.1259459876773694,0.1508850262189733,72,0.2768310138963427
3744,[2009. 8. 17. 14. 4. 37.796],24,B0034,383,3745,03745.csv,0.1281248698098174,0.146054201901005,73,0.2741790717108224
3746,[2009. 8. 17. 17. 42. 13.500],24,B0034,385,3747,03747.csv,0.1291754709943593,0.1487549819388528,74,0.2779304529332121
3756,[2009. 8. 18. 10. 45. 1.796],24,B0034,395,3757,03757.csv,0.1281769482600933,0.149620093954911,75,0.2777970422150043
3758,[2009. 8. 18. 14. 22. 41.859],24,B0034,397,3759,03759.csv,0.129339376928962,0.1488266666977823,76,0.2781660436267443
3768,[2009. 8. 19. 7. 21. 18.453],24,B0034,407,3769,03769.csv,0.1280619860760862,0.152015146746944,77,0.2800771328230302
3770,[2009. 8. 19. 10. 58. 56.250],24,B0034,409,3771,03771.csv,0.1288554727133594,0.1506303179552148,78,0.2794857906685742
3780,[2009. 8. 20. 3. 58. 53.671],24,B0034,419,3781,03781.csv,0.1276233206471774,0.1520611644794443,79,0.2796844851266217
3782,[2009. 8. 20. 7. 36. 30.046],24,B0034,421,3783,03783.csv,0.1285235940686088,0.1513695168864817,80,0.2798931109550905
3792,[2009. 8. 21. 0. 30. 11.046],24,B0034,431,3793,03793.csv,0.1281399196144985,0.1531332374519551,81,0.2812731570664536
3794,[2009. 8. 21. 4. 7. 51.890],24,B0034,433,3795,03795.csv,0.1277624590570417,0.1517947179106206,82,0.2795571769676623
3796,[2009. 8. 21. 18. 54. 49.468],24,B0034,435,3797,03797.csv,0.1280301347971148,0.149620830035748,83,0.2776509648328628
3798,[2009. 8. 21. 22. 32. 29.312],24,B0034,437,3799,03799.csv,0.1287632732985492,0.1512289070426518,84,0.279992180341201
3808,[2009. 8. 22. 15. 28. 30.625],24,B0034,447,3809,03809.csv,0.1273350327236057,0.1526006935024498,85,0.2799357262260555
3810,[2009. 8. 22. 19. 6. 10.484],24,B0034,449,3811,03811.csv,0.127934454039426,0.1530529539595037,86,0.2809874079989297
3820,[2009. 8. 23. 12. 0. 5.281],24,B0034,459,3821,03821.csv,0.1269216243169195,0.1523759870999434,87,0.27929761141686293
3822,[2009. 8. 23. 15. 37. 51.359],24,B0034,461,3823,03823.csv,0.1273923195729759,0.1530415890232465,88,0.2804339085962224
3832,[2009. 8. 24. 8. 28. 44.140],24,B0034,471,3833,03833.csv,0.1275044964744739,0.1525147927664144,89,0.28001928924088826
3834,[2009. 8. 24. 12. 6. 32.093],24,B0034,473,3835,03835.csv,0.1290102771463865,0.1486956552677028,90,0.27770593241408925
3844,[2009. 8. 25. 4. 57. 21.937],24,B0034,483,3845,03845.csv,0.1284889021028816,0.1529669120425019,91,0.2814558141453835
3846,[2009. 8. 25. 8. 35. 11.937],24,B0034,485,3847,03847.csv,0.1278146946800452,0.1529550899800816,92,0.2807697846601268
3848,[2009. 6. 19. 17. 54. 12.968],24,B0036,1,3849,03849.csv,0.1054582299525589,0.1487691175341289,1,0.2542273474866878
3850,[2009. 6. 19. 21. 31. 7.671],24,B0036,3,3851,03851.csv,0.102986752659365,0.1308088982207626,2,0.2337956508801276
3860,[2009. 6. 20. 14. 46. 42.328],24,B0036,13,3861,03861.csv,0.101882440203153,0.1374624484507808,3,0.23934488865393377
3862,[2009. 6. 20. 18. 23. 38.703],24,B0036,15,3863,03863.csv,0.1012609541587629,0.1291598306694328,4,0.2304207848281957
3872,[2009. 6. 21. 11. 40. 22.859],24,B0036,25,3873,03873.csv,0.1014675785101048,0.1347411679923802,5,0.236208746502485
3874,[2009. 6. 21. 15. 17. 21.453],24,B0036,27,3875,03875.csv,0.1013931483466459,0.1263893482577175,6,0.2277824966043634
3884,[2009. 6. 22. 8. 33. 4.921],24,B0036,37,3885,03885.csv,0.1023442284398331,0.1315820642576044,7,0.2339262926974375
3886,[2009. 6. 22. 12. 10. 3.484],24,B0036,39,3887,03887.csv,0.1025167815502021,0.1254868623452591,8,0.22800364389546118
3896,[2009. 6. 23. 5. 25. 42.796],24,B0036,49,3897,03897.csv,0.1007125982811552,0.1307354701961412,9,0.2314480684772964
3898,[2009. 6. 23. 9. 2. 17.546],24,B0036,51,3899,03899.csv,0.1022622571762007,0.1253183569242175,10,0.2275806141004182
3900,[2009. 6. 26. 16. 28. 44.296],24,B0036,53,3901,03901.csv,0.1042869240239075,0.1280448853025694,11,0.2323318093264769
3902,[2009. 6. 26. 20. 0. 38.765],24,B0036,55,3903,03903.csv,0.1025951411216539,0.1237198229831826,12,0.22631496410483648
3912,[2009. 6. 27. 13. 17. 23.515],24,B0036,65,3913,03913.csv,0.1024124840646906,0.1281590626914613,13,0.23057154675615188
3914,[2009. 6. 27. 16. 54. 26.703],24,B0036,67,3915,03915.csv,0.1020481146391911,0.1239919497346756,14,0.2260400643738667
3924,[2009. 6. 28. 10. 9. 20.734],24,B0036,77,3925,03925.csv,0.1011799655818427,0.1277962756033119,15,0.22897624118515458
3926,[2009. 6. 28. 13. 46. 26.406],24,B0036,79,3927,03927.csv,0.1021270310722576,0.1232897893999445,16,0.2254168204722021
3936,[2009. 6. 29. 6. 57. 31.187],24,B0036,89,3937,03937.csv,0.1021005900576146,0.1282673045900516,17,0.2303678946476662
3938,[2009. 6. 29. 10. 34. 40.796],24,B0036,91,3939,03939.csv,0.102312808475618,0.1227784604308282,18,0.2250912689064462
3948,[2009. 6. 30. 3. 34. 42.890],24,B0036,101,3949,03949.csv,0.1009844381576679,0.1279030913067061,19,0.22888752946437402
3950,[2009. 6. 30. 7. 11. 10.921],24,B0036,103,3951,03951.csv,0.1018814962807889,0.1240098116051723,20,0.22589130788596118
3952,[2009. 7. 1. 12. 13. 46.546],24,B0036,105,3953,03953.csv,0.101869937334479,0.1257050037333607,21,0.22757494106783968
3954,[2009. 7. 1. 15. 46. 30.750],24,B0036,107,3955,03955.csv,0.1027164415837004,0.121698467010417,22,0.2244149085941174
3960,[2009. 7. 14. 17. 20. 12.578],24,B0036,113,3961,03961.csv,0.1043777366911868,0.1239405037461112,23,0.22831824043729798
3962,[2009. 7. 14. 20. 52. 2.390],24,B0036,115,3963,03963.csv,0.1040227495138019,0.1243788336879979,24,0.22840158320179982
3972,[2009. 7. 15. 13. 56. 28.453],24,B0036,125,3973,03973.csv,0.1035484717838907,0.1268638991057003,25,0.23041237088959102
3974,[2009. 7. 15. 17. 29. 6.468],24,B0036,127,3975,03975.csv,0.1032775943747973,0.1229352636573638,26,0.22621285803216112
3984,[2009. 7. 16. 10. 27. 32.703],24,B0036,137,3985,03985.csv,0.1033628543755121,0.1273372113382922,27,0.2307000657138043
3986,[2009. 7. 16. 14. 4. 11.781],24,B0036,139,3987,03987.csv,0.1042910923115587,0.1229516511727095,28,0.2272427434842682
3996,[2009. 7. 17. 7. 0. 20.593],24,B0036,149,3997,03997.csv,0.1011602319210744,0.1290285606007037,29,0.2301887925217781
3998,[2009. 7. 17. 10. 37. 1.515],24,B0036,151,3999,03999.csv,0.1035779067064479,0.1234676083250016,30,0.22704551503144949
4008,[2009. 7. 18. 3. 30. 0.546],24,B0036,161,4009,04009.csv,0.1021967759787474,0.1274976345935558,31,0.2296944105723032
4010,[2009. 7. 18. 7. 6. 20.390],24,B0036,163,4011,04011.csv,0.1015257349852554,0.125723168422026,32,0.22724890340728138
4012,[2009. 7. 23. 11. 23. 32.343],24,B0036,165,4013,04013.csv,0.10379049086169,0.1273702163877588,33,0.23116070724944882
4014,[2009. 7. 23. 14. 57. 2.000],24,B0036,167,4015,04015.csv,0.1032940105887217,0.1229881545844585,34,0.2262821651731802
4024,[2009. 7. 24. 7. 53. 5.750],24,B0036,177,4025,04025.csv,0.1022661172462768,0.1296660665686608,35,0.2319321838149376
4026,[2009. 7. 24. 11. 29. 17.812],24,B0036,179,4027,04027.csv,0.1032207839837861,0.124259090332115,36,0.2274798743159011
4036,[2009. 7. 25. 4. 17. 36.359],24,B0036,189,4037,04037.csv,0.1019047502214661,0.1292324068892471,37,0.2311371571107132
4038,[2009. 7. 25. 7. 54. 52.171],24,B0036,191,4039,04039.csv,0.1028892540502402,0.1256748253839231,38,0.2285640794341633
4048,[2009. 7. 26. 0. 58. 24.625],24,B0036,201,4049,04049.csv,0.1013862584808895,0.129631670797964,39,0.2310179292788535
4050,[2009. 7. 26. 4. 35. 20.656],24,B0036,203,4051,04051.csv,0.1023155434535772,0.1251981335588939,40,0.2275136770124711
4060,[2009. 7. 26. 21. 40. 50.046],24,B0036,213,4061,04061.csv,0.1017469005349673,0.1293402011642804,41,0.2310871016992477
4062,[2009. 7. 27. 1. 18. 12.828],24,B0036,215,4063,04063.csv,0.1029340973647276,0.1264013238476249,42,0.2293354212123525
4072,[2009. 7. 27. 18. 18. 44.828],24,B0036,225,4073,04073.csv,0.1025946675244855,0.1287868336623212,43,0.23138150118680667
4074,[2009. 7. 27. 21. 56. 8.671],24,B0036,227,4075,04075.csv,0.1016677917003621,0.12679382347294,44,0.2284616151733021
4084,[2009. 7. 28. 15. 0. 48.421],24,B0036,237,4085,04085.csv,0.1029105363066814,0.1284950431094582,45,0.2314055794161396
4086,[2009. 7. 28. 18. 37. 37.765],24,B0036,239,4087,04087.csv,0.1042778928730599,0.1244332888046054,46,0.2287111816776653
4096,[2009. 7. 29. 11. 41. 13.500],24,B0036,249,4097,04097.csv,0.1031371618677026,0.1272717980931582,47,0.2304089599608608
4098,[2009. 7. 29. 15. 18. 41.390],24,B0036,251,4099,04099.csv,0.1044429856737314,0.1246608031757409,48,0.2291037888494723
4108,[2009. 7. 30. 8. 18. 45.843],24,B0036,261,4109,04109.csv,0.1021322441746276,0.1288925704033234,49,0.231024814577951
4110,[2009. 7. 30. 11. 56. 13.156],24,B0036,263,4111,04111.csv,0.1045320687634572,0.1256188614613827,50,0.2301509302248399
4120,[2009. 7. 31. 4. 52. 29.859],24,B0036,273,4121,04121.csv,0.1016777563161076,0.12938532451978,51,0.2310630808358876
4122,[2009. 7. 31. 8. 29. 58.609],24,B0036,275,4123,04123.csv,0.1035342687005086,0.1263883086584116,52,0.2299225773589202
4126,[2009. 7. 31. 17. 1. 26.375],24,B0036,279,4127,04127.csv,0.1043951897523087,0.1246200163198223,53,0.229015206072131
4128,[2009. 7. 31. 20. 31. 9.109],24,B0036,281,4129,04129.csv,0.1044183648622564,0.1238369096822156,54,0.228255274544472
4138,[2009. 8. 1. 13. 29. 32.109],24,B0036,291,4139,04139.csv,0.1023573319203858,0.1296456726362269,55,0.2320030045566127
4140,[2009. 8. 1. 17. 6. 55.484],24,B0036,293,4141,04141.csv,0.1022936021423731,0.1256250116503699,56,0.227918613792743
4150,[2009. 8. 2. 10. 6. 4.984],24,B0036,303,4151,04151.csv,0.1026461818305451,0.1283553571701282,57,0.23100153900067327
4152,[2009. 8. 2. 13. 43. 33.359],24,B0036,305,4153,04153.csv,0.1029038380520534,0.1259509151830685,58,0.2288547532351219
4162,[2009. 8. 3. 6. 44. 10.109],24,B0036,315,4163,04163.csv,0.1024766979166926,0.1286476211750604,59,0.23112431909175302
4164,[2009. 8. 3. 10. 21. 40.546],24,B0036,317,4165,04165.csv,0.1040856806622729,0.1250605555562223,60,0.22914623621849523
4174,[2009. 8. 4. 3. 20. 22.453],24,B0036,327,4175,04175.csv,0.1030743485779748,0.129302103332383,61,0.23237645191035783
4176,[2009. 8. 4. 6. 57. 51.500],24,B0036,329,4177,04177.csv,0.1037414869532509,0.1274068576635496,62,0.2311483446168005
4178,[2009. 8. 5. 11. 44. 11.359],24,B0036,331,4179,04179.csv,0.1041371286820017,0.1275310804338011,63,0.2316682091158028
4180,[2009. 8. 5. 15. 21. 17.890],24,B0036,333,4181,04181.csv,0.1046730875946324,0.1242465770677705,64,0.22891966466240288
4190,[2009. 8. 6. 8. 18. 16.218],24,B0036,343,4191,04191.csv,0.1036270958740042,0.1287061834597127,65,0.2323332793337169
4192,[2009. 8. 6. 11. 53. 22.312],24,B0036,345,4193,04193.csv,0.1046814165790936,0.1249707755636301,66,0.2296521921427237
4202,[2009. 8. 7. 4. 35. 26.000],24,B0036,355,4203,04203.csv,0.1032286043309402,0.1282011091560409,67,0.2314297134869811
4204,[2009. 8. 7. 8. 12. 41.046],24,B0036,357,4205,04205.csv,0.1043656977117543,0.1259321049999877,68,0.230297802711742
4214,[2009. 8. 8. 1. 1. 57.640],24,B0036,367,4215,04215.csv,0.10254852102031,0.1286207879286705,69,0.23116930894898047
4216,[2009. 8. 8. 4. 39. 32.250],24,B0036,369,4217,04217.csv,0.1029259409333536,0.1267294347433985,70,0.2296553756767521
4226,[2009. 8. 8. 21. 35. 18.890],24,B0036,379,4227,04227.csv,0.1035926507195029,0.1282841842808354,71,0.2318768350003383
4228,[2009. 8. 9. 1. 12. 53.906],24,B0036,381,4229,04229.csv,0.103615310969762,0.1280595563839769,72,0.23167486735373888
4230,[2009. 8. 17. 14. 4. 37.796],24,B0036,383,4231,04231.csv,0.1051803748517661,0.1272055697533699,73,0.232385944605136
4232,[2009. 8. 17. 17. 42. 13.500],24,B0036,385,4233,04233.csv,0.1042563220427105,0.1246626993645387,74,0.2289190214072492
4242,[2009. 8. 18. 10. 45. 1.796],24,B0036,395,4243,04243.csv,0.1043897049892213,0.1277331946992752,75,0.23212289968849648
4244,[2009. 8. 18. 14. 22. 41.859],24,B0036,397,4245,04245.csv,0.1051440682725413,0.1239624732439577,76,0.229106541516499
4254,[2009. 8. 19. 7. 21. 18.453],24,B0036,407,4255,04255.csv,0.1041519879012397,0.13019853504814,77,0.2343505229493797
4256,[2009. 8. 19. 10. 58. 56.250],24,B0036,409,4257,04257.csv,0.1036160578605324,0.1263508501388481,78,0.2299669079993805
4266,[2009. 8. 20. 3. 58. 53.671],24,B0036,419,4267,04267.csv,0.103115016161315,0.1295186830402391,79,0.23263369920155413
4268,[2009. 8. 20. 7. 36. 30.046],24,B0036,421,4269,04269.csv,0.1032709787470331,0.1271079763657862,80,0.2303789551128193
4278,[2009. 8. 21. 0. 30. 11.046],24,B0036,431,4279,04279.csv,0.1042579623632945,0.1287556908944258,81,0.23301365325772028
4280,[2009. 8. 21. 4. 7. 51.890],24,B0036,433,4281,04281.csv,0.1039364275415278,0.1275792356995124,82,0.23151566324104023
4282,[2009. 8. 21. 18. 54. 49.468],24,B0036,435,4283,04283.csv,0.104404032238537,0.1281535452116646,83,0.2325575774502016
4284,[2009. 8. 21. 22. 32. 29.312],24,B0036,437,4285,04285.csv,0.104962660264592,0.1270114071122995,84,0.2319740673768915
4294,[2009. 8. 22. 15. 28. 30.625],24,B0036,447,4295,04295.csv,0.103392233469105,0.1291583220475767,85,0.23255055551668172
4296,[2009. 8. 22. 19. 6. 10.484],24,B0036,449,4297,04297.csv,0.1033269608287819,0.1280562076841714,86,0.2313831685129533
4306,[2009. 8. 23. 12. 0. 5.281],24,B0036,459,4307,04307.csv,0.1023069221439805,0.1296360514636262,87,0.23194297360760668
4308,[2009. 8. 23. 15. 37. 51.359],24,B0036,461,4309,04309.csv,0.1038631855399398,0.1292125368644082,88,0.23307572240434798
4318,[2009. 8. 24. 8. 28. 44.140],24,B0036,471,4319,04319.csv,0.103273665442993,0.128161334354613,89,0.231434999797606
4320,[2009. 8. 24. 12. 6. 32.093],24,B0036,473,4321,04321.csv,0.1065741956779839,0.1252361437262971,90,0.231810339404281
4330,[2009. 8. 25. 4. 57. 21.937],24,B0036,483,4331,04331.csv,0.1038416949694979,0.1279892322031696,91,0.2318309271726675
4332,[2009. 8. 25. 8. 35. 11.937],24,B0036,485,4333,04333.csv,0.1045221866874839,0.1289818806446491,92,0.23350406733213303
4334,[2010. 4. 14. 17. 5. 25.843],24,B0038,1,4335,04335.csv,0.1074122562791147,0.1942254966963916,1,0.3016377529755063
4336,[2010. 4. 14. 20. 38. 28.218],24,B0038,3,4337,04337.csv,0.1354086646263523,0.165173115662009,2,0.3005817802883613
4346,[2010. 4. 15. 11. 27. 45.375],24,B0038,13,4347,04347.csv,0.1389866409231137,0.1615954559935368,3,0.3005820969166505
4348,[2010. 4. 15. 15. 4. 41.281],24,B0038,15,4349,04349.csv,0.1409589153170984,0.1633585736118174,4,0.3043174889289158
4350,[2010. 4. 16. 12. 39. 51.906],24,B0038,17,4351,04351.csv,0.1385377431903669,0.1618850589403124,5,0.3004228021306793
4352,[2010. 4. 16. 16. 16. 47.734],24,B0038,19,4353,04353.csv,0.1390604486837707,0.1644415450645243,6,0.303501993748295
4362,[2010. 4. 17. 7. 1. 15.750],24,B0038,29,4363,04363.csv,0.1406855604946799,0.1621642589164747,7,0.30284981941115463
4364,[2010. 4. 17. 10. 38. 12.078],24,B0038,31,4365,04365.csv,0.1417566616272736,0.1655805616844977,8,0.30733722331177127
4366,[2010. 4. 21. 15. 43. 24.515],24,B0038,33,4367,04367.csv,0.1527239902869281,0.1700387050074027,9,0.32276269529433077
4368,[2010. 4. 21. 18. 57. 26.593],24,B0038,35,4369,04369.csv,0.1442799845227066,0.1557451124738889,10,0.3000250969965955
4378,[2010. 4. 22. 15. 23. 20.265],24,B0038,45,4379,04379.csv,0.1491780018586406,0.1697497697250293,11,0.3189277715836699
4380,[2010. 4. 22. 18. 36. 48.750],24,B0038,47,4381,04381.csv,0.1464874217828299,0.1580545419252342,12,0.3045419637080641
4382,[2010. 4. 23. 18. 45. 33.031],24,B0038,49,4383,04383.csv,0.1501273609941134,0.1691344665498041,13,0.3192618275439175
4384,[2010. 4. 23. 21. 59. 15.687],24,B0038,51,4385,04385.csv,0.1455291574783139,0.1573004337390157,14,0.3028295912173296
4394,[2010. 4. 24. 18. 19. 6.343],24,B0038,61,4395,04395.csv,0.1494034901821383,0.1675946844088751,15,0.3169981745910134
4396,[2010. 4. 24. 21. 33. 55.265],24,B0038,63,4397,04397.csv,0.1450098652315949,0.1581136878860872,16,0.30312355311768213
4406,[2010. 4. 25. 17. 54. 30.406],24,B0038,73,4407,04407.csv,0.1499477886692712,0.1639249113700764,17,0.3138727000393476
4408,[2010. 4. 25. 21. 10. 12.703],24,B0038,75,4409,04409.csv,0.1458467317489905,0.1571041662792431,18,0.3029508980282336
4418,[2010. 4. 26. 17. 45. 4.484],24,B0038,85,4419,04419.csv,0.1481241817775254,0.1715318508299061,19,0.3196560326074315
4420,[2010. 4. 26. 21. 3. 28.609],24,B0038,87,4421,04421.csv,0.1456213343445297,0.1578165945934228,20,0.3034379289379525
4430,[2010. 4. 27. 17. 37. 16.015],24,B0038,97,4431,04431.csv,0.1475629967032582,0.1716490552741841,21,0.3192120519774423
4432,[2010. 4. 27. 20. 57. 53.687],24,B0038,99,4433,04433.csv,0.1452836701674513,0.1571691009282757,22,0.302452771095727
4434,[2010. 4. 28. 14. 21. 8.187],24,B0038,101,4435,04435.csv,0.146444823885942,0.1627451910609286,23,0.3091900149468706
4436,[2010. 4. 28. 17. 34. 11.406],24,B0038,103,4437,04437.csv,0.1461825969283644,0.158944262526129,24,0.3051268594544934
4446,[2010. 4. 29. 9. 8. 59.468],24,B0038,113,4447,04447.csv,0.1455848393689511,0.1621289850626931,25,0.3077138244316442
4448,[2010. 4. 29. 12. 24. 0.578],24,B0038,115,4449,04449.csv,0.1467937683516624,0.15906437833902,26,0.30585814669068245
4450,[2010. 5. 4. 13. 52. 15.937],24,B0038,117,4451,04451.csv,0.156166985593236,0.1687487221470342,27,0.32491570774027023
4452,[2010. 5. 4. 16. 54. 50.843],24,B0038,119,4453,04453.csv,0.1564431165662892,0.1688866280738168,28,0.325329744640106
4456,[2010. 4. 14. 17. 5. 25.843],24,B0039,1,4457,04457.csv,0.1041375987107633,0.1265771545693798,1,0.23071475328014307
4458,[2010. 4. 14. 20. 38. 28.218],24,B0039,3,4459,04459.csv,0.1185198874494795,0.1479765884714088,2,0.2664964759208883
4468,[2010. 4. 15. 11. 27. 45.375],24,B0039,13,4469,04469.csv,0.0997718128695933,0.1251312898819365,3,0.2249031027515298
4470,[2010. 4. 15. 15. 4. 41.281],24,B0039,15,4471,04471.csv,0.102144213673012,0.1277720421504528,4,0.2299162558234648
4472,[2010. 4. 16. 12. 39. 51.906],24,B0039,17,4473,04473.csv,0.1030285084654799,0.1288471241497328,5,0.23187563261521268
4474,[2010. 4. 16. 16. 16. 47.734],24,B0039,19,4475,04475.csv,0.1014537466753826,0.1311091085380788,6,0.2325628552134614
4484,[2010. 4. 17. 7. 1. 15.750],24,B0039,29,4485,04485.csv,0.0991657164079695,0.1256579656045329,7,0.2248236820125024
4486,[2010. 4. 17. 10. 38. 12.078],24,B0039,31,4487,04487.csv,0.0965011379673775,0.125814495398153,8,0.2223156333655305
4488,[2010. 4. 21. 15. 43. 24.515],24,B0039,33,4489,04489.csv,0.1066929024353973,0.1225890679290762,9,0.2292819703644735
4490,[2010. 4. 21. 18. 57. 26.593],24,B0039,35,4491,04491.csv,0.10575691934226,0.1166590648817664,10,0.22241598422402642
4500,[2010. 4. 22. 15. 23. 20.265],24,B0039,45,4501,04501.csv,0.1042207439807255,0.1226096086973747,11,0.2268303526781002
4502,[2010. 4. 22. 18. 36. 48.750],24,B0039,47,4503,04503.csv,0.1043106805566972,0.1150229358356421,12,0.2193336163923393
4504,[2010. 4. 23. 18. 45. 33.031],24,B0039,49,4505,04505.csv,0.1047545428993546,0.1230370730839515,13,0.2277916159833061
4506,[2010. 4. 23. 21. 59. 15.687],24,B0039,51,4507,04507.csv,0.1037226007504304,0.1158034441415268,14,0.2195260448919572
4516,[2010. 4. 24. 18. 19. 6.343],24,B0039,61,4517,04517.csv,0.1046825342184998,0.123719212049093,15,0.2284017462675928
4518,[2010. 4. 24. 21. 33. 55.265],24,B0039,63,4519,04519.csv,0.1021636716592339,0.1157783767436508,16,0.2179420484028847
4528,[2010. 4. 25. 17. 54. 30.406],24,B0039,73,4529,04529.csv,0.1043249777045218,0.1225191085630094,17,0.22684408626753122
4530,[2010. 4. 25. 21. 10. 12.703],24,B0039,75,4531,04531.csv,0.1047400112572983,0.1174857532001665,18,0.2222257644574648
4540,[2010. 4. 26. 17. 45. 4.484],24,B0039,85,4541,04541.csv,0.1055518828673088,0.123643384223538,19,0.2291952670908468
4542,[2010. 4. 26. 21. 3. 28.609],24,B0039,87,4543,04543.csv,0.1038891605166846,0.1159864988348776,20,0.21987565935156222
4552,[2010. 4. 27. 17. 37. 16.015],24,B0039,97,4553,04553.csv,0.1069946005413448,0.1233353647664199,21,0.2303299653077647
4554,[2010. 4. 27. 20. 57. 53.687],24,B0039,99,4555,04555.csv,0.1036796428951875,0.1158299310131187,22,0.2195095739083062
4556,[2010. 4. 28. 14. 21. 8.187],24,B0039,101,4557,04557.csv,0.1022655792721351,0.1161909127196804,23,0.2184564919918155
4558,[2010. 4. 28. 17. 34. 11.406],24,B0039,103,4559,04559.csv,0.1026017419107234,0.1152245944059326,24,0.217826336316656
4568,[2010. 4. 29. 9. 8. 59.468],24,B0039,113,4569,04569.csv,0.1045618170020607,0.1168376666778511,25,0.2213994836799118
4570,[2010. 4. 29. 12. 24. 0.578],24,B0039,115,4571,04571.csv,0.104595721931662,0.1170178272898286,26,0.2216135492214906
4572,[2010. 5. 4. 13. 52. 15.937],24,B0039,117,4573,04573.csv,0.1049338162218451,0.1161580200977145,27,0.2210918363195596
4574,[2010. 5. 4. 16. 54. 50.843],24,B0039,119,4575,04575.csv,0.1065281068779178,0.1181904738199603,28,0.2247185806978781
4578,[2010. 4. 14. 17. 5. 25.843],24,B0040,1,4579,04579.csv,0.1187954549012567,0.1475715930615941,1,0.2663670479628508
4580,[2010. 4. 14. 20. 38. 28.218],24,B0040,3,4581,04581.csv,0.1219059975893953,0.1476116036789185,2,0.2695176012683138
4590,[2010. 4. 15. 11. 27. 45.375],24,B0040,13,4591,04591.csv,0.1164204206449707,0.1385125943430327,3,0.2549330149880034
4592,[2010. 4. 15. 15. 4. 41.281],24,B0040,15,4593,04593.csv,0.1173595250393376,0.141946277814117,4,0.2593058028534546
4594,[2010. 4. 16. 12. 39. 51.906],24,B0040,17,4595,04595.csv,0.1167088325664584,0.1396862716775477,5,0.25639510424400613
4596,[2010. 4. 16. 16. 16. 47.734],24,B0040,19,4597,04597.csv,0.116436023638212,0.1430713061031339,6,0.2595073297413459
4606,[2010. 4. 17. 7. 1. 15.750],24,B0040,29,4607,04607.csv,0.116168955331647,0.1390542268088859,7,0.2552231821405329
4608,[2010. 4. 17. 10. 38. 12.078],24,B0040,31,4609,04609.csv,0.116667291895821,0.1408031763916089,8,0.25747046828742987
4610,[2010. 4. 21. 15. 43. 24.515],24,B0040,33,4611,04611.csv,0.124733793054055,0.1386087864200526,9,0.2633425794741076
4612,[2010. 4. 21. 18. 57. 26.593],24,B0040,35,4613,04613.csv,0.1243501349471261,0.1344066738421317,10,0.2587568087892578
4622,[2010. 4. 22. 15. 23. 20.265],24,B0040,45,4623,04623.csv,0.1239312053716789,0.1375811992235432,11,0.26151240459522207
4624,[2010. 4. 22. 18. 36. 48.750],24,B0040,47,4625,04625.csv,0.1233564920742878,0.1331525400570718,12,0.2565090321313596
4626,[2010. 4. 23. 18. 45. 33.031],24,B0040,49,4627,04627.csv,0.123556032143478,0.1361976375137593,13,0.2597536696572373
4628,[2010. 4. 23. 21. 59. 15.687],24,B0040,51,4629,04629.csv,0.1225040186823496,0.1331619275624537,14,0.2556659462448033
4638,[2010. 4. 24. 18. 19. 6.343],24,B0040,61,4639,04639.csv,0.1227398606898482,0.1381079837660874,15,0.2608478444559356
4640,[2010. 4. 24. 21. 33. 55.265],24,B0040,63,4641,04641.csv,0.1222009388184009,0.1326713927654389,16,0.2548723315838398
4650,[2010. 4. 25. 17. 54. 30.406],24,B0040,73,4651,04651.csv,0.1221621870062365,0.1379887813251949,17,0.2601509683314314
4652,[2010. 4. 25. 21. 10. 12.703],24,B0040,75,4653,04653.csv,0.1219858711115269,0.1333987629956205,18,0.2553846341071474
4662,[2010. 4. 26. 17. 45. 4.484],24,B0040,85,4663,04663.csv,0.1228666424484457,0.1393633908068963,19,0.262230033255342
4664,[2010. 4. 26. 21. 3. 28.609],24,B0040,87,4665,04665.csv,0.1212139471823516,0.1336918157710993,20,0.2549057629534509
4674,[2010. 4. 27. 17. 37. 16.015],24,B0040,97,4675,04675.csv,0.1232265080312267,0.1398729106513225,21,0.2630994186825492
4676,[2010. 4. 27. 20. 57. 53.687],24,B0040,99,4677,04677.csv,0.1226026050513524,0.133347275961549,22,0.2559498810129014
4678,[2010. 4. 28. 14. 21. 8.187],24,B0040,101,4679,04679.csv,0.1230742755317295,0.1363731067416526,23,0.2594473822733821
4680,[2010. 4. 28. 17. 34. 11.406],24,B0040,103,4681,04681.csv,0.1232360911234898,0.1340413122109681,24,0.2572774033344579
4690,[2010. 4. 29. 9. 8. 59.468],24,B0040,113,4691,04691.csv,0.1219590031434924,0.1359097925234744,25,0.2578687956669668
4692,[2010. 4. 29. 12. 24. 0.578],24,B0040,115,4693,04693.csv,0.1236963990271704,0.1341759139695069,26,0.2578723129966773
4694,[2010. 5. 4. 13. 52. 15.937],24,B0040,117,4695,04695.csv,0.1392745452413228,0.1498118882535874,27,0.2890864334949102
4696,[2010. 5. 4. 16. 54. 50.843],24,B0040,119,4697,04697.csv,0.1385168925070375,0.1498897237364264,28,0.28840661624346386
4701,[2010. 6. 16. 14. 15. 4.890],24,B0041,2,4702,04702.csv,0.0535433453908043,0.1859019069554843,1,0.2394452523462886
4711,[2010. 6. 17. 4. 1. 42.312],24,B0041,12,4712,04712.csv,0.0531341467882269,0.1817677975788547,2,0.2349019443670816
4713,[2010. 6. 17. 7. 38. 43.687],24,B0041,14,4714,04714.csv,0.0517508325288131,0.1855171357206836,3,0.2372679682494967
4723,[2010. 6. 17. 21. 52. 19.546],24,B0041,24,4724,04724.csv,0.0526774484408886,0.1961571790484809,4,0.2488346274893695
4725,[2010. 6. 18. 1. 29. 23.531],24,B0041,26,4726,04726.csv,0.0529248018775308,0.1857635384190134,5,0.2386883402965442
4735,[2010. 6. 18. 15. 41. 40.687],24,B0041,36,4736,04736.csv,0.0523892971311921,0.1865464328257314,6,0.23893572995692353
4737,[2010. 6. 18. 19. 18. 45.218],24,B0041,38,4738,04738.csv,0.0524039212072358,0.1886776649200274,7,0.24108158612726321
4747,[2010. 6. 19. 9. 4. 42.656],24,B0041,48,4748,04748.csv,0.0521532074632984,0.1822733283490487,8,0.2344265358123471
4749,[2010. 6. 19. 12. 30. 36.890],24,B0041,50,4750,04750.csv,0.0528310723280793,0.1957105875037792,9,0.2485416598318585
4751,[2010. 6. 21. 15. 42. 37.859],24,B0041,52,4752,04752.csv,0.0542575747077429,0.1956664663809117,10,0.2499240410886546
4753,[2010. 6. 21. 19. 19. 46.593],24,B0041,54,4754,04754.csv,0.054090268807287,0.2206684330727391,11,0.2747587018800261
4763,[2010. 6. 22. 9. 27. 8.843],24,B0041,64,4764,04764.csv,0.0544906207417869,0.1984674230290074,12,0.25295804377079434
4765,[2010. 6. 22. 13. 4. 18.296],24,B0041,66,4766,04766.csv,0.0541206217262819,0.1849572210121443,13,0.2390778427384262
4775,[2010. 6. 23. 3. 15. 52.484],24,B0041,76,4776,04776.csv,0.0541994063979531,0.1994987415146087,14,0.2536981479125618
4777,[2010. 6. 23. 6. 53. 1.625],24,B0041,78,4778,04778.csv,0.0523322711634034,0.1960524938191457,15,0.24838476498254908
4787,[2010. 6. 23. 20. 39. 52.671],24,B0041,88,4788,04788.csv,0.0535384391699335,0.1834909943354005,16,0.237029433505334
4789,[2010. 6. 23. 22. 38. 15.390],24,B0041,90,4790,04790.csv,0.0551537841354749,0.1840077663962839,17,0.2391615505317588
4799,[2010. 6. 24. 3. 19. 21.546],24,B0041,100,4800,04800.csv,0.0536086980132811,0.1940919601573923,18,0.2477006581706734
4801,[2010. 6. 24. 4. 59. 0.250],24,B0041,102,4802,04802.csv,0.0530770886099763,0.2149164793040737,19,0.26799356791405
4803,[2010. 6. 25. 20. 24. 6.312],24,B0041,104,4804,04804.csv,0.0597396674294839,0.217369466927491,20,0.27710913435697493
4805,[2010. 6. 26. 0. 1. 20.359],24,B0041,106,4806,04806.csv,0.0520227239672869,0.1955549040765648,21,0.24757762804385172
4815,[2010. 6. 26. 20. 39. 31.140],24,B0041,116,4816,04816.csv,0.0573198078435322,0.2130381470467635,22,0.2703579548902957
4817,[2010. 6. 27. 0. 16. 41.953],24,B0041,118,4818,04818.csv,0.0526904058825759,0.2025055350689993,23,0.25519594095157516
4827,[2010. 6. 27. 20. 42. 49.937],24,B0041,128,4828,04828.csv,0.0593686917141258,0.2103660402850763,24,0.2697347319992021
4829,[2010. 6. 28. 0. 20. 6.921],24,B0041,130,4830,04830.csv,0.0547724493907827,0.2105945065036999,25,0.2653669558944826
4839,[2010. 6. 28. 20. 34. 48.703],24,B0041,140,4840,04840.csv,0.0616298243393424,0.2090906925597569,26,0.2707205168990993
4841,[2010. 6. 29. 0. 12. 8.687],24,B0041,142,4842,04842.csv,0.0557417318276825,0.1973430373572889,27,0.2530847691849714
4851,[2010. 6. 29. 20. 15. 20.890],24,B0041,152,4852,04852.csv,0.0629167632099266,0.2185104540640456,28,0.2814272172739722
4853,[2010. 6. 29. 23. 52. 41.093],24,B0041,154,4854,04854.csv,0.0571892565609036,0.1941291883123657,29,0.2513184448732693
4863,[2010. 6. 3. 19. 59. 13.171],24,B0042,1,4864,04864.csv,0.0758644695101022,0.1283306825628963,1,0.2041951520729985
4873,[2010. 6. 4. 13. 17. 33.140],24,B0042,11,4874,04874.csv,0.0745982248110064,0.1172307475816121,2,0.1918289723926185
4875,[2010. 6. 4. 16. 54. 24.109],24,B0042,13,4876,04876.csv,0.0751636096366125,0.1131380526405654,3,0.1883016622771779
4885,[2010. 6. 5. 9. 47. 27.109],24,B0042,23,4886,04886.csv,0.0739279969184332,0.1154839130420179,4,0.1894119099604511
4887,[2010. 6. 5. 13. 24. 19.718],24,B0042,25,4888,04888.csv,0.0739153341311581,0.1160794280843854,5,0.1899947622155435
4897,[2010. 6. 6. 6. 26. 12.265],24,B0042,35,4898,04898.csv,0.0732211442745022,0.1152473905076882,6,0.1884685347821904
4899,[2010. 6. 6. 10. 3. 8.109],24,B0042,37,4900,04900.csv,0.0740477597124731,0.1148844296432379,7,0.188932189355711
4909,[2010. 6. 7. 3. 2. 21.765],24,B0042,47,4910,04910.csv,0.0754030865604642,0.1130345941975153,8,0.1884376807579795
4911,[2010. 6. 7. 6. 39. 18.421],24,B0042,49,4912,04912.csv,0.0747526538711737,0.1148966738004377,9,0.1896493276716114
4913,[2010. 6. 7. 14. 53. 59.750],24,B0042,51,4914,04914.csv,0.0735457646154838,0.1129311904133641,10,0.1864769550288479
4915,[2010. 6. 7. 18. 30. 57.328],24,B0042,53,4916,04916.csv,0.0738675928473736,0.1127342768111405,11,0.1866018696585141
4925,[2010. 6. 8. 11. 29. 23.750],24,B0042,63,4926,04926.csv,0.0735436019829366,0.1119072844861944,12,0.185450886469131
4927,[2010. 6. 8. 15. 6. 23.578],24,B0042,65,4928,04928.csv,0.0739944660268061,0.1127529834135872,13,0.1867474494403933
4937,[2010. 6. 9. 8. 2. 1.843],24,B0042,75,4938,04938.csv,0.0752106873433171,0.1089620948447375,14,0.1841727821880546
4939,[2010. 6. 9. 11. 39. 0.890],24,B0042,77,4940,04940.csv,0.0744915146409264,0.1118610851747044,15,0.1863525998156308
4949,[2010. 6. 10. 4. 31. 20.156],24,B0042,87,4950,04950.csv,0.0734447820303841,0.1121342811778504,16,0.1855790632082345
4951,[2010. 6. 10. 8. 8. 25.312],24,B0042,89,4952,04952.csv,0.0743104624224476,0.1133210016809909,17,0.1876314641034385
4961,[2010. 6. 11. 0. 57. 48.437],24,B0042,99,4962,04962.csv,0.0746051300512572,0.109634770915838,18,0.1842399009670952
4963,[2010. 6. 11. 4. 34. 52.187],24,B0042,101,4964,04964.csv,0.0754596251487432,0.1137792668690111,19,0.1892388920177543
4965,[2010. 6. 11. 12. 40. 24.671],24,B0042,103,4966,04966.csv,0.0787752946838584,0.1589538204387527,20,0.23772911512261108
4967,[2010. 6. 11. 16. 17. 32.000],24,B0042,105,4968,04968.csv,0.0769982195284669,0.1825992953152706,21,0.2595975148437375
4976,[2010. 6. 16. 14. 15. 4.890],24,B0042,114,4977,04977.csv,0.0780061072945392,0.1841339460927001,22,0.2621400533872393
4986,[2010. 6. 17. 4. 1. 42.312],24,B0042,124,4987,04987.csv,0.0758253005774359,0.1501184520346214,23,0.2259437526120573
4988,[2010. 6. 17. 7. 38. 43.687],24,B0042,126,4989,04989.csv,0.0758740062898077,0.1898068619543367,24,0.2656808682441444
4998,[2010. 6. 17. 21. 52. 19.546],24,B0042,136,4999,04999.csv,0.0759821232914421,0.1589460547714506,25,0.2349281780628927
5000,[2010. 6. 18. 1. 29. 23.531],24,B0042,138,5001,05001.csv,0.0760013508183652,0.1779143465055044,26,0.2539156973238696
5010,[2010. 6. 18. 15. 41. 40.687],24,B0042,148,5011,05011.csv,0.0759427808549732,0.1659946974916787,27,0.2419374783466519
5012,[2010. 6. 18. 19. 18. 45.218],24,B0042,150,5013,05013.csv,0.0770468109234872,0.1968027392847056,28,0.2738495502081928
5022,[2010. 6. 19. 9. 4. 42.656],24,B0042,160,5023,05023.csv,0.0758800349875149,0.1548867566099522,29,0.2307667915974671
5024,[2010. 6. 19. 12. 30. 36.890],24,B0042,162,5025,05025.csv,0.0749692599471269,0.1888871205390956,30,0.2638563804862225
5026,[2010. 6. 21. 15. 42. 37.859],24,B0042,164,5027,05027.csv,0.0758901539630352,0.1575364384992134,31,0.2334265924622486
5028,[2010. 6. 21. 19. 19. 46.593],24,B0042,166,5029,05029.csv,0.076912853654541,0.1916081813788454,32,0.26852103503338637
5038,[2010. 6. 22. 9. 27. 8.843],24,B0042,176,5039,05039.csv,0.0771199362718293,0.159801219513222,33,0.2369211557850513
5040,[2010. 6. 22. 13. 4. 18.296],24,B0042,178,5041,05041.csv,0.0765149902718176,0.1939822096858468,34,0.2704971999576644
5050,[2010. 6. 23. 3. 15. 52.484],24,B0042,188,5051,05051.csv,0.0765934326034681,0.1671806279867874,35,0.2437740605902555
5052,[2010. 6. 23. 6. 53. 1.625],24,B0042,190,5053,05053.csv,0.0791281546508097,0.1915612590522868,36,0.2706894137030965
5062,[2010. 6. 23. 20. 39. 52.671],24,B0042,200,5063,05063.csv,0.0782449961298768,0.1882802445072384,37,0.2665252406371152
5064,[2010. 6. 23. 22. 38. 15.390],24,B0042,202,5065,05065.csv,0.0790503534240833,0.198004520349432,38,0.2770548737735153
5074,[2010. 6. 24. 3. 19. 21.546],24,B0042,212,5075,05075.csv,0.0790666191566473,0.193737072470994,39,0.2728036916276413
5076,[2010. 6. 24. 4. 59. 0.250],24,B0042,214,5077,05077.csv,0.0787123739973389,0.1893087271488929,40,0.2680211011462318
5078,[2010. 6. 25. 20. 24. 6.312],24,B0042,216,5079,05079.csv,0.0869894067158344,0.2120398240469713,41,0.2990292307628057
5080,[2010. 6. 26. 0. 1. 20.359],24,B0042,218,5081,05081.csv,0.078282632811948,0.1924214151240965,42,0.2707040479360445
5090,[2010. 6. 26. 20. 39. 31.140],24,B0042,228,5091,05091.csv,0.0819463036657212,0.2495117379387515,43,0.3314580416044727
5092,[2010. 6. 27. 0. 16. 41.953],24,B0042,230,5093,05093.csv,0.0772233628496216,0.2012540315013774,44,0.278477394350999
5102,[2010. 6. 27. 20. 42. 49.937],24,B0042,240,5103,05103.csv,0.0825942749645891,0.230587503298897,45,0.3131817782634861
5104,[2010. 6. 28. 0. 20. 6.921],24,B0042,242,5105,05105.csv,0.0778025182673027,0.196930633856397,46,0.2747331521236997
5114,[2010. 6. 28. 20. 34. 48.703],24,B0042,252,5115,05115.csv,0.083220323534506,0.2565790167002258,47,0.3397993402347318
5116,[2010. 6. 29. 0. 12. 8.687],24,B0042,254,5117,05117.csv,0.0785474312309159,0.1946124383761916,48,0.2731598696071075
5126,[2010. 6. 29. 20. 15. 20.890],24,B0042,264,5127,05127.csv,0.0850663390679178,0.2400864150871061,49,0.32515275415502387
5128,[2010. 6. 29. 23. 52. 41.093],24,B0042,266,5129,05129.csv,0.0790373338975149,0.209456772986416,50,0.2884941068839309
5138,[2010. 6. 3. 19. 59. 13.171],24,B0043,1,5139,05139.csv,0.0695338223583365,0.1127056568679586,1,0.18223947922629508
5148,[2010. 6. 4. 13. 17. 33.140],24,B0043,11,5149,05149.csv,0.0639722989110602,0.1085598128584668,2,0.17253211176952699
5150,[2010. 6. 4. 16. 54. 24.109],24,B0043,13,5151,05151.csv,0.0604743840213743,0.104602050073422,3,0.1650764340947963
5160,[2010. 6. 5. 9. 47. 27.109],24,B0043,23,5161,05161.csv,0.0598149311273017,0.1007783194123115,4,0.1605932505396132
5162,[2010. 6. 5. 13. 24. 19.718],24,B0043,25,5163,05163.csv,0.0608027832295982,0.1034630136463737,5,0.1642657968759719
5172,[2010. 6. 6. 6. 26. 12.265],24,B0043,35,5173,05173.csv,0.0609403216648771,0.1000312029246503,6,0.1609715245895274
5174,[2010. 6. 6. 10. 3. 8.109],24,B0043,37,5175,05175.csv,0.0627657269457884,0.1056990249798636,7,0.168464751925652
5184,[2010. 6. 7. 3. 2. 21.765],24,B0043,47,5185,05185.csv,0.0600281994433925,0.1029964391005226,8,0.1630246385439151
5186,[2010. 6. 7. 6. 39. 18.421],24,B0043,49,5187,05187.csv,0.0594640552231926,0.1031826028831793,9,0.1626466581063719
5188,[2010. 6. 7. 14. 53. 59.750],24,B0043,51,5189,05189.csv,0.0599250774802112,0.0996374352023072,10,0.1595625126825184
5190,[2010. 6. 7. 18. 30. 57.328],24,B0043,53,5191,05191.csv,0.0582098617646155,0.0987519482223292,11,0.1569618099869447
5200,[2010. 6. 8. 11. 29. 23.750],24,B0043,63,5201,05201.csv,0.0593575677806925,0.0964612614727344,12,0.15581882925342688
5202,[2010. 6. 8. 15. 6. 23.578],24,B0043,65,5203,05203.csv,0.0627465521074934,0.1023897681649667,13,0.1651363202724601
5212,[2010. 6. 9. 8. 2. 1.843],24,B0043,75,5213,05213.csv,0.0596981836370273,0.0954345361061155,14,0.1551327197431428
5214,[2010. 6. 9. 11. 39. 0.890],24,B0043,77,5215,05215.csv,0.0613005241934285,0.1036844243407913,15,0.1649849485342198
5224,[2010. 6. 10. 4. 31. 20.156],24,B0043,87,5225,05225.csv,0.0623602293329757,0.0998019457811927,16,0.1621621751141684
5226,[2010. 6. 10. 8. 8. 25.312],24,B0043,89,5227,05227.csv,0.061005987569003,0.1042003334992437,17,0.1652063210682467
5236,[2010. 6. 11. 0. 57. 48.437],24,B0043,99,5237,05237.csv,0.0641079183034997,0.1000588096280175,18,0.1641667279315172
5238,[2010. 6. 11. 4. 34. 52.187],24,B0043,101,5239,05239.csv,0.0634383455309271,0.1070525056869741,19,0.1704908512179012
5240,[2010. 6. 11. 12. 40. 24.671],24,B0043,103,5241,05241.csv,0.0697401346096317,0.2068489199263893,20,0.276589054536021
5242,[2010. 6. 11. 16. 17. 32.000],24,B0043,105,5243,05243.csv,0.0680724272528027,0.215524679658249,21,0.2835971069110517
5251,[2010. 6. 16. 14. 15. 4.890],24,B0043,114,5252,05252.csv,0.0728089271406539,0.2132016712074083,22,0.2860105983480622
5261,[2010. 6. 17. 4. 1. 42.312],24,B0043,124,5262,05262.csv,0.0692872982721422,0.1985768066960867,23,0.2678641049682289
5263,[2010. 6. 17. 7. 38. 43.687],24,B0043,126,5264,05264.csv,0.0671293429290887,0.2080943717079212,24,0.2752237146370099
5273,[2010. 6. 17. 21. 52. 19.546],24,B0043,136,5274,05274.csv,0.0692303086420844,0.1897216452252157,25,0.2589519538673001
5275,[2010. 6. 18. 1. 29. 23.531],24,B0043,138,5276,05276.csv,0.070910121978764,0.1911720249765175,26,0.26208214695528154
5285,[2010. 6. 18. 15. 41. 40.687],24,B0043,148,5286,05286.csv,0.0657738630856844,0.2053526238059936,27,0.271126486891678
5287,[2010. 6. 18. 19. 18. 45.218],24,B0043,150,5288,05288.csv,0.078210335528561,0.2178688419683504,28,0.2960791774969114
5297,[2010. 6. 19. 9. 4. 42.656],24,B0043,160,5298,05298.csv,0.0774654767316653,0.2047061880439093,29,0.2821716647755746
5299,[2010. 6. 19. 12. 30. 36.890],24,B0043,162,5300,05300.csv,0.0782132535674419,0.2141054681428336,30,0.2923187217102755
5301,[2010. 6. 21. 15. 42. 37.859],24,B0043,164,5302,05302.csv,0.0782690088679511,0.2053281881889852,31,0.2835971970569363
5303,[2010. 6. 21. 19. 19. 46.593],24,B0043,166,5304,05304.csv,0.0807128037794328,0.1983273103374343,32,0.27904011411686713
5313,[2010. 6. 22. 9. 27. 8.843],24,B0043,176,5314,05314.csv,0.0764569660919269,0.2040781631570062,33,0.2805351292489331
5315,[2010. 6. 22. 13. 4. 18.296],24,B0043,178,5316,05316.csv,0.0771213634592297,0.2114593669705687,34,0.28858073042979837
5325,[2010. 6. 23. 3. 15. 52.484],24,B0043,188,5326,05326.csv,0.074890199514523,0.2102242477486811,35,0.2851144472632041
5327,[2010. 6. 23. 6. 53. 1.625],24,B0043,190,5328,05328.csv,0.0774364655744048,0.2119460293881391,36,0.2893824949625439
5337,[2010. 6. 23. 20. 39. 52.671],24,B0043,200,5338,05338.csv,0.0796507321721678,0.2188828736100156,37,0.2985336057821834
5339,[2010. 6. 23. 22. 38. 15.390],24,B0043,202,5340,05340.csv,0.0767587338897267,0.2059912786884939,38,0.28275001257822063
5349,[2010. 6. 24. 3. 19. 21.546],24,B0043,212,5350,05350.csv,0.0743172114602681,0.2087922206753092,39,0.28310943213557727
5351,[2010. 6. 24. 4. 59. 0.250],24,B0043,214,5352,05352.csv,0.0758185892071455,0.2025122662195648,40,0.2783308554267103
5353,[2010. 6. 25. 20. 24. 6.312],24,B0043,216,5354,05354.csv,0.0815730185406807,0.2273416626483167,41,0.3089146811889974
5355,[2010. 6. 26. 0. 1. 20.359],24,B0043,218,5356,05356.csv,0.0779658613712917,0.1979473739177315,42,0.27591323528902323
5365,[2010. 6. 26. 20. 39. 31.140],24,B0043,228,5366,05366.csv,0.0815965903131468,0.2290899827829602,43,0.310686573096107
5367,[2010. 6. 27. 0. 16. 41.953],24,B0043,230,5368,05368.csv,0.075670079040447,0.1939116580419818,44,0.2695817370824288
5377,[2010. 6. 27. 20. 42. 49.937],24,B0043,240,5378,05378.csv,0.0827731208742837,0.2456589718806829,45,0.3284320927549666
5379,[2010. 6. 28. 0. 20. 6.921],24,B0043,242,5380,05380.csv,0.0773317413542424,0.1948043751966629,46,0.2721361165509053
5389,[2010. 6. 28. 20. 34. 48.703],24,B0043,252,5390,05390.csv,0.0820613306684353,0.2345891909586788,47,0.3166505216271141
5391,[2010. 6. 29. 0. 12. 8.687],24,B0043,254,5392,05392.csv,0.0752054973692065,0.2210521704198716,48,0.2962576677890781
5401,[2010. 6. 29. 20. 15. 20.890],24,B0043,264,5402,05402.csv,0.0838162702606153,0.2215558621168682,49,0.3053721323774835
5403,[2010. 6. 29. 23. 52. 41.093],24,B0043,266,5404,05404.csv,0.0782066915934319,0.217415593741603,50,0.2956222853350349
5413,[2010. 6. 3. 19. 59. 13.171],24,B0044,1,5414,05414.csv,0.0802491304054117,0.1445925073678542,1,0.2248416377732659
5423,[2010. 6. 4. 13. 17. 33.140],24,B0044,11,5424,05424.csv,0.0773011140703099,0.1266961367194894,2,0.2039972507897993
5425,[2010. 6. 4. 16. 54. 24.109],24,B0044,13,5426,05426.csv,0.0768616167394947,0.1223032998649249,3,0.1991649166044196
5435,[2010. 6. 5. 9. 47. 27.109],24,B0044,23,5436,05436.csv,0.0749501640530671,0.125924658447717,4,0.2008748225007841
5437,[2010. 6. 5. 13. 24. 19.718],24,B0044,25,5438,05438.csv,0.0783938699950047,0.120028310566348,5,0.1984221805613527
5447,[2010. 6. 6. 6. 26. 12.265],24,B0044,35,5448,05448.csv,0.0769871339002832,0.1242457891243046,6,0.20123292302458778
5449,[2010. 6. 6. 10. 3. 8.109],24,B0044,37,5450,05450.csv,0.0750323805265269,0.126579917936989,7,0.20161229846351592
5459,[2010. 6. 7. 3. 2. 21.765],24,B0044,47,5460,05460.csv,0.0767911483234128,0.1215840964046668,8,0.1983752447280796
5461,[2010. 6. 7. 6. 39. 18.421],24,B0044,49,5462,05462.csv,0.0759165015493674,0.1254534625171989,9,0.20136996406656632
5463,[2010. 6. 7. 14. 53. 59.750],24,B0044,51,5464,05464.csv,0.0773912075986778,0.1214162273218294,10,0.1988074349205072
5465,[2010. 6. 7. 18. 30. 57.328],24,B0044,53,5466,05466.csv,0.0775276445060415,0.1194606932723981,11,0.1969883377784396
5475,[2010. 6. 8. 11. 29. 23.750],24,B0044,63,5476,05476.csv,0.0772983366834367,0.1195355653852651,12,0.1968339020687018
5477,[2010. 6. 8. 15. 6. 23.578],24,B0044,65,5478,05478.csv,0.07727130580941,0.121076014639354,13,0.198347320448764
5487,[2010. 6. 9. 8. 2. 1.843],24,B0044,75,5488,05488.csv,0.0763213195933335,0.1225276573461739,14,0.1988489769395074
5489,[2010. 6. 9. 11. 39. 0.890],24,B0044,77,5490,05490.csv,0.0791364589644549,0.1190942313307892,15,0.1982306902952441
5499,[2010. 6. 10. 4. 31. 20.156],24,B0044,87,5500,05500.csv,0.0775322094467295,0.1213270648268775,16,0.198859274273607
5501,[2010. 6. 10. 8. 8. 25.312],24,B0044,89,5502,05502.csv,0.0777204814999557,0.1256969602403172,17,0.2034174417402729
5511,[2010. 6. 11. 0. 57. 48.437],24,B0044,99,5512,05512.csv,0.0777377404902751,0.1209015185981476,18,0.1986392590884227
5513,[2010. 6. 11. 4. 34. 52.187],24,B0044,101,5514,05514.csv,0.0769989075127542,0.1252650896621177,19,0.2022639971748719
5515,[2010. 6. 11. 12. 40. 24.671],24,B0044,103,5516,05516.csv,0.0895067915034559,0.216723390414773,20,0.3062301819182289
5517,[2010. 6. 11. 16. 17. 32.000],24,B0044,105,5518,05518.csv,0.0877271677318431,0.2368243607160147,21,0.3245515284478578
5526,[2010. 6. 16. 14. 15. 4.890],24,B0044,114,5527,05527.csv,0.0853574012443256,0.2365673620223707,22,0.3219247632666963
5536,[2010. 6. 17. 4. 1. 42.312],24,B0044,124,5537,05537.csv,0.0846856053435768,0.2449009989380162,23,0.32958660428159303
5538,[2010. 6. 17. 7. 38. 43.687],24,B0044,126,5539,05539.csv,0.0855439076731957,0.2265719007037673,24,0.31211580837696296
5548,[2010. 6. 17. 21. 52. 19.546],24,B0044,136,5549,05549.csv,0.0877534231498032,0.2388945124770911,25,0.3266479356268943
5550,[2010. 6. 18. 1. 29. 23.531],24,B0044,138,5551,05551.csv,0.0848053040488877,0.244816097133117,26,0.32962140118200467
5560,[2010. 6. 18. 15. 41. 40.687],24,B0044,148,5561,05561.csv,0.0849249627308972,0.2266865036728209,27,0.31161146640371806
5562,[2010. 6. 18. 19. 18. 45.218],24,B0044,150,5563,05563.csv,0.0872763634531949,0.211354006808051,28,0.2986303702612459
5572,[2010. 6. 19. 9. 4. 42.656],24,B0044,160,5573,05573.csv,0.0845120672597452,0.2278471993141531,29,0.3123592665738983
5574,[2010. 6. 19. 12. 30. 36.890],24,B0044,162,5575,05575.csv,0.085812723216084,0.2293881143729977,30,0.3152008375890817
5576,[2010. 6. 21. 15. 42. 37.859],24,B0044,164,5577,05577.csv,0.0860196272870019,0.2376739221992838,31,0.3236935494862857
5578,[2010. 6. 21. 19. 19. 46.593],24,B0044,166,5579,05579.csv,0.0883036858881941,0.2166401359101405,32,0.30494382179833457
5588,[2010. 6. 22. 9. 27. 8.843],24,B0044,176,5589,05589.csv,0.0867893204631133,0.2296737153540463,33,0.3164630358171596
5590,[2010. 6. 22. 13. 4. 18.296],24,B0044,178,5591,05591.csv,0.0882194181016561,0.207645453619687,34,0.2958648717213431
5600,[2010. 6. 23. 3. 15. 52.484],24,B0044,188,5601,05601.csv,0.0850837780986007,0.2464532529324435,35,0.3315370310310442
5602,[2010. 6. 23. 6. 53. 1.625],24,B0044,190,5603,05603.csv,0.0859578058969941,0.2114825783154404,36,0.2974403842124345
5612,[2010. 6. 23. 20. 39. 52.671],24,B0044,200,5613,05613.csv,0.0839940032468142,0.2225728889719552,37,0.3065668922187694
5614,[2010. 6. 23. 22. 38. 15.390],24,B0044,202,5615,05615.csv,0.0851450528939488,0.2156964199191051,38,0.3008414728130539
5624,[2010. 6. 24. 3. 19. 21.546],24,B0044,212,5625,05625.csv,0.0842297179229147,0.2167551365110768,39,0.3009848544339915
5626,[2010. 6. 24. 4. 59. 0.250],24,B0044,214,5627,05627.csv,0.0861128905186487,0.231556384626028,40,0.3176692751446767
5628,[2010. 6. 25. 20. 24. 6.312],24,B0044,216,5629,05629.csv,0.0893386369788362,0.2372388924633092,41,0.3265775294421454
5630,[2010. 6. 26. 0. 1. 20.359],24,B0044,218,5631,05631.csv,0.0846546520054471,0.2043531381988625,42,0.2890077902043096
5640,[2010. 6. 26. 20. 39. 31.140],24,B0044,228,5641,05641.csv,0.0872982785758548,0.2654873283908556,43,0.3527856069667104
5642,[2010. 6. 27. 0. 16. 41.953],24,B0044,230,5643,05643.csv,0.0845136629594813,0.2027478547713615,44,0.2872615177308428
5652,[2010. 6. 27. 20. 42. 49.937],24,B0044,240,5653,05653.csv,0.0896032992043643,0.2376284332778281,45,0.3272317324821924
5654,[2010. 6. 28. 0. 20. 6.921],24,B0044,242,5655,05655.csv,0.0848874721210119,0.2077787098651387,46,0.2926661819861506
5664,[2010. 6. 28. 20. 34. 48.703],24,B0044,252,5665,05665.csv,0.0902961712117194,0.2310597747651596,47,0.321355945976879
5666,[2010. 6. 29. 0. 12. 8.687],24,B0044,254,5667,05667.csv,0.086289455343448,0.2176103583287245,48,0.3038998136721725
5676,[2010. 6. 29. 20. 15. 20.890],24,B0044,264,5677,05677.csv,0.090369624612056,0.2473597730418764,49,0.3377293976539324
5678,[2010. 6. 29. 23. 52. 41.093],24,B0044,266,5679,05679.csv,0.084693672840073,0.230488456454893,50,0.315182129294966
5688,[2010. 7. 21. 16. 53. 45.968],24,B0045,1,5689,05689.csv,0.0726283309114013,0.2456528800380537,1,0.318281210949455
5690,[2010. 7. 21. 20. 31. 5.000],24,B0045,3,5691,05691.csv,0.065086717668146,0.2144103420624745,2,0.2794970597306205
5700,[2010. 7. 22. 17. 3. 7.062],24,B0045,13,5701,05701.csv,0.0715678008449157,0.2291740966485048,3,0.3007418974934205
5702,[2010. 7. 22. 20. 40. 25.500],24,B0045,15,5703,05703.csv,0.0649676213639743,0.2113722499969527,4,0.27633987136092697
5704,[2010. 7. 23. 11. 35. 36.875],24,B0045,17,5705,05705.csv,0.070859051106216,0.225367827470576,5,0.296226878576792
5706,[2010. 7. 23. 15. 12. 59.218],24,B0045,19,5707,05707.csv,0.065834534585151,0.2248199871981467,6,0.2906545217832977
5716,[2010. 7. 24. 11. 30. 35.656],24,B0045,29,5717,05717.csv,0.0727161166535298,0.2372893249261043,7,0.3100054415796341
5718,[2010. 7. 24. 15. 7. 54.015],24,B0045,31,5719,05719.csv,0.0663305435341286,0.226688422968848,8,0.2930189665029766
5720,[2010. 7. 27. 17. 47. 10.500],24,B0045,33,5721,05721.csv,0.0737939171143506,0.234028051491713,9,0.3078219686060636
5722,[2010. 7. 27. 21. 24. 31.406],24,B0045,35,5723,05723.csv,0.0662571640532643,0.20403871987566,10,0.2702958839289243
5732,[2010. 7. 28. 17. 36. 0.734],24,B0045,45,5733,05733.csv,0.0740708544033771,0.2471243345321351,11,0.3211951889355122
5734,[2010. 7. 28. 21. 13. 22.187],24,B0045,47,5735,05735.csv,0.0677762743960447,0.2253467282921095,12,0.29312300268815417
5744,[2010. 7. 29. 16. 27. 30.140],24,B0045,57,5745,05745.csv,0.0755358545326525,0.2269630254879895,13,0.302498880020642
5746,[2010. 7. 29. 20. 4. 55.562],24,B0045,59,5747,05747.csv,0.0698056336440426,0.2313917989646665,14,0.3011974326087091
5756,[2010. 7. 30. 15. 48. 12.125],24,B0045,69,5757,05757.csv,0.0752406384854862,0.236067929047247,15,0.31130856753273317
5758,[2010. 7. 30. 19. 25. 34.984],24,B0045,71,5759,05759.csv,0.0695030163003846,0.2267345841606366,16,0.2962376004610212
5768,[2010. 7. 31. 14. 55. 48.421],24,B0045,81,5769,05769.csv,0.0755782521876997,0.2381588363945259,17,0.3137370885822256
5770,[2010. 7. 31. 18. 33. 11.796],24,B0045,83,5771,05771.csv,0.0694793009922898,0.2233163378120357,18,0.29279563880432546
5772,[2010. 8. 3. 17. 20. 28.062],24,B0045,85,5773,05773.csv,0.0751481556975674,0.2380585749785805,19,0.3132067306761479
5774,[2010. 8. 3. 20. 57. 49.484],24,B0045,87,5775,05775.csv,0.0695340067217323,0.2235368973793861,20,0.29307090410111836
5784,[2010. 8. 4. 16. 32. 38.906],24,B0045,97,5785,05785.csv,0.0778426893303537,0.2548749917913578,21,0.3327176811217115
5786,[2010. 8. 4. 20. 10. 4.812],24,B0045,99,5787,05787.csv,0.0702885052840268,0.2247695414345832,22,0.29505804671861
5796,[2010. 8. 5. 15. 27. 47.125],24,B0045,109,5797,05797.csv,0.0766566181928642,0.2524318071765449,23,0.3290884253694091
5798,[2010. 8. 5. 19. 5. 13.171],24,B0045,111,5799,05799.csv,0.0726562463919995,0.2175193036547894,24,0.29017555004678885
5808,[2010. 8. 6. 14. 11. 12.234],24,B0045,121,5809,05809.csv,0.0766631114153281,0.268866501378989,25,0.3455296127943171
5810,[2010. 8. 6. 17. 48. 41.937],24,B0045,123,5811,05811.csv,0.0716877344637498,0.2494326006958125,26,0.3211203351595623
5820,[2010. 8. 7. 12. 32. 26.234],24,B0045,133,5821,05821.csv,0.0765104353440425,0.2518232270228343,27,0.3283336623668768
5822,[2010. 8. 7. 16. 9. 53.890],24,B0045,135,5823,05823.csv,0.0716378959549494,0.2435673721882546,28,0.31520526814320404
5824,[2010. 8. 10. 17. 4. 18.343],24,B0045,137,5825,05825.csv,0.0790344049283637,0.2539874762415775,29,0.33302188116994125
5826,[2010. 8. 10. 20. 41. 53.921],24,B0045,139,5827,05827.csv,0.0730922991159811,0.2405556600424316,30,0.3136479591584127
5836,[2010. 8. 11. 15. 53. 17.500],24,B0045,149,5837,05837.csv,0.0781996257757523,0.260276171288156,31,0.3384757970639083
5838,[2010. 8. 11. 19. 30. 44.109],24,B0045,151,5839,05839.csv,0.0719619701337601,0.2371062702958198,32,0.3090682404295799
5840,[2010. 8. 12. 13. 55. 19.000],24,B0045,153,5841,05841.csv,0.0767881457103539,0.2441680163515987,33,0.3209561620619526
5842,[2010. 8. 12. 17. 32. 50.875],24,B0045,155,5843,05843.csv,0.0733904425683212,0.2523682559402184,34,0.32575869850853956
5852,[2010. 8. 13. 11. 55. 20.859],24,B0045,165,5853,05853.csv,0.0771016877189637,0.2338087457890257,35,0.3109104335079894
5854,[2010. 8. 13. 15. 32. 55.359],24,B0045,167,5855,05855.csv,0.0739103213992939,0.2501676896592772,36,0.32407801105857115
5856,[2010. 8. 16. 12. 24. 17.453],24,B0045,169,5857,05857.csv,0.0764435444587968,0.256447267226129,37,0.3328908116849258
5858,[2010. 8. 16. 16. 1. 52.046],24,B0045,171,5859,05859.csv,0.0730330884492115,0.233874591829985,38,0.30690768027919646
5868,[2010. 8. 17. 11. 12. 1.125],24,B0045,181,5869,05869.csv,0.0779270901180839,0.2528231787923866,39,0.3307502689104705
5870,[2010. 8. 17. 14. 49. 38.671],24,B0045,183,5871,05871.csv,0.0739103523100071,0.2387794675974608,40,0.3126898199074679
5872,[2010. 7. 21. 16. 53. 45.968],24,B0046,1,5873,05873.csv,0.091945339282212,0.1870717035021495,1,0.2790170427843615
5874,[2010. 7. 21. 20. 31. 5.000],24,B0046,3,5875,05875.csv,0.077175902940998,0.1826685711923537,2,0.2598444741333517
5884,[2010. 7. 22. 17. 3. 7.062],24,B0046,13,5885,05885.csv,0.0819659578807842,0.2449250952856473,3,0.3268910531664315
5886,[2010. 7. 22. 20. 40. 25.500],24,B0046,15,5887,05887.csv,0.0762345368159367,0.1898419331801752,4,0.2660764699961119
5888,[2010. 7. 23. 11. 35. 36.875],24,B0046,17,5889,05889.csv,0.0823785463997432,0.2285281237418891,5,0.3109066701416323
5890,[2010. 7. 23. 15. 12. 59.218],24,B0046,19,5891,05891.csv,0.0755920911689693,0.1883024240199668,6,0.2638945151889361
5900,[2010. 7. 24. 11. 30. 35.656],24,B0046,29,5901,05901.csv,0.0812058866896078,0.232715267361228,7,0.3139211540508358
5902,[2010. 7. 24. 15. 7. 54.015],24,B0046,31,5903,05903.csv,0.0772040742559414,0.1913575398197564,8,0.2685616140756978
5904,[2010. 7. 27. 17. 47. 10.500],24,B0046,33,5905,05905.csv,0.0833206931792089,0.2282324951938352,9,0.31155318837304413
5906,[2010. 7. 27. 21. 24. 31.406],24,B0046,35,5907,05907.csv,0.0756378669447184,0.1940160078300875,10,0.2696538747748059
5916,[2010. 7. 28. 17. 36. 0.734],24,B0046,45,5917,05917.csv,0.0811830615179404,0.2405344663006172,11,0.3217175278185576
5918,[2010. 7. 28. 21. 13. 22.187],24,B0046,47,5919,05919.csv,0.0777141187377075,0.1868197628729856,12,0.26453388161069313
5928,[2010. 7. 29. 16. 27. 30.140],24,B0046,57,5929,05929.csv,0.0821596557266657,0.2508206481817456,13,0.33298030390841127
5930,[2010. 7. 29. 20. 4. 55.562],24,B0046,59,5931,05931.csv,0.0782178250023703,0.1955292803071596,14,0.2737471053095299
5940,[2010. 7. 30. 15. 48. 12.125],24,B0046,69,5941,05941.csv,0.0832372083183255,0.2278577083294977,15,0.3110949166478232
5942,[2010. 7. 30. 19. 25. 34.984],24,B0046,71,5943,05943.csv,0.0795037006732308,0.1974406290161072,16,0.276944329689338
5952,[2010. 7. 31. 14. 55. 48.421],24,B0046,81,5953,05953.csv,0.0824297916394725,0.2386000767908041,17,0.3210298684302766
5954,[2010. 7. 31. 18. 33. 11.796],24,B0046,83,5955,05955.csv,0.0785946150446112,0.2110064519147993,18,0.2896010669594105
5956,[2010. 8. 3. 17. 20. 28.062],24,B0046,85,5957,05957.csv,0.085284824202656,0.2303476923974774,19,0.3156325166001334
5958,[2010. 8. 3. 20. 57. 49.484],24,B0046,87,5959,05959.csv,0.0782438055352045,0.1930106174115384,20,0.2712544229467429
5968,[2010. 8. 4. 16. 32. 38.906],24,B0046,97,5969,05969.csv,0.0830208304375449,0.2375638400599475,21,0.3205846704974924
5970,[2010. 8. 4. 20. 10. 4.812],24,B0046,99,5971,05971.csv,0.0794006740299515,0.2102649346069808,22,0.2896656086369323
5980,[2010. 8. 5. 15. 27. 47.125],24,B0046,109,5981,05981.csv,0.0834338702275568,0.2340096346759597,23,0.31744350490351647
5982,[2010. 8. 5. 19. 5. 13.171],24,B0046,111,5983,05983.csv,0.0810178807183025,0.2127454883661688,24,0.2937633690844713
5992,[2010. 8. 6. 14. 11. 12.234],24,B0046,121,5993,05993.csv,0.0844622633914447,0.2321100876076269,25,0.3165723509990716
5994,[2010. 8. 6. 17. 48. 41.937],24,B0046,123,5995,05995.csv,0.081960422844172,0.2058766296813479,26,0.2878370525255199
6004,[2010. 8. 7. 12. 32. 26.234],24,B0046,133,6005,06005.csv,0.0856412032472594,0.2350786561579918,27,0.3207198594052512
6006,[2010. 8. 7. 16. 9. 53.890],24,B0046,135,6007,06007.csv,0.0813253126917115,0.2127157604775671,28,0.29404107316927863
6008,[2010. 8. 10. 17. 4. 18.343],24,B0046,137,6009,06009.csv,0.0853449536299104,0.2302025728573662,29,0.3155475264872766
6010,[2010. 8. 10. 20. 41. 53.921],24,B0046,139,6011,06011.csv,0.0808935144176422,0.1966674110084467,30,0.2775609254260889
6020,[2010. 8. 11. 15. 53. 17.500],24,B0046,149,6021,06021.csv,0.0843307889050809,0.2344031633081709,31,0.3187339522132518
6022,[2010. 8. 11. 19. 30. 44.109],24,B0046,151,6023,06023.csv,0.082349572423689,0.2092954014622366,32,0.2916449738859256
6024,[2010. 8. 12. 13. 55. 19.000],24,B0046,153,6025,06025.csv,0.0862873171088098,0.2386024527048251,33,0.32488976981363493
6026,[2010. 8. 12. 17. 32. 50.875],24,B0046,155,6027,06027.csv,0.0808516635112122,0.2073822865172341,34,0.2882339500284463
6036,[2010. 8. 13. 11. 55. 20.859],24,B0046,165,6037,06037.csv,0.0834766636787139,0.2224194644062776,35,0.3058961280849915
6038,[2010. 8. 13. 15. 32. 55.359],24,B0046,167,6039,06039.csv,0.082495334838839,0.2177659128869859,36,0.3002612477258249
6040,[2010. 8. 16. 12. 24. 17.453],24,B0046,169,6041,06041.csv,0.0860735486643324,0.2271071363490381,37,0.3131806850133705
6042,[2010. 8. 16. 16. 1. 52.046],24,B0046,171,6043,06043.csv,0.0825320232205731,0.1909788575414279,38,0.27351088076200103
6052,[2010. 8. 17. 11. 12. 1.125],24,B0046,181,6053,06053.csv,0.0855762876679171,0.236317546138711,39,0.3218938338066281
6054,[2010. 8. 17. 14. 49. 38.671],24,B0046,183,6055,06055.csv,0.0808317990504345,0.2114627121016457,40,0.29229451115208016
6056,[2010. 7. 21. 16. 53. 45.968],24,B0047,1,6057,06057.csv,0.0560578334388809,0.2009701658445833,1,0.2570279992834642
6058,[2010. 7. 21. 20. 31. 5.000],24,B0047,3,6059,06059.csv,0.053191858509211,0.1647339991486473,2,0.21792585765785832
6068,[2010. 7. 22. 17. 3. 7.062],24,B0047,13,6069,06069.csv,0.0596379150105105,0.210398722638349,3,0.2700366376488595
6070,[2010. 7. 22. 20. 40. 25.500],24,B0047,15,6071,06071.csv,0.0551250536162427,0.1754882075917004,4,0.2306132612079431
6072,[2010. 7. 23. 11. 35. 36.875],24,B0047,17,6073,06073.csv,0.0588784853124444,0.1909568709609001,5,0.24983535627334452
6074,[2010. 7. 23. 15. 12. 59.218],24,B0047,19,6075,06075.csv,0.0528128215980842,0.1722515233415132,6,0.2250643449395974
6084,[2010. 7. 24. 11. 30. 35.656],24,B0047,29,6085,06085.csv,0.057516600514537,0.196364379896874,7,0.253880980411411
6086,[2010. 7. 24. 15. 7. 54.015],24,B0047,31,6087,06087.csv,0.0535342449436397,0.1777073031474945,8,0.2312415480911342
6088,[2010. 7. 27. 17. 47. 10.500],24,B0047,33,6089,06089.csv,0.0620311314352937,0.2008978928903059,9,0.2629290243255996
6090,[2010. 7. 27. 21. 24. 31.406],24,B0047,35,6091,06091.csv,0.0585849037401347,0.1841540797551404,10,0.2427389834952751
6100,[2010. 7. 28. 17. 36. 0.734],24,B0047,45,6101,06101.csv,0.06241051517902,0.2143932331877175,11,0.2768037483667375
6102,[2010. 7. 28. 21. 13. 22.187],24,B0047,47,6103,06103.csv,0.0580894405960351,0.1866897040933544,12,0.2447791446893895
6112,[2010. 7. 29. 16. 27. 30.140],24,B0047,57,6113,06113.csv,0.065454460462172,0.2214535005516927,13,0.2869079610138647
6114,[2010. 7. 29. 20. 4. 55.562],24,B0047,59,6115,06115.csv,0.0588935611351396,0.2028386183123608,14,0.2617321794475004
6124,[2010. 7. 30. 15. 48. 12.125],24,B0047,69,6125,06125.csv,0.0674369984544658,0.2318214627184461,15,0.2992584611729119
6126,[2010. 7. 30. 19. 25. 34.984],24,B0047,71,6127,06127.csv,0.0606574704180075,0.2139967817848608,16,0.2746542522028683
6136,[2010. 7. 31. 14. 55. 48.421],24,B0047,81,6137,06137.csv,0.0701001536900913,0.2298779700752319,17,0.2999781237653232
6138,[2010. 7. 31. 18. 33. 11.796],24,B0047,83,6139,06139.csv,0.0655071824171395,0.2035516081169149,18,0.2690587905340544
6140,[2010. 8. 3. 17. 20. 28.062],24,B0047,85,6141,06141.csv,0.0654750455838239,0.2369289548699854,19,0.3024040004538093
6142,[2010. 8. 3. 20. 57. 49.484],24,B0047,87,6143,06143.csv,0.0640501828485657,0.2030937186647097,20,0.2671439015132754
6152,[2010. 8. 4. 16. 32. 38.906],24,B0047,97,6153,06153.csv,0.0670982447403723,0.2303958167446359,21,0.29749406148500823
6154,[2010. 8. 4. 20. 10. 4.812],24,B0047,99,6155,06155.csv,0.0658333505063299,0.2204415510699875,22,0.2862749015763174
6164,[2010. 8. 5. 15. 27. 47.125],24,B0047,109,6165,06165.csv,0.0698210369377856,0.2478717650746093,23,0.3176928020123949
6166,[2010. 8. 5. 19. 5. 13.171],24,B0047,111,6167,06167.csv,0.0687878090911825,0.2136033662022438,24,0.2823911752934263
6176,[2010. 8. 6. 14. 11. 12.234],24,B0047,121,6177,06177.csv,0.0711735801764843,0.236859829667432,25,0.3080334098439163
6178,[2010. 8. 6. 17. 48. 41.937],24,B0047,123,6179,06179.csv,0.067042457422244,0.2239461958000678,26,0.2909886532223118
6188,[2010. 8. 7. 12. 32. 26.234],24,B0047,133,6189,06189.csv,0.0702326096411188,0.2432324327186061,27,0.3134650423597249
6190,[2010. 8. 7. 16. 9. 53.890],24,B0047,135,6191,06191.csv,0.067687003462409,0.2222905077928191,28,0.2899775112552281
6192,[2010. 8. 10. 17. 4. 18.343],24,B0047,137,6193,06193.csv,0.0716197799879309,0.2340372441129465,29,0.30565702410087736
6194,[2010. 8. 10. 20. 41. 53.921],24,B0047,139,6195,06195.csv,0.0706810853533824,0.1952852162273827,30,0.2659663015807651
6204,[2010. 8. 11. 15. 53. 17.500],24,B0047,149,6205,06205.csv,0.0750956100467301,0.2385800609634128,31,0.31367567101014293
6206,[2010. 8. 11. 19. 30. 44.109],24,B0047,151,6207,06207.csv,0.0721616439691655,0.2134680518392546,32,0.2856296958084201
6208,[2010. 8. 12. 13. 55. 19.000],24,B0047,153,6209,06209.csv,0.0744699239483102,0.2288137104158401,33,0.3032836343641503
6210,[2010. 8. 12. 17. 32. 50.875],24,B0047,155,6211,06211.csv,0.0720657836981216,0.216996572598658,34,0.2890623562967796
6220,[2010. 8. 13. 11. 55. 20.859],24,B0047,165,6221,06221.csv,0.0758815557984306,0.2171697337937444,35,0.293051289592175
6222,[2010. 8. 13. 15. 32. 55.359],24,B0047,167,6223,06223.csv,0.07280052727114,0.2167410015359882,36,0.2895415288071282
6224,[2010. 8. 16. 12. 24. 17.453],24,B0047,169,6225,06225.csv,0.072277377144606,0.237074828149039,37,0.309352205293645
6226,[2010. 8. 16. 16. 1. 52.046],24,B0047,171,6227,06227.csv,0.0727832837778209,0.2152059866676978,38,0.2879892704455187
6236,[2010. 8. 17. 11. 12. 1.125],24,B0047,181,6237,06237.csv,0.0743636023926656,0.2340863184447017,39,0.30844992083736733
6238,[2010. 8. 17. 14. 49. 38.671],24,B0047,183,6239,06239.csv,0.0730046997209305,0.2217136663529148,40,0.29471836607384533
6240,[2010. 7. 21. 16. 53. 45.968],24,B0048,1,6241,06241.csv,0.0779907788241835,0.2397489389891594,1,0.31773971781334287
6242,[2010. 7. 21. 20. 31. 5.000],24,B0048,3,6243,06243.csv,0.07486242670723,0.2118441290131373,2,0.2867065557203673
6252,[2010. 7. 22. 17. 3. 7.062],24,B0048,13,6253,06253.csv,0.0785773499528765,0.229261520633249,3,0.3078388705861255
6254,[2010. 7. 22. 20. 40. 25.500],24,B0048,15,6255,06255.csv,0.0748964391390291,0.1979882209085581,4,0.2728846600475872
6256,[2010. 7. 23. 11. 35. 36.875],24,B0048,17,6257,06257.csv,0.0792144251869675,0.2234509560704619,5,0.30266538125742937
6258,[2010. 7. 23. 15. 12. 59.218],24,B0048,19,6259,06259.csv,0.0757692694613932,0.2089565660584671,6,0.2847258355198603
6268,[2010. 7. 24. 11. 30. 35.656],24,B0048,29,6269,06269.csv,0.0800020553129778,0.2322941410182714,7,0.31229619633124917
6270,[2010. 7. 24. 15. 7. 54.015],24,B0048,31,6271,06271.csv,0.0753322025051574,0.1951976925684672,8,0.27052989507362457
6272,[2010. 7. 27. 17. 47. 10.500],24,B0048,33,6273,06273.csv,0.0818843773490264,0.2310048385238186,9,0.312889215872845
6274,[2010. 7. 27. 21. 24. 31.406],24,B0048,35,6275,06275.csv,0.0764147145889461,0.1947071183478171,10,0.2711218329367632
6284,[2010. 7. 28. 17. 36. 0.734],24,B0048,45,6285,06285.csv,0.0821904787087211,0.2407282611584562,11,0.3229187398671773
6286,[2010. 7. 28. 21. 13. 22.187],24,B0048,47,6287,06287.csv,0.0769489678768179,0.2163753560854461,12,0.29332432396226404
6296,[2010. 7. 29. 16. 27. 30.140],24,B0048,57,6297,06297.csv,0.0821552417870071,0.2272887393266563,13,0.3094439811136634
6298,[2010. 7. 29. 20. 4. 55.562],24,B0048,59,6299,06299.csv,0.0812010538637714,0.2112378461682464,14,0.2924389000320178
6308,[2010. 7. 30. 15. 48. 12.125],24,B0048,69,6309,06309.csv,0.0813700754832678,0.2462524937882742,15,0.327622569271542
6310,[2010. 7. 30. 19. 25. 34.984],24,B0048,71,6311,06311.csv,0.078869566389857,0.2137082907420026,16,0.2925778571318596
6320,[2010. 7. 31. 14. 55. 48.421],24,B0048,81,6321,06321.csv,0.082251946646306,0.2429787865965338,17,0.3252307332428398
6322,[2010. 7. 31. 18. 33. 11.796],24,B0048,83,6323,06323.csv,0.0799826707857191,0.2047737934078979,18,0.284756464193617
6324,[2010. 8. 3. 17. 20. 28.062],24,B0048,85,6325,06325.csv,0.0808606156346602,0.2387947083454977,19,0.3196553239801579
6326,[2010. 8. 3. 20. 57. 49.484],24,B0048,87,6327,06327.csv,0.0788327823664273,0.2102307097728051,20,0.28906349213923244
6336,[2010. 8. 4. 16. 32. 38.906],24,B0048,97,6337,06337.csv,0.083592482018207,0.2546758247163054,21,0.3382683067345124
6338,[2010. 8. 4. 20. 10. 4.812],24,B0048,99,6339,06339.csv,0.0786066163448657,0.2154982225647067,22,0.2941048389095724
6348,[2010. 8. 5. 15. 27. 47.125],24,B0048,109,6349,06349.csv,0.0825830047103309,0.2526116352896549,23,0.33519463999998583
6350,[2010. 8. 5. 19. 5. 13.171],24,B0048,111,6351,06351.csv,0.0792768393252681,0.2195434787289041,24,0.2988203180541722
6360,[2010. 8. 6. 14. 11. 12.234],24,B0048,121,6361,06361.csv,0.0849652380176476,0.253135050345307,25,0.3381002883629546
6362,[2010. 8. 6. 17. 48. 41.937],24,B0048,123,6363,06363.csv,0.0806396651057525,0.2364909564116417,26,0.3171306215173942
6372,[2010. 8. 7. 12. 32. 26.234],24,B0048,133,6373,06373.csv,0.0836650651799351,0.2432589808852623,27,0.3269240460651974
6374,[2010. 8. 7. 16. 9. 53.890],24,B0048,135,6375,06375.csv,0.0790627076320204,0.2339661720435051,28,0.3130288796755255
6376,[2010. 8. 10. 17. 4. 18.343],24,B0048,137,6377,06377.csv,0.0841713933195508,0.2541193810523083,29,0.3382907743718591
6378,[2010. 8. 10. 20. 41. 53.921],24,B0048,139,6379,06379.csv,0.0803691215820104,0.2302661311627608,30,0.3106352527447712
6388,[2010. 8. 11. 15. 53. 17.500],24,B0048,149,6389,06389.csv,0.0836296899822182,0.2504185633386431,31,0.3340482533208613
6390,[2010. 8. 11. 19. 30. 44.109],24,B0048,151,6391,06391.csv,0.0787772881088217,0.2372169286680659,32,0.3159942167768876
6392,[2010. 8. 12. 13. 55. 19.000],24,B0048,153,6393,06393.csv,0.0837664742224742,0.2476562885571533,33,0.3314227627796275
6394,[2010. 8. 12. 17. 32. 50.875],24,B0048,155,6395,06395.csv,0.0799177529548652,0.2320164334146056,34,0.3119341863694708
6404,[2010. 8. 13. 11. 55. 20.859],24,B0048,165,6405,06405.csv,0.082879267351828,0.2208312008924087,35,0.3037104682442367
6406,[2010. 8. 13. 15. 32. 55.359],24,B0048,167,6407,06407.csv,0.0816525770705254,0.2331287026955529,36,0.3147812797660783
6408,[2010. 8. 16. 12. 24. 17.453],24,B0048,169,6409,06409.csv,0.0814082725483492,0.2422586133936161,37,0.3236668859419653
6410,[2010. 8. 16. 16. 1. 52.046],24,B0048,171,6411,06411.csv,0.0800508246084786,0.2193824296361437,38,0.2994332542446223
6420,[2010. 8. 17. 11. 12. 1.125],24,B0048,181,6421,06421.csv,0.0823612036896073,0.2545265559498759,39,0.3368877596394832
6422,[2010. 8. 17. 14. 49. 38.671],24,B0048,183,6423,06423.csv,0.0805268335912273,0.2257253229535857,40,0.30625215654481297
6424,[2010. 9. 17. 16. 2. 32.890],24,B0053,1,6425,06425.csv,0.100901925840838,0.1547804932349314,1,0.2556824190757694
6426,[2010. 9. 17. 19. 39. 33.093],24,B0053,3,6427,06427.csv,0.0996980829489472,0.1678926795728959,2,0.2675907625218431
6436,[2010. 9. 18. 11. 56. 16.718],24,B0053,13,6437,06437.csv,0.1001792105027989,0.1499614197531393,3,0.25014063025593825
6438,[2010. 9. 18. 15. 33. 19.140],24,B0053,15,6439,06439.csv,0.0997211625758571,0.1685832323391912,4,0.2683043949150483
6448,[2010. 9. 19. 7. 46. 55.343],24,B0053,25,6449,06449.csv,0.1016430830095947,0.1556930946059185,5,0.2573361776155132
6450,[2010. 9. 19. 11. 24. 0.796],24,B0053,27,6451,06451.csv,0.1005922423642111,0.1637383357163175,6,0.2643305780805286
6460,[2010. 9. 20. 3. 33. 57.015],24,B0053,37,6461,06461.csv,0.1005562217242655,0.1577926935581481,7,0.2583489152824136
6462,[2010. 9. 20. 7. 11. 1.781],24,B0053,39,6463,06463.csv,0.0994015439552692,0.166904876534016,8,0.2663064204892852
6472,[2010. 9. 20. 23. 18. 51.328],24,B0053,49,6473,06473.csv,0.1018168332308491,0.1548922964952743,9,0.2567091297261234
6474,[2010. 9. 21. 2. 55. 56.796],24,B0053,51,6475,06475.csv,0.1014664503272224,0.1650786182762299,10,0.2665450686034523
6476,[2010. 9. 21. 17. 7. 17.328],24,B0053,53,6477,06477.csv,0.1017461785485285,0.1566727930158454,11,0.2584189715643739
6478,[2010. 9. 21. 20. 44. 24.828],24,B0053,55,6479,06479.csv,0.1011177165294839,0.1670114106313426,12,0.2681291271608265
6488,[2010. 9. 22. 12. 53. 15.031],24,B0053,65,6489,06489.csv,0.1009186441573637,0.1555788464045654,13,0.2564974905619291
6490,[2010. 9. 22. 16. 30. 22.781],24,B0053,67,6491,06491.csv,0.1021762818092291,0.1658215071854956,14,0.2679977889947247
6500,[2010. 9. 23. 8. 35. 53.890],24,B0053,77,6501,06501.csv,0.1015389689623685,0.1509264217178705,15,0.252465390680239
6502,[2010. 9. 23. 12. 13. 2.640],24,B0053,79,6503,06503.csv,0.1019045384887791,0.1710377846083801,16,0.2729423230971592
6512,[2010. 9. 24. 4. 16. 16.906],24,B0053,89,6513,06513.csv,0.101508235879601,0.1565427337556848,17,0.25805096963528584
6514,[2010. 9. 24. 7. 53. 28.687],24,B0053,91,6515,06515.csv,0.1021725584755827,0.1638124856960519,18,0.2659850441716346
6524,[2010. 9. 24. 23. 55. 54.734],24,B0053,101,6525,06525.csv,0.101759402630188,0.1561112096176128,19,0.2578706122478008
6526,[2010. 9. 25. 3. 33. 5.390],24,B0053,103,6527,06527.csv,0.1004089202755683,0.1667393739054837,20,0.267148294181052
6528,[2010. 9. 28. 12. 28. 25.625],24,B0053,105,6529,06529.csv,0.1028028717861379,0.1579454580338051,21,0.260748329819943
6530,[2010. 9. 28. 16. 5. 40.343],24,B0053,107,6531,06531.csv,0.1027718376726618,0.1672444723442067,22,0.2700163100168685
6540,[2010. 9. 29. 8. 16. 37.968],24,B0053,117,6541,06541.csv,0.1019766835572874,0.1547488462835009,23,0.25672552984078834
6542,[2010. 9. 29. 11. 53. 51.203],24,B0053,119,6543,06543.csv,0.1014554230700909,0.1711389079529937,24,0.2725943310230846
6552,[2010. 9. 30. 3. 59. 31.578],24,B0053,129,6553,06553.csv,0.1037867037646302,0.1539359676564066,25,0.2577226714210368
6554,[2010. 9. 30. 7. 36. 45.046],24,B0053,131,6555,06555.csv,0.1019507489324868,0.1658850218902032,26,0.26783577082269
6561,[2010. 9. 3. 13. 0. 14.437],24,B0054,1,6562,06562.csv,0.1072922081969677,0.2218699476933641,1,0.3291621558903318
6563,[2010. 9. 3. 16. 37. 4.078],24,B0054,3,6564,06564.csv,0.1021829807494312,0.2042419605630439,2,0.3064249413124751
6573,[2010. 9. 4. 9. 14. 17.000],24,B0054,13,6574,06574.csv,0.1031180456338316,0.1881064414253356,3,0.2912244870591672
6575,[2010. 9. 4. 12. 51. 9.515],24,B0054,15,6576,06576.csv,0.102854712109143,0.1997236891249834,4,0.3025784012341264
6585,[2010. 9. 5. 5. 10. 52.953],24,B0054,25,6586,06586.csv,0.1019813742896091,0.1821024264313652,5,0.2840838007209743
6587,[2010. 9. 5. 8. 47. 45.625],24,B0054,27,6588,06588.csv,0.1002124676480816,0.1861929896982551,6,0.2864054573463367
6597,[2010. 9. 6. 1. 14. 32.578],24,B0054,37,6598,06598.csv,0.102605299327127,0.1742424021604426,7,0.2768477014875696
6599,[2010. 9. 6. 4. 51. 28.859],24,B0054,39,6600,06600.csv,0.0988695675377842,0.1843720630784329,8,0.2832416306162171
6609,[2010. 9. 6. 21. 12. 26.359],24,B0054,49,6610,06610.csv,0.0987362784318576,0.1693175293224173,9,0.2680538077542749
6611,[2010. 9. 7. 0. 49. 23.750],24,B0054,51,6612,06612.csv,0.099535479298496,0.1790995248854611,10,0.2786350041839571
6613,[2010. 9. 9. 16. 53. 17.421],24,B0054,53,6614,06614.csv,0.0997438408692764,0.1739217121906383,11,0.2736655530599147
6615,[2010. 9. 9. 20. 30. 14.531],24,B0054,55,6616,06616.csv,0.1002072988544413,0.1733031405960384,12,0.2735104394504797
6625,[2010. 9. 10. 12. 56. 32.093],24,B0054,65,6626,06626.csv,0.1048094541730867,0.1776304278897339,13,0.2824398820628206
6627,[2010. 9. 10. 16. 33. 32.109],24,B0054,67,6628,06628.csv,0.1003655046370946,0.1714604399333128,14,0.27182594457040743
6637,[2010. 9. 11. 8. 53. 33.015],24,B0054,77,6638,06638.csv,0.0995663814617147,0.1661135074080669,15,0.2656798888697816
6639,[2010. 9. 11. 12. 30. 32.937],24,B0054,79,6640,06640.csv,0.097951483681631,0.1704338915833084,16,0.2683853752649394
6649,[2010. 9. 12. 4. 46. 14.359],24,B0054,89,6650,06650.csv,0.0982754689900987,0.1725575575951108,17,0.27083302658520947
6651,[2010. 9. 12. 8. 23. 19.421],24,B0054,91,6652,06652.csv,0.0997830605676292,0.1703492697554137,18,0.2701323303230429
6661,[2010. 9. 13. 0. 37. 44.093],24,B0054,101,6662,06662.csv,0.1028847349516244,0.1704329065680982,19,0.2733176415197226
6663,[2010. 9. 13. 4. 14. 47.968],24,B0054,103,6664,06664.csv,0.1004782991647128,0.1697944554311515,20,0.2702727545958643
6665,[2010. 9. 14. 12. 54. 12.703],24,B0054,105,6666,06666.csv,0.0990858516512967,0.1695760249387519,21,0.2686618765900486
6667,[2010. 9. 14. 16. 31. 17.250],24,B0054,107,6668,06668.csv,0.0997641395277223,0.1715958734375487,22,0.271360012965271
6677,[2010. 9. 17. 16. 2. 32.890],24,B0054,117,6678,06678.csv,0.0994586100249281,0.1683710703266517,23,0.2678296803515798
6679,[2010. 9. 17. 19. 39. 33.093],24,B0054,119,6680,06680.csv,0.0989229768738694,0.168829062677494,24,0.2677520395513634
6689,[2010. 9. 18. 11. 56. 16.718],24,B0054,129,6690,06690.csv,0.0995585875348338,0.1620999567802205,25,0.2616585443150543
6691,[2010. 9. 18. 15. 33. 19.140],24,B0054,131,6692,06692.csv,0.0984956031734981,0.1691662113327465,26,0.2676618145062446
6701,[2010. 9. 19. 7. 46. 55.343],24,B0054,141,6702,06702.csv,0.099954392550574,0.1681720878718392,27,0.2681264804224132
6703,[2010. 9. 19. 11. 24. 0.796],24,B0054,143,6704,06704.csv,0.1006867621906256,0.1661251478552214,28,0.266811910045847
6713,[2010. 9. 20. 3. 33. 57.015],24,B0054,153,6714,06714.csv,0.0997109658720407,0.1737248331584495,29,0.2734357990304902
6715,[2010. 9. 20. 7. 11. 1.781],24,B0054,155,6716,06716.csv,0.0981573763469847,0.16994470179099,30,0.2681020781379747
6725,[2010. 9. 20. 23. 18. 51.328],24,B0054,165,6726,06726.csv,0.1005617496885441,0.165866432890013,31,0.2664281825785571
6727,[2010. 9. 21. 2. 55. 56.796],24,B0054,167,6728,06728.csv,0.0981257322796142,0.1710592571950133,32,0.2691849894746275
6729,[2010. 9. 21. 17. 7. 17.328],24,B0054,169,6730,06730.csv,0.1019574834319639,0.1716322646110336,33,0.2735897480429975
6731,[2010. 9. 21. 20. 44. 24.828],24,B0054,171,6732,06732.csv,0.0987775669980443,0.1697917393389899,34,0.2685693063370342
6741,[2010. 9. 22. 12. 53. 15.031],24,B0054,181,6742,06742.csv,0.100839616832856,0.1680384253073146,35,0.26887804214017064
6743,[2010. 9. 22. 16. 30. 22.781],24,B0054,183,6744,06744.csv,0.099380707134329,0.1638399860745152,36,0.2632206932088442
6753,[2010. 9. 23. 8. 35. 53.890],24,B0054,193,6754,06754.csv,0.1009002418823888,0.1737279547669624,37,0.27462819664935123
6755,[2010. 9. 23. 12. 13. 2.640],24,B0054,195,6756,06756.csv,0.0997875649797947,0.1698819240460445,38,0.2696694890258392
6765,[2010. 9. 24. 4. 16. 16.906],24,B0054,205,6766,06766.csv,0.0999953553837928,0.1694057325625717,39,0.26940108794636447
6767,[2010. 9. 24. 7. 53. 28.687],24,B0054,207,6768,06768.csv,0.0998076165369776,0.167319969850756,40,0.2671275863877336
6777,[2010. 9. 24. 23. 55. 54.734],24,B0054,217,6778,06778.csv,0.1000424674334739,0.1686325183988175,41,0.2686749858322914
6779,[2010. 9. 25. 3. 33. 5.390],24,B0054,219,6780,06780.csv,0.0988196922135409,0.1684658768866979,42,0.2672855691002388
6781,[2010. 9. 28. 12. 28. 25.625],24,B0054,221,6782,06782.csv,0.1013015873886663,0.1681038553142042,43,0.2694054427028705
6783,[2010. 9. 28. 16. 5. 40.343],24,B0054,223,6784,06784.csv,0.0990634062872626,0.1669401768666011,44,0.2660035831538637
6793,[2010. 9. 29. 8. 16. 37.968],24,B0054,233,6794,06794.csv,0.1001017686658845,0.1720683073507892,45,0.2721700760166737
6795,[2010. 9. 29. 11. 53. 51.203],24,B0054,235,6796,06796.csv,0.0996265298848966,0.1736702007658418,46,0.2732967306507384
6805,[2010. 9. 30. 3. 59. 31.578],24,B0054,245,6806,06806.csv,0.101768650219854,0.1699411482743376,47,0.2717097984941916
6807,[2010. 9. 30. 7. 36. 45.046],24,B0054,247,6808,06808.csv,0.1015050702360389,0.1742737496764066,48,0.2757788199124455
6814,[2010. 9. 3. 13. 0. 14.437],24,B0055,1,6815,06815.csv,0.1015782931115955,0.2347168648465374,1,0.3362951579581329
6816,[2010. 9. 3. 16. 37. 4.078],24,B0055,3,6817,06817.csv,0.0961908583965746,0.2017671893861614,2,0.297958047782736
6826,[2010. 9. 4. 9. 14. 17.000],24,B0055,13,6827,06827.csv,0.0991502640679979,0.1832957702027795,3,0.2824460342707774
6828,[2010. 9. 4. 12. 51. 9.515],24,B0055,15,6829,06829.csv,0.0959763432768074,0.1840796258694923,4,0.2800559691462997
6838,[2010. 9. 5. 5. 10. 52.953],24,B0055,25,6839,06839.csv,0.0973694895735981,0.1738645043833818,5,0.2712339939569799
6840,[2010. 9. 5. 8. 47. 45.625],24,B0055,27,6841,06841.csv,0.0978518208220766,0.1796663621748983,6,0.2775181829969749
6850,[2010. 9. 6. 1. 14. 32.578],24,B0055,37,6851,06851.csv,0.0975853857737777,0.1703935259234456,7,0.2679789116972233
6852,[2010. 9. 6. 4. 51. 28.859],24,B0055,39,6853,06853.csv,0.097531103850855,0.1713255438972697,8,0.2688566477481247
6862,[2010. 9. 6. 21. 12. 26.359],24,B0055,49,6863,06863.csv,0.0990772781855223,0.1691734261334766,9,0.2682507043189989
6864,[2010. 9. 7. 0. 49. 23.750],24,B0055,51,6865,06865.csv,0.0975919890866962,0.1632732966555418,10,0.260865285742238
6866,[2010. 9. 9. 16. 53. 17.421],24,B0055,53,6867,06867.csv,0.0992382545274624,0.164729857372792,11,0.2639681119002544
6868,[2010. 9. 9. 20. 30. 14.531],24,B0055,55,6869,06869.csv,0.0984142673170484,0.1704903849366,12,0.2689046522536484
6878,[2010. 9. 10. 12. 56. 32.093],24,B0055,65,6879,06879.csv,0.0978512056379446,0.1594085495441995,13,0.2572597551821441
6880,[2010. 9. 10. 16. 33. 32.109],24,B0055,67,6881,06881.csv,0.1001161409222528,0.1667195684592821,14,0.2668357093815349
6890,[2010. 9. 11. 8. 53. 33.015],24,B0055,77,6891,06891.csv,0.0968522973097314,0.1585714252483242,15,0.2554237225580556
6892,[2010. 9. 11. 12. 30. 32.937],24,B0055,79,6893,06893.csv,0.0959148476411232,0.1606795896891386,16,0.25659443733026177
6902,[2010. 9. 12. 4. 46. 14.359],24,B0055,89,6903,06903.csv,0.0961548466394428,0.158710789913109,17,0.2548656365525518
6904,[2010. 9. 12. 8. 23. 19.421],24,B0055,91,6905,06905.csv,0.0973463150121152,0.1621587836501836,18,0.2595050986622988
6914,[2010. 9. 13. 0. 37. 44.093],24,B0055,101,6915,06915.csv,0.0992232556085021,0.1583936556285234,19,0.2576169112370255
6916,[2010. 9. 13. 4. 14. 47.968],24,B0055,103,6917,06917.csv,0.0957513027495029,0.1613095878772497,20,0.2570608906267526
6918,[2010. 9. 14. 12. 54. 12.703],24,B0055,105,6919,06919.csv,0.0995039488651074,0.1552247292015739,21,0.2547286780666813
6920,[2010. 9. 14. 16. 31. 17.250],24,B0055,107,6921,06921.csv,0.0982934825737443,0.1591460762969972,22,0.2574395588707415
6930,[2010. 9. 17. 16. 2. 32.890],24,B0055,117,6931,06931.csv,0.0983759310153811,0.1585808421335283,23,0.2569567731489094
6932,[2010. 9. 17. 19. 39. 33.093],24,B0055,119,6933,06933.csv,0.0960595078437481,0.1541064904497954,24,0.2501659982935435
6942,[2010. 9. 18. 11. 56. 16.718],24,B0055,129,6943,06943.csv,0.0978697620762136,0.1551765793727509,25,0.2530463414489645
6944,[2010. 9. 18. 15. 33. 19.140],24,B0055,131,6945,06945.csv,0.0980537839894344,0.1570535339827561,26,0.2551073179721905
6954,[2010. 9. 19. 7. 46. 55.343],24,B0055,141,6955,06955.csv,0.0974982174893269,0.1526111561527176,27,0.2501093736420445
6956,[2010. 9. 19. 11. 24. 0.796],24,B0055,143,6957,06957.csv,0.0945385434995231,0.1599802865899194,28,0.2545188300894425
6966,[2010. 9. 20. 3. 33. 57.015],24,B0055,153,6967,06967.csv,0.0998302033585755,0.1531740403604835,29,0.253004243719059
6968,[2010. 9. 20. 7. 11. 1.781],24,B0055,155,6969,06969.csv,0.0953261246934921,0.1564819179161687,30,0.2518080426096608
6978,[2010. 9. 20. 23. 18. 51.328],24,B0055,165,6979,06979.csv,0.0968507361425835,0.1530520120177823,31,0.24990274816036578
6980,[2010. 9. 21. 2. 55. 56.796],24,B0055,167,6981,06981.csv,0.0955986501310135,0.1574347424641926,32,0.2530333925952061
6982,[2010. 9. 21. 17. 7. 17.328],24,B0055,169,6983,06983.csv,0.0976406602946733,0.1519955066716708,33,0.2496361669663441
6984,[2010. 9. 21. 20. 44. 24.828],24,B0055,171,6985,06985.csv,0.0953317195752566,0.1527808323572457,34,0.2481125519325023
6994,[2010. 9. 22. 12. 53. 15.031],24,B0055,181,6995,06995.csv,0.0984230672399495,0.1482669209281052,35,0.2466899881680547
6996,[2010. 9. 22. 16. 30. 22.781],24,B0055,183,6997,06997.csv,0.0970492370316739,0.1578826080591113,36,0.2549318450907852
7006,[2010. 9. 23. 8. 35. 53.890],24,B0055,193,7007,07007.csv,0.0978709141288134,0.1499114578715834,37,0.24778237200039677
7008,[2010. 9. 23. 12. 13. 2.640],24,B0055,195,7009,07009.csv,0.0967383381331187,0.1514956779140662,38,0.24823401604718492
7018,[2010. 9. 24. 4. 16. 16.906],24,B0055,205,7019,07019.csv,0.098669843298379,0.1489084724043598,39,0.2475783157027388
7020,[2010. 9. 24. 7. 53. 28.687],24,B0055,207,7021,07021.csv,0.0957668537291583,0.1571078100358343,40,0.25287466376499257
7030,[2010. 9. 24. 23. 55. 54.734],24,B0055,217,7031,07031.csv,0.0951940376076705,0.1484659056986745,41,0.243659943306345
7032,[2010. 9. 25. 3. 33. 5.390],24,B0055,219,7033,07033.csv,0.094272851252728,0.1543495432705305,42,0.2486223945232585
7034,[2010. 9. 28. 12. 28. 25.625],24,B0055,221,7035,07035.csv,0.0959953265919976,0.1506837014927287,43,0.2466790280847263
7036,[2010. 9. 28. 16. 5. 40.343],24,B0055,223,7037,07037.csv,0.0974710990124724,0.1576091210071961,44,0.2550802200196685
7046,[2010. 9. 29. 8. 16. 37.968],24,B0055,233,7047,07047.csv,0.0982550032520246,0.1487710477624165,45,0.2470260510144411
7048,[2010. 9. 29. 11. 53. 51.203],24,B0055,235,7049,07049.csv,0.0977872215415929,0.1508852414965815,46,0.24867246303817442
7058,[2010. 9. 30. 3. 59. 31.578],24,B0055,245,7059,07059.csv,0.0986793636363895,0.152746631755699,47,0.2514259953920885
7060,[2010. 9. 30. 7. 36. 45.046],24,B0055,247,7061,07061.csv,0.0968087979207628,0.1548973820370723,48,0.25170617995783506
7066,[2010. 9. 3. 13. 0. 14.437],24,B0056,1,7067,07067.csv,0.1088598180396697,0.2423519018369169,1,0.3512117198765866
7068,[2010. 9. 3. 16. 37. 4.078],24,B0056,3,7069,07069.csv,0.1049640515073794,0.220815081180846,2,0.3257791326882254
7078,[2010. 9. 4. 9. 14. 17.000],24,B0056,13,7079,07079.csv,0.103712680811033,0.1998294799622805,3,0.30354216077331353
7080,[2010. 9. 4. 12. 51. 9.515],24,B0056,15,7081,07081.csv,0.1025625756947458,0.1948217501504031,4,0.2973843258451489
7090,[2010. 9. 5. 5. 10. 52.953],24,B0056,25,7091,07091.csv,0.1040898825320946,0.1949176796556943,5,0.2990075621877889
7092,[2010. 9. 5. 8. 47. 45.625],24,B0056,27,7093,07093.csv,0.1019584993849311,0.195572255030811,6,0.29753075441574206
7102,[2010. 9. 6. 1. 14. 32.578],24,B0056,37,7103,07103.csv,0.102805893268938,0.1959091926214439,7,0.2987150858903819
7104,[2010. 9. 6. 4. 51. 28.859],24,B0056,39,7105,07105.csv,0.1015689252857899,0.1878389226605419,8,0.2894078479463318
7114,[2010. 9. 6. 21. 12. 26.359],24,B0056,49,7115,07115.csv,0.1036438243385895,0.1880770372822251,9,0.2917208616208146
7116,[2010. 9. 7. 0. 49. 23.750],24,B0056,51,7117,07117.csv,0.1027105156977888,0.1930652109677121,10,0.2957757266655009
7118,[2010. 9. 9. 16. 53. 17.421],24,B0056,53,7119,07119.csv,0.1030428395633844,0.1854251980049136,11,0.28846803756829803
7120,[2010. 9. 9. 20. 30. 14.531],24,B0056,55,7121,07121.csv,0.1026280361625926,0.1880298257150919,12,0.2906578618776845
7130,[2010. 9. 10. 12. 56. 32.093],24,B0056,65,7131,07131.csv,0.1038272606597162,0.1897696846565434,13,0.29359694531625957
7132,[2010. 9. 10. 16. 33. 32.109],24,B0056,67,7133,07133.csv,0.1018155021952932,0.1865013569505084,14,0.28831685914580163
7142,[2010. 9. 11. 8. 53. 33.015],24,B0056,77,7143,07143.csv,0.1030357149824211,0.1863933947506744,15,0.2894291097330955
7144,[2010. 9. 11. 12. 30. 32.937],24,B0056,79,7145,07145.csv,0.1015251317030928,0.1863314859657084,16,0.2878566176688012
7154,[2010. 9. 12. 4. 46. 14.359],24,B0056,89,7155,07155.csv,0.102194385715554,0.1802455478269843,17,0.28243993354253827
7156,[2010. 9. 12. 8. 23. 19.421],24,B0056,91,7157,07157.csv,0.1015272009851769,0.1805145219556757,18,0.2820417229408526
7166,[2010. 9. 13. 0. 37. 44.093],24,B0056,101,7167,07167.csv,0.1021804299181328,0.1794321770890979,19,0.2816126070072307
7168,[2010. 9. 13. 4. 14. 47.968],24,B0056,103,7169,07169.csv,0.1016599259872308,0.1823897733110587,20,0.2840496992982895
7170,[2010. 9. 14. 12. 54. 12.703],24,B0056,105,7171,07171.csv,0.1030027900142222,0.1853395200452917,21,0.2883423100595139
7172,[2010. 9. 14. 16. 31. 17.250],24,B0056,107,7173,07173.csv,0.1023189139052319,0.1853077974918239,22,0.2876267113970558
7182,[2010. 9. 17. 16. 2. 32.890],24,B0056,117,7183,07183.csv,0.1032946520859783,0.1815229090013458,23,0.2848175610873241
7184,[2010. 9. 17. 19. 39. 33.093],24,B0056,119,7185,07185.csv,0.1006957784407432,0.1830365074151776,24,0.2837322858559208
7194,[2010. 9. 18. 11. 56. 16.718],24,B0056,129,7195,07195.csv,0.1019403721757074,0.1792689839138263,25,0.2812093560895337
7196,[2010. 9. 18. 15. 33. 19.140],24,B0056,131,7197,07197.csv,0.1000418553003488,0.1786344698086878,26,0.2786763251090366
7206,[2010. 9. 19. 7. 46. 55.343],24,B0056,141,7207,07207.csv,0.1017463467626283,0.1786222293467708,27,0.2803685761093991
7208,[2010. 9. 19. 11. 24. 0.796],24,B0056,143,7209,07209.csv,0.1017657245210761,0.1773589985748751,28,0.2791247230959512
7218,[2010. 9. 20. 3. 33. 57.015],24,B0056,153,7219,07219.csv,0.1013412847593045,0.1728674635242974,29,0.2742087482836019
7220,[2010. 9. 20. 7. 11. 1.781],24,B0056,155,7221,07221.csv,0.1011869844766893,0.1762831999076887,30,0.277470184384378
7230,[2010. 9. 20. 23. 18. 51.328],24,B0056,165,7231,07231.csv,0.1034161894564017,0.1797202133914272,31,0.2831364028478289
7232,[2010. 9. 21. 2. 55. 56.796],24,B0056,167,7233,07233.csv,0.1014120696900775,0.174102344548729,32,0.2755144142388065
7234,[2010. 9. 21. 17. 7. 17.328],24,B0056,169,7235,07235.csv,0.101584868204634,0.1705326620588443,33,0.2721175302634783
7236,[2010. 9. 21. 20. 44. 24.828],24,B0056,171,7237,07237.csv,0.1026307895180504,0.1798215430108493,34,0.2824523325288997
7246,[2010. 9. 22. 12. 53. 15.031],24,B0056,181,7247,07247.csv,0.1013118524498662,0.1838680455154464,35,0.28517989796531257
7248,[2010. 9. 22. 16. 30. 22.781],24,B0056,183,7249,07249.csv,0.101847215179338,0.1781207507715428,36,0.2799679659508808
7258,[2010. 9. 23. 8. 35. 53.890],24,B0056,193,7259,07259.csv,0.101471430453111,0.1741137852107845,37,0.2755852156638955
7260,[2010. 9. 23. 12. 13. 2.640],24,B0056,195,7261,07261.csv,0.1012378092926894,0.1724958251219944,38,0.2737336344146838
7270,[2010. 9. 24. 4. 16. 16.906],24,B0056,205,7271,07271.csv,0.1024627942230413,0.1797988531344636,39,0.2822616473575049
7272,[2010. 9. 24. 7. 53. 28.687],24,B0056,207,7273,07273.csv,0.10152762113247,0.1769422077012732,40,0.2784698288337432
7282,[2010. 9. 24. 23. 55. 54.734],24,B0056,217,7283,07283.csv,0.1020677385585302,0.1818841119515786,41,0.2839518505101088
7284,[2010. 9. 25. 3. 33. 5.390],24,B0056,219,7285,07285.csv,0.1022286765583777,0.1733502805316103,42,0.27557895708998803
7286,[2010. 9. 28. 12. 28. 25.625],24,B0056,221,7287,07287.csv,0.103343919725866,0.1795029018932102,43,0.2828468216190762
7288,[2010. 9. 28. 16. 5. 40.343],24,B0056,223,7289,07289.csv,0.1023252022404984,0.174032133011143,44,0.2763573352516414
7298,[2010. 9. 29. 8. 16. 37.968],24,B0056,233,7299,07299.csv,0.1019421545511125,0.1717671594545574,45,0.2737093140056699
7300,[2010. 9. 29. 11. 53. 51.203],24,B0056,235,7301,07301.csv,0.1032274111061568,0.1670944391316919,46,0.2703218502378487
7310,[2010. 9. 30. 3. 59. 31.578],24,B0056,245,7311,07311.csv,0.1031133376026333,0.1736325228166855,47,0.2767458604193188
7312,[2010. 9. 30. 7. 36. 45.046],24,B0056,247,7313,07313.csv,0.1026770687168542,0.1703940600053709,48,0.2730711287222251
