Unnamed: 0,start_time,ambient_temperature,battery_id,test_id,uid,filename,Capacity,cycle_number,datetime,delta_time,SOH
1,"[2008.0, 4.0, 2.0, 15.0, 25.0, 41.593]",24,B0005,1,2,00002.csv,1.8564874208181568,1,2008-04-02 15:25:41.593,0.0,0.9282437104090784
3,"[2008.0, 4.0, 2.0, 19.0, 43.0, 48.406]",24,B0005,3,4,00004.csv,1.846327249719927,2,2008-04-02 19:43:48.406,15486.813,0.9231636248599636
5,"[2008.0, 4.0, 3.0, 0.0, 1.0, 6.687]",24,B0005,5,6,00006.csv,1.835349194223408,3,2008-04-03 00:01:06.687,30925.094,0.9176745971117041
7,"[2008.0, 4.0, 3.0, 4.0, 16.0, 37.375]",24,B0005,7,8,00008.csv,1.8352625275821128,4,2008-04-03 04:16:37.375,46255.782,0.9176312637910564
9,"[2008.0, 4.0, 3.0, 8.0, 33.0, 25.703]",24,B0005,9,10,00010.csv,1.8346455082120416,5,2008-04-03 08:33:25.703,61664.11,0.9173227541060208
11,"[2008.0, 4.0, 3.0, 12.0, 55.0, 10.687]",24,B0005,11,12,00012.csv,1.8356616600675493,6,2008-04-03 12:55:10.687,77369.094,0.9178308300337749
13,"[2008.0, 4.0, 3.0, 17.0, 17.0, 16.015]",24,B0005,13,14,00014.csv,1.8351461429226603,7,2008-04-03 17:17:16.015,93094.422,0.9175730714613302
15,"[2008.0, 4.0, 3.0, 21.0, 28.0, 14.718]",24,B0005,15,16,00016.csv,1.8257567905665533,8,2008-04-03 21:28:14.718,108153.125,0.9128783952832769
17,"[2008.0, 4.0, 4.0, 1.0, 38.0, 15.218]",24,B0005,17,18,00018.csv,1.8247738529891333,9,2008-04-04 01:38:15.218,123153.625,0.9123869264945668
19,"[2008.0, 4.0, 4.0, 5.0, 48.0, 8.609]",24,B0005,19,20,00020.csv,1.824613268496936,10,2008-04-04 05:48:08.609,138147.016,0.9123066342484679
21,"[2008.0, 4.0, 4.0, 9.0, 57.0, 19.765]",24,B0005,21,22,00022.csv,1.8246195526864504,11,2008-04-04 09:57:19.765,153098.172,0.9123097763432252
24,"[2008.0, 4.0, 4.0, 17.0, 56.0, 27.609]",24,B0005,24,25,00025.csv,1.814201935767392,12,2008-04-04 17:56:27.609,181846.016,0.907100967883696
26,"[2008.0, 4.0, 4.0, 22.0, 1.0, 54.671]",24,B0005,26,27,00027.csv,1.8137521577549047,13,2008-04-04 22:01:54.671,196573.078,0.9068760788774525
28,"[2008.0, 4.0, 5.0, 2.0, 20.0, 26.703]",24,B0005,28,29,00029.csv,1.8134404914735824,14,2008-04-05 02:20:26.703,212085.11,0.9067202457367912
30,"[2008.0, 4.0, 5.0, 6.0, 25.0, 1.89]",24,B0005,30,31,00031.csv,1.8025980036306504,15,2008-04-05 06:25:01.890,226760.297,0.9012990018153252
32,"[2008.0, 4.0, 5.0, 10.0, 30.0, 32.312]",24,B0005,32,33,00033.csv,1.80210690024615,16,2008-04-05 10:30:32.312,241490.719,0.9010534501230753
34,"[2008.0, 4.0, 5.0, 14.0, 34.0, 41.468]",24,B0005,34,35,00035.csv,1.802579500826209,17,2008-04-05 14:34:41.468,256139.875,0.9012897504131044
36,"[2008.0, 4.0, 5.0, 18.0, 39.0, 25.218]",24,B0005,36,37,00037.csv,1.8030683142834096,18,2008-04-05 18:39:25.218,270823.625,0.9015341571417048
38,"[2008.0, 4.0, 5.0, 22.0, 46.0, 35.484]",24,B0005,38,39,00039.csv,1.802777624719604,19,2008-04-05 22:46:35.484,285653.891,0.901388812359802
41,"[2008.0, 4.0, 18.0, 21.0, 10.0, 19.796]",24,B0005,41,42,00042.csv,1.8470259949329195,20,2008-04-18 21:10:19.796,1403078.203,0.9235129974664598
45,"[2008.0, 4.0, 19.0, 2.0, 29.0, 9.0]",24,B0005,45,46,00046.csv,1.847417311283644,21,2008-04-19 02:29:09.000,1422207.407,0.9237086556418219
49,"[2008.0, 4.0, 19.0, 7.0, 47.0, 15.703]",24,B0005,49,50,00050.csv,1.8361774213478947,22,2008-04-19 07:47:15.703,1441294.11,0.9180887106739472
53,"[2008.0, 4.0, 19.0, 13.0, 1.0, 42.562]",24,B0005,53,54,00054.csv,1.825780747577624,23,2008-04-19 13:01:42.562,1460160.969,0.912890373788812
57,"[2008.0, 4.0, 19.0, 18.0, 27.0, 29.828]",24,B0005,57,58,00058.csv,1.8251136435078368,24,2008-04-19 18:27:29.828,1479708.235,0.9125568217539184
61,"[2008.0, 4.0, 19.0, 23.0, 41.0, 55.687]",24,B0005,61,62,00062.csv,1.825581504220376,25,2008-04-19 23:41:55.687,1498574.094,0.9127907521101881
65,"[2008.0, 4.0, 20.0, 4.0, 54.0, 41.734]",24,B0005,65,66,00066.csv,1.814031127508391,26,2008-04-20 04:54:41.734,1517340.141,0.9070155637541955
69,"[2008.0, 4.0, 20.0, 10.0, 16.0, 28.859]",24,B0005,69,70,00070.csv,1.8147691941158937,27,2008-04-20 10:16:28.859,1536647.266,0.9073845970579468
73,"[2008.0, 4.0, 20.0, 15.0, 37.0, 5.281]",24,B0005,73,74,00074.csv,1.813969388710352,28,2008-04-20 15:37:05.281,1555883.688,0.9069846943551759
77,"[2008.0, 4.0, 20.0, 20.0, 50.0, 38.921]",24,B0005,77,78,00078.csv,1.802765665167823,29,2008-04-20 20:50:38.921,1574697.328,0.9013828325839115
81,"[2008.0, 4.0, 21.0, 2.0, 15.0, 2.921]",24,B0005,81,82,00082.csv,1.804077040117352,30,2008-04-21 02:15:02.921,1594161.328,0.902038520058676
85,"[2008.0, 4.0, 22.0, 15.0, 33.0, 49.875]",24,B0005,85,86,00086.csv,1.8518025516704488,31,2008-04-22 15:33:49.875,1728488.282,0.9259012758352244
89,"[2008.0, 4.0, 22.0, 20.0, 26.0, 18.921]",24,B0005,89,90,00090.csv,1.8307038456739428,32,2008-04-22 20:26:18.921,1746037.328,0.9153519228369714
93,"[2008.0, 4.0, 23.0, 1.0, 18.0, 11.796]",24,B0005,93,94,00094.csv,1.8199041089501269,33,2008-04-23 01:18:11.796,1763550.203,0.9099520544750637
97,"[2008.0, 4.0, 23.0, 6.0, 18.0, 19.921]",24,B0005,97,98,00098.csv,1.809307963702852,34,2008-04-23 06:18:19.921,1781558.328,0.9046539818514261
101,"[2008.0, 4.0, 23.0, 11.0, 8.0, 0.312]",24,B0005,101,102,00102.csv,1.80460990458052,35,2008-04-23 11:08:00.312,1798938.719,0.9023049522902601
105,"[2008.0, 4.0, 23.0, 16.0, 6.0, 25.171]",24,B0005,105,106,00106.csv,1.7993770651972192,36,2008-04-23 16:06:25.171,1816843.578,0.8996885325986096
109,"[2008.0, 4.0, 23.0, 21.0, 2.0, 58.296]",24,B0005,109,110,00110.csv,1.7884432335370462,37,2008-04-23 21:02:58.296,1834636.703,0.8942216167685231
113,"[2008.0, 4.0, 24.0, 1.0, 51.0, 33.89]",24,B0005,113,114,00114.csv,1.7829230484252725,38,2008-04-24 01:51:33.890,1851952.297,0.8914615242126362
117,"[2008.0, 4.0, 24.0, 6.0, 50.0, 0.031]",24,B0005,117,118,00118.csv,1.7730337158018288,39,2008-04-24 06:50:00.031,1869858.438,0.8865168579009144
121,"[2008.0, 4.0, 24.0, 11.0, 49.0, 24.281]",24,B0005,121,122,00122.csv,1.773037755078937,40,2008-04-24 11:49:24.281,1887822.688,0.8865188775394686
125,"[2008.0, 4.0, 24.0, 16.0, 45.0, 56.015]",24,B0005,125,126,00126.csv,1.7678721106662054,41,2008-04-24 16:45:56.015,1905614.422,0.8839360553331026
129,"[2008.0, 4.0, 24.0, 21.0, 38.0, 11.078]",24,B0005,129,130,00130.csv,1.762315070409309,42,2008-04-24 21:38:11.078,1923149.485,0.8811575352046545
133,"[2008.0, 4.0, 25.0, 12.0, 3.0, 44.093]",24,B0005,133,134,00134.csv,1.7676172924938447,43,2008-04-25 12:03:44.093,1975082.5,0.8838086462469223
135,"[2008.0, 4.0, 25.0, 20.0, 3.0, 55.921]",24,B0005,135,136,00136.csv,1.762668359743147,44,2008-04-25 20:03:55.921,2003894.328,0.8813341798715735
139,"[2008.0, 4.0, 26.0, 1.0, 4.0, 35.718]",24,B0005,139,140,00140.csv,1.7517304870664143,45,2008-04-26 01:04:35.718,2021934.125,0.8758652435332072
143,"[2008.0, 4.0, 26.0, 5.0, 57.0, 35.14]",24,B0005,143,144,00144.csv,1.7418496047960008,46,2008-04-26 05:57:35.140,2039513.547,0.8709248023980004
147,"[2008.0, 4.0, 26.0, 10.0, 58.0, 25.843]",24,B0005,147,148,00148.csv,1.7360913511847138,47,2008-04-26 10:58:25.843,2057564.25,0.8680456755923569
149,"[2008.0, 4.0, 29.0, 12.0, 15.0, 56.953]",24,B0005,149,150,00150.csv,1.7936240148573608,48,2008-04-29 12:15:56.953,2321415.36,0.8968120074286804
153,"[2008.0, 4.0, 29.0, 17.0, 5.0, 27.781]",24,B0005,153,154,00154.csv,1.7831890223273277,49,2008-04-29 17:05:27.781,2338786.188,0.8915945111636638
157,"[2008.0, 4.0, 29.0, 22.0, 0.0, 4.75]",24,B0005,157,158,00158.csv,1.7673642076278957,50,2008-04-29 22:00:04.750,2356463.157,0.8836821038139479
161,"[2008.0, 4.0, 30.0, 2.0, 43.0, 55.312]",24,B0005,161,162,00162.csv,1.7570177850353066,51,2008-04-30 02:43:55.312,2373493.719,0.8785088925176532
165,"[2008.0, 4.0, 30.0, 7.0, 41.0, 42.578]",24,B0005,165,166,00166.csv,1.7468706179837907,52,2008-04-30 07:41:42.578,2391360.985,0.8734353089918954
169,"[2008.0, 4.0, 30.0, 12.0, 28.0, 49.265]",24,B0005,169,170,00170.csv,1.7417172507457144,53,2008-04-30 12:28:49.265,2408587.672,0.8708586253728572
173,"[2008.0, 4.0, 30.0, 17.0, 20.0, 16.14]",24,B0005,173,174,00174.csv,1.7364225056478186,54,2008-04-30 17:20:16.140,2426074.547,0.8682112528239094
177,"[2008.0, 4.0, 30.0, 22.0, 14.0, 54.062]",24,B0005,177,178,00178.csv,1.7263217239235826,55,2008-04-30 22:14:54.062,2443752.469,0.8631608619617913
181,"[2008.0, 5.0, 1.0, 3.0, 15.0, 33.14]",24,B0005,181,182,00182.csv,1.7158065389330133,56,2008-05-01 03:15:33.140,2461791.547,0.8579032694665066
185,"[2008.0, 5.0, 1.0, 8.0, 16.0, 3.343]",24,B0005,185,186,00186.csv,1.710533351135192,57,2008-05-01 08:16:03.343,2479821.75,0.855266675567596
189,"[2008.0, 5.0, 1.0, 13.0, 14.0, 24.875]",24,B0005,189,190,00190.csv,1.706014499648521,58,2008-05-01 13:14:24.875,2497723.282,0.8530072498242605
193,"[2008.0, 5.0, 1.0, 18.0, 11.0, 10.984]",24,B0005,193,194,00194.csv,1.7003110272642588,59,2008-05-01 18:11:10.984,2515529.391,0.8501555136321294
197,"[2008.0, 5.0, 1.0, 23.0, 10.0, 15.265]",24,B0005,197,198,00198.csv,1.6945798601797897,60,2008-05-01 23:10:15.265,2533473.672,0.8472899300898947
201,"[2008.0, 5.0, 2.0, 3.0, 53.0, 34.765]",24,B0005,201,202,00202.csv,1.6849029086609286,61,2008-05-02 03:53:34.765,2550473.172,0.8424514543304643
205,"[2008.0, 5.0, 2.0, 8.0, 44.0, 40.859]",24,B0005,205,206,00206.csv,1.6744741591159715,62,2008-05-02 08:44:40.859,2567939.266,0.8372370795579858
209,"[2008.0, 5.0, 2.0, 13.0, 43.0, 5.093]",24,B0005,209,210,00210.csv,1.6745692479879102,63,2008-05-02 13:43:05.093,2585843.5,0.8372846239939551
213,"[2008.0, 5.0, 2.0, 19.0, 7.0, 48.359]",24,B0005,213,214,00214.csv,1.663716375981405,64,2008-05-02 19:07:48.359,2605326.766,0.8318581879907027
215,"[2008.0, 5.0, 2.0, 23.0, 24.0, 17.687]",24,B0005,215,216,00216.csv,1.659013868748246,65,2008-05-02 23:24:17.687,2620716.094,0.8295069343741229
219,"[2008.0, 5.0, 3.0, 4.0, 13.0, 8.609]",24,B0005,219,220,00220.csv,1.6538540573335014,66,2008-05-03 04:13:08.609,2638047.016,0.8269270286667507
223,"[2008.0, 5.0, 3.0, 9.0, 10.0, 19.812]",24,B0005,223,224,00224.csv,1.642653782130131,67,2008-05-03 09:10:19.812,2655878.219,0.8213268910650655
227,"[2008.0, 5.0, 3.0, 14.0, 4.0, 34.187]",24,B0005,227,228,00228.csv,1.6378578430223698,68,2008-05-03 14:04:34.187,2673532.594,0.8189289215111849
231,"[2008.0, 5.0, 3.0, 18.0, 58.0, 13.468]",24,B0005,231,232,00232.csv,1.6327350407099108,69,2008-05-03 18:58:13.468,2691151.875,0.8163675203549555
235,"[2008.0, 5.0, 3.0, 23.0, 42.0, 30.093]",24,B0005,235,236,00236.csv,1.6277528915533617,70,2008-05-03 23:42:30.093,2708208.5,0.8138764457766808
239,"[2008.0, 5.0, 4.0, 4.0, 41.0, 40.0]",24,B0005,239,240,00240.csv,1.622125485521159,71,2008-05-04 04:41:40.000,2726158.407,0.8110627427605795
243,"[2008.0, 5.0, 4.0, 9.0, 40.0, 11.906]",24,B0005,243,244,00244.csv,1.6113256603765849,72,2008-05-04 09:40:11.906,2744070.313,0.8056628301882924
247,"[2008.0, 5.0, 4.0, 14.0, 38.0, 13.359]",24,B0005,247,248,00248.csv,1.6065631397488385,73,2008-05-04 14:38:13.359,2761951.766,0.8032815698744193
251,"[2008.0, 5.0, 4.0, 19.0, 37.0, 7.89]",24,B0005,251,252,00252.csv,1.6015142233917594,74,2008-05-04 19:37:07.890,2779886.297,0.8007571116958797
255,"[2008.0, 5.0, 5.0, 0.0, 35.0, 53.968]",24,B0005,255,256,00256.csv,1.590369231400328,75,2008-05-05 00:35:53.968,2797812.375,0.795184615700164
259,"[2008.0, 5.0, 5.0, 5.0, 28.0, 13.937]",24,B0005,259,260,00260.csv,1.5857889968242211,76,2008-05-05 05:28:13.937,2815352.344,0.7928944984121106
263,"[2008.0, 5.0, 5.0, 11.0, 41.0, 31.5]",24,B0005,263,264,00264.csv,1.5849430707374117,77,2008-05-05 11:41:31.500,2837749.907,0.7924715353687058
265,"[2008.0, 5.0, 5.0, 20.0, 40.0, 8.562]",24,B0005,265,266,00266.csv,1.5955263892495937,78,2008-05-05 20:40:08.562,2870066.969,0.7977631946247967
269,"[2008.0, 5.0, 6.0, 1.0, 38.0, 46.265]",24,B0005,269,270,00270.csv,1.5747301747801037,79,2008-05-06 01:38:46.265,2887984.672,0.7873650873900518
273,"[2008.0, 5.0, 6.0, 6.0, 37.0, 6.296]",24,B0005,273,274,00274.csv,1.5649019950937946,80,2008-05-06 06:37:06.296,2905884.703,0.7824509975468973
277,"[2008.0, 5.0, 6.0, 11.0, 25.0, 21.031]",24,B0005,277,278,00278.csv,1.5597659473370362,81,2008-05-06 11:25:21.031,2923179.438,0.7798829736685181
281,"[2008.0, 5.0, 6.0, 16.0, 23.0, 36.296]",24,B0005,281,282,00282.csv,1.5594815668184234,82,2008-05-06 16:23:36.296,2941074.703,0.7797407834092117
285,"[2008.0, 5.0, 6.0, 21.0, 21.0, 49.265]",24,B0005,285,286,00286.csv,1.55468935359061,83,2008-05-06 21:21:49.265,2958967.672,0.777344676795305
289,"[2008.0, 5.0, 7.0, 2.0, 17.0, 25.156]",24,B0005,289,290,00290.csv,1.5488741079890418,84,2008-05-07 02:17:25.156,2976703.563,0.7744370539945209
293,"[2008.0, 5.0, 7.0, 7.0, 4.0, 2.109]",24,B0005,293,294,00294.csv,1.538236598942558,85,2008-05-07 07:04:02.109,2993900.516,0.769118299471279
297,"[2008.0, 5.0, 7.0, 12.0, 1.0, 49.906]",24,B0005,297,298,00298.csv,1.527914258251028,86,2008-05-07 12:01:49.906,3011768.313,0.7639571291255138
301,"[2008.0, 5.0, 7.0, 16.0, 59.0, 29.937]",24,B0005,301,302,00302.csv,1.5285252629756445,87,2008-05-07 16:59:29.937,3029628.344,0.7642626314878223
305,"[2008.0, 5.0, 7.0, 21.0, 56.0, 9.656]",24,B0005,305,306,00306.csv,1.522647325284378,88,2008-05-07 21:56:09.656,3047428.063,0.761323662642189
309,"[2008.0, 5.0, 8.0, 2.0, 53.0, 49.937]",24,B0005,309,310,00310.csv,1.5174859938489869,89,2008-05-08 02:53:49.937,3065288.344,0.7587429969244934
312,"[2008.0, 5.0, 9.0, 12.0, 25.0, 7.0]",24,B0005,312,313,00313.csv,1.605818899130659,90,2008-05-09 12:25:07.000,3185965.407,0.8029094495653295
315,"[2008.0, 5.0, 9.0, 20.0, 28.0, 9.734]",24,B0005,315,316,00316.csv,1.5638491446744425,91,2008-05-09 20:28:09.734,3214948.141,0.7819245723372212
319,"[2008.0, 5.0, 10.0, 1.0, 21.0, 56.5]",24,B0005,319,320,00320.csv,1.5480915247767786,92,2008-05-10 01:21:56.500,3232574.907,0.7740457623883893
323,"[2008.0, 5.0, 10.0, 6.0, 18.0, 12.0]",24,B0005,323,324,00324.csv,1.5323755631868592,93,2008-05-10 06:18:12.000,3250350.407,0.7661877815934297
327,"[2008.0, 5.0, 10.0, 11.0, 16.0, 4.843]",24,B0005,327,328,00328.csv,1.5269528268489705,94,2008-05-10 11:16:04.843,3268223.25,0.7634764134244852
331,"[2008.0, 5.0, 10.0, 16.0, 11.0, 56.109]",24,B0005,331,332,00332.csv,1.5169573017136326,95,2008-05-10 16:11:56.109,3285974.516,0.7584786508568163
335,"[2008.0, 5.0, 10.0, 21.0, 7.0, 54.625]",24,B0005,335,336,00336.csv,1.511897596014269,96,2008-05-10 21:07:54.625,3303733.032,0.7559487980071345
339,"[2008.0, 5.0, 11.0, 2.0, 5.0, 21.796]",24,B0005,339,340,00340.csv,1.5065638960681105,97,2008-05-11 02:05:21.796,3321580.203,0.7532819480340552
343,"[2008.0, 5.0, 11.0, 6.0, 55.0, 27.734]",24,B0005,343,344,00344.csv,1.5015453526671363,98,2008-05-11 06:55:27.734,3338986.141,0.7507726763335681
347,"[2008.0, 5.0, 11.0, 11.0, 52.0, 47.187]",24,B0005,347,348,00348.csv,1.4908444050400238,99,2008-05-11 11:52:47.187,3356825.594,0.7454222025200119
351,"[2008.0, 5.0, 11.0, 16.0, 49.0, 58.921]",24,B0005,351,352,00352.csv,1.485868384561201,100,2008-05-11 16:49:58.921,3374657.328,0.7429341922806006
355,"[2008.0, 5.0, 11.0, 21.0, 47.0, 12.843]",24,B0005,355,356,00356.csv,1.480413677976106,101,2008-05-11 21:47:12.843,3392491.25,0.7402068389880528
359,"[2008.0, 5.0, 12.0, 2.0, 36.0, 58.921]",24,B0005,359,360,00360.csv,1.4752095869031632,102,2008-05-12 02:36:58.921,3409877.328,0.7376047934515816
363,"[2008.0, 5.0, 12.0, 12.0, 56.0, 34.781]",24,B0005,363,364,00364.csv,1.4859035988304024,103,2008-05-12 12:56:34.781,3447053.188,0.7429517994152012
366,"[2008.0, 5.0, 12.0, 18.0, 59.0, 59.453]",24,B0005,366,367,00367.csv,1.4960918298136696,104,2008-05-12 18:59:59.453,3468857.86,0.7480459149068348
370,"[2008.0, 5.0, 12.0, 23.0, 53.0, 17.609]",24,B0005,370,371,00371.csv,1.4808005946928984,105,2008-05-12 23:53:17.609,3486456.016,0.7404002973464492
374,"[2008.0, 5.0, 13.0, 4.0, 35.0, 25.359]",24,B0005,374,375,00375.csv,1.4697543268466824,106,2008-05-13 04:35:25.359,3503383.766,0.7348771634233412
378,"[2008.0, 5.0, 13.0, 9.0, 24.0, 4.718]",24,B0005,378,379,00379.csv,1.4539012274845928,107,2008-05-13 09:24:04.718,3520703.125,0.7269506137422964
382,"[2008.0, 5.0, 13.0, 14.0, 20.0, 24.937]",24,B0005,382,383,00383.csv,1.454146206723569,108,2008-05-13 14:20:24.937,3538483.344,0.7270731033617845
386,"[2008.0, 5.0, 13.0, 19.0, 4.0, 20.531]",24,B0005,386,387,00387.csv,1.455023751906683,109,2008-05-13 19:04:20.531,3555518.938,0.7275118759533415
390,"[2008.0, 5.0, 13.0, 23.0, 59.0, 26.015]",24,B0005,390,391,00391.csv,1.449042163761236,110,2008-05-13 23:59:26.015,3573224.422,0.724521081880618
394,"[2008.0, 5.0, 14.0, 4.0, 55.0, 57.453]",24,B0005,394,395,00395.csv,1.4386709371480566,111,2008-05-14 04:55:57.453,3591015.86,0.7193354685740283
398,"[2008.0, 5.0, 14.0, 9.0, 52.0, 22.062]",24,B0005,398,399,00399.csv,1.433445432156979,112,2008-05-14 09:52:22.062,3608800.469,0.7167227160784894
402,"[2008.0, 5.0, 14.0, 14.0, 35.0, 22.515]",24,B0005,402,403,00403.csv,1.4333958900838095,113,2008-05-14 14:35:22.515,3625780.922,0.7166979450419048
406,"[2008.0, 5.0, 14.0, 19.0, 31.0, 39.39]",24,B0005,406,407,00407.csv,1.42806487344776,114,2008-05-14 19:31:39.390,3643557.797,0.7140324367238801
410,"[2008.0, 5.0, 15.0, 0.0, 27.0, 55.625]",24,B0005,410,411,00411.csv,1.4229203181741186,115,2008-05-15 00:27:55.625,3661334.032,0.7114601590870593
414,"[2008.0, 5.0, 15.0, 5.0, 24.0, 4.89]",24,B0005,414,415,00415.csv,1.417429032731308,116,2008-05-15 05:24:04.890,3679103.297,0.708714516365654
418,"[2008.0, 5.0, 15.0, 10.0, 20.0, 3.875]",24,B0005,418,419,00419.csv,1.412409228794446,117,2008-05-15 10:20:03.875,3696862.282,0.706204614397223
422,"[2008.0, 5.0, 15.0, 15.0, 10.0, 59.437]",24,B0005,422,423,00423.csv,1.412578792940193,118,2008-05-15 15:10:59.437,3714317.844,0.7062893964700965
426,"[2008.0, 5.0, 15.0, 19.0, 56.0, 47.39]",24,B0005,426,427,00427.csv,1.4075983731469897,119,2008-05-15 19:56:47.390,3731465.797,0.7037991865734948
430,"[2008.0, 5.0, 16.0, 16.0, 54.0, 59.812]",24,B0005,430,431,00431.csv,1.4333920485221476,120,2008-05-16 16:54:59.812,3806958.219,0.7166960242610739
432,"[2008.0, 5.0, 16.0, 21.0, 37.0, 39.671]",24,B0005,432,433,00433.csv,1.4382550176792908,121,2008-05-16 21:37:39.671,3823918.078,0.7191275088396454
436,"[2008.0, 5.0, 17.0, 2.0, 32.0, 13.968]",24,B0005,436,437,00437.csv,1.4173547174485526,122,2008-05-17 02:32:13.968,3841592.375,0.7086773587242763
440,"[2008.0, 5.0, 17.0, 7.0, 25.0, 19.906]",24,B0005,440,441,00441.csv,1.406981663677643,123,2008-05-17 07:25:19.906,3859178.313,0.7034908318388216
444,"[2008.0, 5.0, 17.0, 12.0, 21.0, 15.89]",24,B0005,444,445,00445.csv,1.4012037783587623,124,2008-05-17 12:21:15.890,3876934.297,0.7006018891793812
448,"[2008.0, 5.0, 17.0, 17.0, 15.0, 37.281]",24,B0005,448,449,00449.csv,1.3967008232726328,125,2008-05-17 17:15:37.281,3894595.688,0.6983504116363164
452,"[2008.0, 5.0, 17.0, 22.0, 10.0, 51.218]",24,B0005,452,453,00453.csv,1.391284788852726,126,2008-05-17 22:10:51.218,3912309.625,0.6956423944263631
456,"[2008.0, 5.0, 18.0, 3.0, 5.0, 19.265]",24,B0005,456,457,00457.csv,1.3862287677978349,127,2008-05-18 03:05:19.265,3929977.672,0.6931143838989174
460,"[2008.0, 5.0, 18.0, 8.0, 0.0, 50.421]",24,B0005,460,461,00461.csv,1.3804366761974138,128,2008-05-18 08:00:50.421,3947708.828,0.6902183380987068
464,"[2008.0, 5.0, 18.0, 12.0, 44.0, 48.437]",24,B0005,464,465,00465.csv,1.3752364150256224,129,2008-05-18 12:44:48.437,3964746.844,0.6876182075128112
468,"[2008.0, 5.0, 18.0, 17.0, 36.0, 29.734]",24,B0005,468,469,00469.csv,1.3705128024895008,130,2008-05-18 17:36:29.734,3982248.141,0.6852564012447505
472,"[2008.0, 5.0, 18.0, 22.0, 31.0, 45.515]",24,B0005,472,473,00473.csv,1.37050855662704,131,2008-05-18 22:31:45.515,3999963.922,0.68525427831352
476,"[2008.0, 5.0, 19.0, 3.0, 27.0, 7.765]",24,B0005,476,477,00477.csv,1.3647355108681518,132,2008-05-19 03:27:07.765,4017686.172,0.6823677554340759
480,"[2008.0, 5.0, 19.0, 15.0, 34.0, 33.625]",24,B0005,480,481,00481.csv,1.375392016895762,133,2008-05-19 15:34:33.625,4061332.032,0.687696008447881
482,"[2008.0, 5.0, 19.0, 20.0, 59.0, 48.437]",24,B0005,482,483,00483.csv,1.3861115151535393,134,2008-05-19 20:59:48.437,4080846.844,0.6930557575767696
484,"[2008.0, 5.0, 20.0, 1.0, 16.0, 42.609]",24,B0005,484,485,00485.csv,1.369850003583894,135,2008-05-20 01:16:42.609,4096261.016,0.684925001791947
488,"[2008.0, 5.0, 20.0, 6.0, 12.0, 6.265]",24,B0005,488,489,00489.csv,1.3647827949260758,136,2008-05-20 06:12:06.265,4113984.672,0.6823913974630379
492,"[2008.0, 5.0, 20.0, 11.0, 7.0, 23.453]",24,B0005,492,493,00493.csv,1.3543220466259964,137,2008-05-20 11:07:23.453,4131701.86,0.6771610233129982
496,"[2008.0, 5.0, 20.0, 15.0, 57.0, 27.312]",24,B0005,496,497,00497.csv,1.3546417018378962,138,2008-05-20 15:57:27.312,4149105.719,0.6773208509189481
500,"[2008.0, 5.0, 20.0, 20.0, 50.0, 39.015]",24,B0005,500,501,00501.csv,1.354703921319241,139,2008-05-20 20:50:39.015,4166697.422,0.6773519606596204
504,"[2008.0, 5.0, 21.0, 1.0, 39.0, 38.968]",24,B0005,504,505,00505.csv,1.349314997503458,140,2008-05-21 01:39:38.968,4184037.375,0.6746574987517291
508,"[2008.0, 5.0, 21.0, 6.0, 24.0, 27.281]",24,B0005,508,509,00509.csv,1.3441891937970554,141,2008-05-21 06:24:27.281,4201125.688,0.6720945968985277
512,"[2008.0, 5.0, 21.0, 11.0, 18.0, 6.015]",24,B0005,512,513,00513.csv,1.3389913790695755,142,2008-05-21 11:18:06.015,4218744.422,0.6694956895347878
516,"[2008.0, 5.0, 21.0, 16.0, 10.0, 21.203]",24,B0005,516,517,00517.csv,1.3389145230206971,143,2008-05-21 16:10:21.203,4236279.61,0.6694572615103486
520,"[2008.0, 5.0, 21.0, 21.0, 2.0, 9.781]",24,B0005,520,521,00521.csv,1.3340066759761655,144,2008-05-21 21:02:09.781,4253788.188,0.6670033379880828
524,"[2008.0, 5.0, 22.0, 1.0, 42.0, 59.218]",24,B0005,524,525,00525.csv,1.3286444309174914,145,2008-05-22 01:42:59.218,4270637.625,0.6643222154587457
528,"[2008.0, 5.0, 22.0, 6.0, 32.0, 40.921]",24,B0005,528,529,00529.csv,1.323170899227622,146,2008-05-22 06:32:40.921,4288019.328,0.6615854496138112
532,"[2008.0, 5.0, 22.0, 11.0, 23.0, 22.187]",24,B0005,532,533,00533.csv,1.3181691588445197,147,2008-05-22 11:23:22.187,4305460.594,0.6590845794222598
536,"[2008.0, 5.0, 22.0, 16.0, 17.0, 58.89]",24,B0005,536,537,00537.csv,1.3184664436640334,148,2008-05-22 16:17:58.890,4323137.297,0.6592332218320167
540,"[2008.0, 5.0, 22.0, 20.0, 59.0, 50.203]",24,B0005,540,541,00541.csv,1.318293040102702,149,2008-05-22 20:59:50.203,4340048.61,0.659146520051351
544,"[2008.0, 5.0, 23.0, 12.0, 13.0, 16.359]",24,B0005,544,545,00545.csv,1.323872422244268,150,2008-05-23 12:13:16.359,4394854.766,0.661936211122134
547,"[2008.0, 5.0, 23.0, 20.0, 14.0, 29.875]",24,B0005,547,548,00548.csv,1.3601216766554785,151,2008-05-23 20:14:29.875,4423728.282,0.6800608383277392
551,"[2008.0, 5.0, 24.0, 1.0, 9.0, 21.562]",24,B0005,551,552,00552.csv,1.3395306867947354,152,2008-05-24 01:09:21.562,4441419.969,0.6697653433973677
555,"[2008.0, 5.0, 24.0, 6.0, 0.0, 20.156]",24,B0005,555,556,00556.csv,1.3290286565120697,153,2008-05-24 06:00:20.156,4458878.563,0.6645143282560348
559,"[2008.0, 5.0, 24.0, 10.0, 42.0, 50.484]",24,B0005,559,560,00560.csv,1.3236741274998955,154,2008-05-24 10:42:50.484,4475828.891,0.6618370637499479
563,"[2008.0, 5.0, 24.0, 15.0, 31.0, 10.593]",24,B0005,563,564,00564.csv,1.318633896753293,155,2008-05-24 15:31:10.593,4493129.0,0.6593169483766466
567,"[2008.0, 5.0, 24.0, 20.0, 21.0, 13.437]",24,B0005,567,568,00568.csv,1.3134751321324272,156,2008-05-24 20:21:13.437,4510531.844,0.6567375660662136
571,"[2008.0, 5.0, 25.0, 1.0, 6.0, 49.828]",24,B0005,571,572,00572.csv,1.3132020634442203,157,2008-05-25 01:06:49.828,4527668.235,0.65660103172211
575,"[2008.0, 5.0, 25.0, 5.0, 57.0, 17.89]",24,B0005,575,576,00576.csv,1.3077959946944353,158,2008-05-25 05:57:17.890,4545096.297,0.6538979973472177
579,"[2008.0, 5.0, 25.0, 10.0, 51.0, 37.015]",24,B0005,579,580,00580.csv,1.3030329186405918,159,2008-05-25 10:51:37.015,4562755.422,0.651516459320296
583,"[2008.0, 5.0, 25.0, 15.0, 37.0, 8.89]",24,B0005,583,584,00584.csv,1.3033573559038203,160,2008-05-25 15:37:08.890,4579887.297,0.6516786779519101
587,"[2008.0, 5.0, 25.0, 20.0, 23.0, 4.453]",24,B0005,587,588,00588.csv,1.3034100438655642,161,2008-05-25 20:23:04.453,4597042.86,0.6517050219327821
591,"[2008.0, 5.0, 26.0, 1.0, 13.0, 2.796]",24,B0005,591,592,00592.csv,1.2978870806495706,162,2008-05-26 01:13:02.796,4614441.203,0.6489435403247853
595,"[2008.0, 5.0, 26.0, 6.0, 1.0, 8.171]",24,B0005,595,596,00596.csv,1.2980735056918902,163,2008-05-26 06:01:08.171,4631726.578,0.6490367528459451
599,"[2008.0, 5.0, 26.0, 10.0, 44.0, 38.468]",24,B0005,599,600,00600.csv,1.293463613844243,164,2008-05-26 10:44:38.468,4648736.875,0.6467318069221215
603,"[2008.0, 5.0, 26.0, 15.0, 30.0, 43.968]",24,B0005,603,604,00604.csv,1.288003392619118,165,2008-05-26 15:30:43.968,4665902.375,0.6440016963095591
607,"[2008.0, 5.0, 26.0, 20.0, 21.0, 4.921]",24,B0005,607,608,00608.csv,1.2874525221379407,166,2008-05-26 20:21:04.921,4683323.328,0.6437262610689704
611,"[2008.0, 5.0, 27.0, 15.0, 52.0, 41.359]",24,B0005,611,612,00612.csv,1.3090153642307354,167,2008-05-27 15:52:41.359,4753619.766,0.6545076821153677
613,"[2008.0, 5.0, 27.0, 20.0, 45.0, 42.125]",24,B0005,613,614,00614.csv,1.3250793286429356,168,2008-05-27 20:45:42.125,4771200.532,0.6625396643214678
617,"[2008.0, 4.0, 2.0, 15.0, 25.0, 41.593]",24,B0006,1,618,00618.csv,2.035337591005598,1,2008-04-02 15:25:41.593,0.0,1.017668795502799
619,"[2008.0, 4.0, 2.0, 19.0, 43.0, 48.406]",24,B0006,3,620,00620.csv,2.025140246031412,2,2008-04-02 19:43:48.406,15486.813,1.012570123015706
621,"[2008.0, 4.0, 3.0, 0.0, 1.0, 6.687]",24,B0006,5,622,00622.csv,2.013326371345464,3,2008-04-03 00:01:06.687,30925.094,1.006663185672732
623,"[2008.0, 4.0, 3.0, 4.0, 16.0, 37.375]",24,B0006,7,624,00624.csv,2.0132846655407413,4,2008-04-03 04:16:37.375,46255.782,1.0066423327703706
625,"[2008.0, 4.0, 3.0, 8.0, 33.0, 25.703]",24,B0006,9,626,00626.csv,2.000528337624771,5,2008-04-03 08:33:25.703,61664.11,1.0002641688123857
627,"[2008.0, 4.0, 3.0, 12.0, 55.0, 10.687]",24,B0006,11,628,00628.csv,2.0138990759931645,6,2008-04-03 12:55:10.687,77369.094,1.0069495379965823
629,"[2008.0, 4.0, 3.0, 17.0, 17.0, 16.015]",24,B0006,13,630,00630.csv,2.013101105626967,7,2008-04-03 17:17:16.015,93094.422,1.0065505528134835
631,"[2008.0, 4.0, 3.0, 21.0, 28.0, 14.718]",24,B0006,15,632,00632.csv,1.96878982627284,8,2008-04-03 21:28:14.718,108153.125,0.9843949131364199
633,"[2008.0, 4.0, 4.0, 1.0, 38.0, 15.218]",24,B0006,17,634,00634.csv,1.9681661764334244,9,2008-04-04 01:38:15.218,123153.625,0.9840830882167124
635,"[2008.0, 4.0, 4.0, 5.0, 48.0, 8.609]",24,B0006,19,636,00636.csv,1.9572307917560536,10,2008-04-04 05:48:08.609,138147.016,0.9786153958780268
637,"[2008.0, 4.0, 4.0, 9.0, 57.0, 19.765]",24,B0006,21,638,00638.csv,1.9455991514129352,11,2008-04-04 09:57:19.765,153098.172,0.9727995757064676
640,"[2008.0, 4.0, 4.0, 17.0, 56.0, 27.609]",24,B0006,24,641,00641.csv,1.934750504484113,12,2008-04-04 17:56:27.609,181846.016,0.9673752522420564
642,"[2008.0, 4.0, 4.0, 22.0, 1.0, 54.671]",24,B0006,26,643,00643.csv,1.9232799539368028,13,2008-04-04 22:01:54.671,196573.078,0.9616399769684014
644,"[2008.0, 4.0, 5.0, 2.0, 20.0, 26.703]",24,B0006,28,645,00645.csv,1.911889930948487,14,2008-04-05 02:20:26.703,212085.11,0.9559449654742435
646,"[2008.0, 4.0, 5.0, 6.0, 25.0, 1.89]",24,B0006,30,647,00647.csv,1.9010667141979305,15,2008-04-05 06:25:01.890,226760.297,0.9505333570989651
648,"[2008.0, 4.0, 5.0, 10.0, 30.0, 32.312]",24,B0006,32,649,00649.csv,1.8891989948061456,16,2008-04-05 10:30:32.312,241490.719,0.9445994974030728
650,"[2008.0, 4.0, 5.0, 14.0, 34.0, 41.468]",24,B0006,34,651,00651.csv,1.878278372248849,17,2008-04-05 14:34:41.468,256139.875,0.9391391861244245
652,"[2008.0, 4.0, 5.0, 18.0, 39.0, 25.218]",24,B0006,36,653,00653.csv,1.8675697161520208,18,2008-04-05 18:39:25.218,270823.625,0.9337848580760104
654,"[2008.0, 4.0, 5.0, 22.0, 46.0, 35.484]",24,B0006,38,655,00655.csv,1.8675892574453767,19,2008-04-05 22:46:35.484,285653.891,0.9337946287226885
657,"[2008.0, 4.0, 18.0, 21.0, 10.0, 19.796]",24,B0006,41,658,00658.csv,1.979626548250818,20,2008-04-18 21:10:19.796,1403078.203,0.9898132741254088
661,"[2008.0, 4.0, 19.0, 2.0, 29.0, 9.0]",24,B0006,45,662,00662.csv,1.9575499080884025,21,2008-04-19 02:29:09.000,1422207.407,0.9787749540442011
665,"[2008.0, 4.0, 19.0, 7.0, 47.0, 15.703]",24,B0006,49,666,00666.csv,1.9458150170787551,22,2008-04-19 07:47:15.703,1441294.11,0.9729075085393777
669,"[2008.0, 4.0, 19.0, 13.0, 1.0, 42.562]",24,B0006,53,670,00670.csv,1.9242461121680088,23,2008-04-19 13:01:42.562,1460160.969,0.9621230560840044
673,"[2008.0, 4.0, 19.0, 18.0, 27.0, 29.828]",24,B0006,57,674,00674.csv,1.945981133142164,24,2008-04-19 18:27:29.828,1479708.235,0.972990566571082
677,"[2008.0, 4.0, 19.0, 23.0, 41.0, 55.687]",24,B0006,61,678,00678.csv,1.901407930553079,25,2008-04-19 23:41:55.687,1498574.094,0.9507039652765396
681,"[2008.0, 4.0, 20.0, 4.0, 54.0, 41.734]",24,B0006,65,682,00682.csv,1.878674213680085,26,2008-04-20 04:54:41.734,1517340.141,0.9393371068400423
685,"[2008.0, 4.0, 20.0, 10.0, 16.0, 28.859]",24,B0006,69,686,00686.csv,1.8683061328264217,27,2008-04-20 10:16:28.859,1536647.266,0.9341530664132108
689,"[2008.0, 4.0, 20.0, 15.0, 37.0, 5.281]",24,B0006,73,690,00690.csv,1.8560244070083,28,2008-04-20 15:37:05.281,1555883.688,0.9280122035041499
693,"[2008.0, 4.0, 20.0, 20.0, 50.0, 38.921]",24,B0006,77,694,00694.csv,1.8451997961855773,29,2008-04-20 20:50:38.921,1574697.328,0.9225998980927886
697,"[2008.0, 4.0, 21.0, 2.0, 15.0, 2.921]",24,B0006,81,698,00698.csv,1.857228890885317,30,2008-04-21 02:15:02.921,1594161.328,0.9286144454426584
701,"[2008.0, 4.0, 22.0, 15.0, 33.0, 49.875]",24,B0006,85,702,00702.csv,1.924776088909064,31,2008-04-22 15:33:49.875,1728488.282,0.962388044454532
705,"[2008.0, 4.0, 22.0, 20.0, 26.0, 18.921]",24,B0006,89,706,00706.csv,1.8822317526092551,32,2008-04-22 20:26:18.921,1746037.328,0.9411158763046277
709,"[2008.0, 4.0, 23.0, 1.0, 18.0, 11.796]",24,B0006,93,710,00710.csv,1.855276687885587,33,2008-04-23 01:18:11.796,1763550.203,0.9276383439427935
713,"[2008.0, 4.0, 23.0, 6.0, 18.0, 19.921]",24,B0006,97,714,00714.csv,1.839250891718188,34,2008-04-23 06:18:19.921,1781558.328,0.919625445859094
717,"[2008.0, 4.0, 23.0, 11.0, 8.0, 0.312]",24,B0006,101,718,00718.csv,1.8185396073994429,35,2008-04-23 11:08:00.312,1798938.719,0.9092698036997214
721,"[2008.0, 4.0, 23.0, 16.0, 6.0, 25.171]",24,B0006,105,722,00722.csv,1.8134770059567056,36,2008-04-23 16:06:25.171,1816843.578,0.9067385029783529
725,"[2008.0, 4.0, 23.0, 21.0, 2.0, 58.296]",24,B0006,109,726,00726.csv,1.7971018450305436,37,2008-04-23 21:02:58.296,1834636.703,0.8985509225152718
729,"[2008.0, 4.0, 24.0, 1.0, 51.0, 33.89]",24,B0006,113,730,00730.csv,1.7810046294120476,38,2008-04-24 01:51:33.890,1851952.297,0.8905023147060238
733,"[2008.0, 4.0, 24.0, 6.0, 50.0, 0.031]",24,B0006,117,734,00734.csv,1.7710130422682329,39,2008-04-24 06:50:00.031,1869858.438,0.8855065211341164
737,"[2008.0, 4.0, 24.0, 11.0, 49.0, 24.281]",24,B0006,121,738,00738.csv,1.7604712448170945,40,2008-04-24 11:49:24.281,1887822.688,0.8802356224085472
741,"[2008.0, 4.0, 24.0, 16.0, 45.0, 56.015]",24,B0006,125,742,00742.csv,1.7502913788006589,41,2008-04-24 16:45:56.015,1905614.422,0.8751456894003294
745,"[2008.0, 4.0, 24.0, 21.0, 38.0, 11.078]",24,B0006,129,746,00746.csv,1.7394925037732578,42,2008-04-24 21:38:11.078,1923149.485,0.8697462518866288
749,"[2008.0, 4.0, 25.0, 12.0, 3.0, 44.093]",24,B0006,133,750,00750.csv,1.7546766553637203,43,2008-04-25 12:03:44.093,1975082.5,0.8773383276818602
751,"[2008.0, 4.0, 25.0, 20.0, 3.0, 55.921]",24,B0006,135,752,00752.csv,1.7659390941842177,44,2008-04-25 20:03:55.921,2003894.328,0.8829695470921088
755,"[2008.0, 4.0, 26.0, 1.0, 4.0, 35.718]",24,B0006,139,756,00756.csv,1.7337887419624838,45,2008-04-26 01:04:35.718,2021934.125,0.8668943709812419
759,"[2008.0, 4.0, 26.0, 5.0, 57.0, 35.14]",24,B0006,143,760,00760.csv,1.713325912040734,46,2008-04-26 05:57:35.140,2039513.547,0.856662956020367
763,"[2008.0, 4.0, 26.0, 10.0, 58.0, 25.843]",24,B0006,147,764,00764.csv,1.7024077813673466,47,2008-04-26 10:58:25.843,2057564.25,0.8512038906836733
765,"[2008.0, 4.0, 29.0, 12.0, 15.0, 56.953]",24,B0006,149,766,00766.csv,1.82371946178183,48,2008-04-29 12:15:56.953,2321415.36,0.9118597308909151
769,"[2008.0, 4.0, 29.0, 17.0, 5.0, 27.781]",24,B0006,153,770,00770.csv,1.8081284050314708,49,2008-04-29 17:05:27.781,2338786.188,0.9040642025157354
773,"[2008.0, 4.0, 29.0, 22.0, 0.0, 4.75]",24,B0006,157,774,00774.csv,1.7757610945034283,50,2008-04-29 22:00:04.750,2356463.157,0.8878805472517142
777,"[2008.0, 4.0, 30.0, 2.0, 43.0, 55.312]",24,B0006,161,778,00778.csv,1.7447409841836798,51,2008-04-30 02:43:55.312,2373493.719,0.8723704920918399
781,"[2008.0, 4.0, 30.0, 7.0, 41.0, 42.578]",24,B0006,165,782,00782.csv,1.729207034132373,52,2008-04-30 07:41:42.578,2391360.985,0.8646035170661865
785,"[2008.0, 4.0, 30.0, 12.0, 28.0, 49.265]",24,B0006,169,786,00786.csv,1.7081086552553244,53,2008-04-30 12:28:49.265,2408587.672,0.8540543276276622
789,"[2008.0, 4.0, 30.0, 17.0, 20.0, 16.14]",24,B0006,173,790,00790.csv,1.6975954237461768,54,2008-04-30 17:20:16.140,2426074.547,0.8487977118730883
793,"[2008.0, 4.0, 30.0, 22.0, 14.0, 54.062]",24,B0006,177,794,00794.csv,1.6820634524029463,55,2008-04-30 22:14:54.062,2443752.469,0.8410317262014732
797,"[2008.0, 5.0, 1.0, 3.0, 15.0, 33.14]",24,B0006,181,798,00798.csv,1.6714768322295086,56,2008-05-01 03:15:33.140,2461791.547,0.8357384161147543
801,"[2008.0, 5.0, 1.0, 8.0, 16.0, 3.343]",24,B0006,185,802,00802.csv,1.6607591387047655,57,2008-05-01 08:16:03.343,2479821.75,0.8303795693523827
805,"[2008.0, 5.0, 1.0, 13.0, 14.0, 24.875]",24,B0006,189,806,00806.csv,1.651121015038069,58,2008-05-01 13:14:24.875,2497723.282,0.8255605075190345
809,"[2008.0, 5.0, 1.0, 18.0, 11.0, 10.984]",24,B0006,193,810,00810.csv,1.640134925619093,59,2008-05-01 18:11:10.984,2515529.391,0.8200674628095465
813,"[2008.0, 5.0, 1.0, 23.0, 10.0, 15.265]",24,B0006,197,814,00814.csv,1.629199941616544,60,2008-05-01 23:10:15.265,2533473.672,0.814599970808272
817,"[2008.0, 5.0, 2.0, 3.0, 53.0, 34.765]",24,B0006,201,818,00818.csv,1.6088496302961666,61,2008-05-02 03:53:34.765,2550473.172,0.8044248151480832
821,"[2008.0, 5.0, 2.0, 8.0, 44.0, 40.859]",24,B0006,205,822,00822.csv,1.6035244898969248,62,2008-05-02 08:44:40.859,2567939.266,0.8017622449484624
825,"[2008.0, 5.0, 2.0, 13.0, 43.0, 5.093]",24,B0006,209,826,00826.csv,1.5989712144027983,63,2008-05-02 13:43:05.093,2585843.5,0.799485607201399
829,"[2008.0, 5.0, 2.0, 19.0, 7.0, 48.359]",24,B0006,213,830,00830.csv,1.5876273123575604,64,2008-05-02 19:07:48.359,2605326.766,0.7938136561787802
831,"[2008.0, 5.0, 2.0, 23.0, 24.0, 17.687]",24,B0006,215,832,00832.csv,1.5829719744686166,65,2008-05-02 23:24:17.687,2620716.094,0.7914859872343084
835,"[2008.0, 5.0, 3.0, 4.0, 13.0, 8.609]",24,B0006,219,836,00836.csv,1.567137636713563,66,2008-05-03 04:13:08.609,2638047.016,0.7835688183567815
839,"[2008.0, 5.0, 3.0, 9.0, 10.0, 19.812]",24,B0006,223,840,00840.csv,1.5613446139713882,67,2008-05-03 09:10:19.812,2655878.219,0.7806723069856942
843,"[2008.0, 5.0, 3.0, 14.0, 4.0, 34.187]",24,B0006,227,844,00844.csv,1.551171189279042,68,2008-05-03 14:04:34.187,2673532.594,0.775585594639521
847,"[2008.0, 5.0, 3.0, 18.0, 58.0, 13.468]",24,B0006,231,848,00848.csv,1.5406741606295171,69,2008-05-03 18:58:13.468,2691151.875,0.7703370803147586
851,"[2008.0, 5.0, 3.0, 23.0, 42.0, 30.093]",24,B0006,235,852,00852.csv,1.5253138744624433,70,2008-05-03 23:42:30.093,2708208.5,0.7626569372312217
855,"[2008.0, 5.0, 4.0, 4.0, 41.0, 40.0]",24,B0006,239,856,00856.csv,1.5301570318067428,71,2008-05-04 04:41:40.000,2726158.407,0.7650785159033714
859,"[2008.0, 5.0, 4.0, 9.0, 40.0, 11.906]",24,B0006,243,860,00860.csv,1.524656683447409,72,2008-05-04 09:40:11.906,2744070.313,0.7623283417237045
863,"[2008.0, 5.0, 4.0, 14.0, 38.0, 13.359]",24,B0006,247,864,00864.csv,1.5145492986655429,73,2008-05-04 14:38:13.359,2761951.766,0.7572746493327714
867,"[2008.0, 5.0, 4.0, 19.0, 37.0, 7.89]",24,B0006,251,868,00868.csv,1.509391504602082,74,2008-05-04 19:37:07.890,2779886.297,0.754695752301041
871,"[2008.0, 5.0, 5.0, 0.0, 35.0, 53.968]",24,B0006,255,872,00872.csv,1.5039974333050703,75,2008-05-05 00:35:53.968,2797812.375,0.7519987166525351
875,"[2008.0, 5.0, 5.0, 5.0, 28.0, 13.937]",24,B0006,259,876,00876.csv,1.4935201918040188,76,2008-05-05 05:28:13.937,2815352.344,0.7467600959020095
879,"[2008.0, 5.0, 5.0, 11.0, 41.0, 31.5]",24,B0006,263,880,00880.csv,1.4876323024497422,77,2008-05-05 11:41:31.500,2837749.907,0.7438161512248711
881,"[2008.0, 5.0, 5.0, 20.0, 40.0, 8.562]",24,B0006,265,882,00882.csv,1.5302876214401704,78,2008-05-05 20:40:08.562,2870066.969,0.7651438107200852
885,"[2008.0, 5.0, 6.0, 1.0, 38.0, 46.265]",24,B0006,269,886,00886.csv,1.5040760088360112,79,2008-05-06 01:38:46.265,2887984.672,0.7520380044180057
889,"[2008.0, 5.0, 6.0, 6.0, 37.0, 6.296]",24,B0006,273,890,00890.csv,1.4887593608730894,80,2008-05-06 06:37:06.296,2905884.703,0.7443796804365447
893,"[2008.0, 5.0, 6.0, 11.0, 25.0, 21.031]",24,B0006,277,894,00894.csv,1.4782779285546637,81,2008-05-06 11:25:21.031,2923179.438,0.7391389642773318
897,"[2008.0, 5.0, 6.0, 16.0, 23.0, 36.296]",24,B0006,281,898,00898.csv,1.478459982215684,82,2008-05-06 16:23:36.296,2941074.703,0.739229991107842
901,"[2008.0, 5.0, 6.0, 21.0, 21.0, 49.265]",24,B0006,285,902,00902.csv,1.473214844899973,83,2008-05-06 21:21:49.265,2958967.672,0.7366074224499864
905,"[2008.0, 5.0, 7.0, 2.0, 17.0, 25.156]",24,B0006,289,906,00906.csv,1.4675164935067897,84,2008-05-07 02:17:25.156,2976703.563,0.7337582467533948
909,"[2008.0, 5.0, 7.0, 7.0, 4.0, 2.109]",24,B0006,293,910,00910.csv,1.4516292657521337,85,2008-05-07 07:04:02.109,2993900.516,0.7258146328760668
913,"[2008.0, 5.0, 7.0, 12.0, 1.0, 49.906]",24,B0006,297,914,00914.csv,1.4519237720967175,86,2008-05-07 12:01:49.906,3011768.313,0.7259618860483588
917,"[2008.0, 5.0, 7.0, 16.0, 59.0, 29.937]",24,B0006,301,918,00918.csv,1.4471484694777743,87,2008-05-07 16:59:29.937,3029628.344,0.7235742347388872
921,"[2008.0, 5.0, 7.0, 21.0, 56.0, 9.656]",24,B0006,305,922,00922.csv,1.4468538105659885,88,2008-05-07 21:56:09.656,3047428.063,0.7234269052829942
925,"[2008.0, 5.0, 8.0, 2.0, 53.0, 49.937]",24,B0006,309,926,00926.csv,1.4416741930284678,89,2008-05-08 02:53:49.937,3065288.344,0.7208370965142339
928,"[2008.0, 5.0, 9.0, 12.0, 25.0, 7.0]",24,B0006,312,929,00929.csv,1.5935866593100128,90,2008-05-09 12:25:07.000,3185965.407,0.7967933296550064
931,"[2008.0, 5.0, 9.0, 20.0, 28.0, 9.734]",24,B0006,315,932,00932.csv,1.5463902376915637,91,2008-05-09 20:28:09.734,3214948.141,0.773195118845782
935,"[2008.0, 5.0, 10.0, 1.0, 21.0, 56.5]",24,B0006,319,936,00936.csv,1.51470559175661,92,2008-05-10 01:21:56.500,3232574.907,0.757352795878305
939,"[2008.0, 5.0, 10.0, 6.0, 18.0, 12.0]",24,B0006,323,940,00940.csv,1.4989786083335404,93,2008-05-10 06:18:12.000,3250350.407,0.7494893041667702
943,"[2008.0, 5.0, 10.0, 11.0, 16.0, 4.843]",24,B0006,327,944,00944.csv,1.4831110745410492,94,2008-05-10 11:16:04.843,3268223.25,0.7415555372705246
947,"[2008.0, 5.0, 10.0, 16.0, 11.0, 56.109]",24,B0006,331,948,00948.csv,1.4729664825468278,95,2008-05-10 16:11:56.109,3285974.516,0.7364832412734139
951,"[2008.0, 5.0, 10.0, 21.0, 7.0, 54.625]",24,B0006,335,952,00952.csv,1.4627604396099307,96,2008-05-10 21:07:54.625,3303733.032,0.7313802198049654
955,"[2008.0, 5.0, 11.0, 2.0, 5.0, 21.796]",24,B0006,339,956,00956.csv,1.4518364681062514,97,2008-05-11 02:05:21.796,3321580.203,0.7259182340531257
959,"[2008.0, 5.0, 11.0, 6.0, 55.0, 27.734]",24,B0006,343,960,00960.csv,1.4468670644030392,98,2008-05-11 06:55:27.734,3338986.141,0.7234335322015197
963,"[2008.0, 5.0, 11.0, 11.0, 52.0, 47.187]",24,B0006,347,964,00964.csv,1.441380399427779,99,2008-05-11 11:52:47.187,3356825.594,0.7206901997138896
967,"[2008.0, 5.0, 11.0, 16.0, 49.0, 58.921]",24,B0006,351,968,00968.csv,1.431210744960774,100,2008-05-11 16:49:58.921,3374657.328,0.715605372480387
971,"[2008.0, 5.0, 11.0, 21.0, 47.0, 12.843]",24,B0006,355,972,00972.csv,1.4260247179525716,101,2008-05-11 21:47:12.843,3392491.25,0.7130123589762857
975,"[2008.0, 5.0, 12.0, 2.0, 36.0, 58.921]",24,B0006,359,976,00976.csv,1.420487649966195,102,2008-05-12 02:36:58.921,3409877.328,0.7102438249830975
979,"[2008.0, 5.0, 12.0, 12.0, 56.0, 34.781]",24,B0006,363,980,00980.csv,1.4207006230355006,103,2008-05-12 12:56:34.781,3447053.188,0.7103503115177503
982,"[2008.0, 5.0, 12.0, 18.0, 59.0, 59.453]",24,B0006,366,983,00983.csv,1.452255804330839,104,2008-05-12 18:59:59.453,3468857.86,0.7261279021654193
986,"[2008.0, 5.0, 12.0, 23.0, 53.0, 17.609]",24,B0006,370,987,00987.csv,1.431557632772571,105,2008-05-12 23:53:17.609,3486456.016,0.7157788163862855
990,"[2008.0, 5.0, 13.0, 4.0, 35.0, 25.359]",24,B0006,374,991,00991.csv,1.415015751158943,106,2008-05-13 04:35:25.359,3503383.766,0.7075078755794715
994,"[2008.0, 5.0, 13.0, 9.0, 24.0, 4.718]",24,B0006,378,995,00995.csv,1.4097311506517451,107,2008-05-13 09:24:04.718,3520703.125,0.7048655753258726
998,"[2008.0, 5.0, 13.0, 14.0, 20.0, 24.937]",24,B0006,382,999,00999.csv,1.404917318129309,108,2008-05-13 14:20:24.937,3538483.344,0.7024586590646545
1002,"[2008.0, 5.0, 13.0, 19.0, 4.0, 20.531]",24,B0006,386,1003,01003.csv,1.395164296571563,109,2008-05-13 19:04:20.531,3555518.938,0.6975821482857815
1006,"[2008.0, 5.0, 13.0, 23.0, 59.0, 26.015]",24,B0006,390,1007,01007.csv,1.3945343832614077,110,2008-05-13 23:59:26.015,3573224.422,0.6972671916307038
1010,"[2008.0, 5.0, 14.0, 4.0, 55.0, 57.453]",24,B0006,394,1011,01011.csv,1.3893171179312644,111,2008-05-14 04:55:57.453,3591015.86,0.6946585589656322
1014,"[2008.0, 5.0, 14.0, 9.0, 52.0, 22.062]",24,B0006,398,1015,01015.csv,1.3838379472327809,112,2008-05-14 09:52:22.062,3608800.469,0.6919189736163903
1018,"[2008.0, 5.0, 14.0, 14.0, 35.0, 22.515]",24,B0006,402,1019,01019.csv,1.3736814238195123,113,2008-05-14 14:35:22.515,3625780.922,0.6868407119097562
1022,"[2008.0, 5.0, 14.0, 19.0, 31.0, 39.39]",24,B0006,406,1023,01023.csv,1.3786059891863676,114,2008-05-14 19:31:39.390,3643557.797,0.6893029945931838
1026,"[2008.0, 5.0, 15.0, 0.0, 27.0, 55.625]",24,B0006,410,1027,01027.csv,1.3737600299108574,115,2008-05-15 00:27:55.625,3661334.032,0.6868800149554288
1030,"[2008.0, 5.0, 15.0, 5.0, 24.0, 4.89]",24,B0006,414,1031,01031.csv,1.3682580583942712,116,2008-05-15 05:24:04.890,3679103.297,0.6841290291971356
1034,"[2008.0, 5.0, 15.0, 10.0, 20.0, 3.875]",24,B0006,418,1035,01035.csv,1.3633024037317505,117,2008-05-15 10:20:03.875,3696862.282,0.6816512018658752
1038,"[2008.0, 5.0, 15.0, 15.0, 10.0, 59.437]",24,B0006,422,1039,01039.csv,1.35809661401726,118,2008-05-15 15:10:59.437,3714317.844,0.6790483070086298
1042,"[2008.0, 5.0, 15.0, 19.0, 56.0, 47.39]",24,B0006,426,1043,01043.csv,1.353269090999531,119,2008-05-15 19:56:47.390,3731465.797,0.6766345454997655
1046,"[2008.0, 5.0, 16.0, 16.0, 54.0, 59.812]",24,B0006,430,1047,01047.csv,1.3841605738237488,120,2008-05-16 16:54:59.812,3806958.219,0.6920802869118744
1048,"[2008.0, 5.0, 16.0, 21.0, 37.0, 39.671]",24,B0006,432,1049,01049.csv,1.4051467790651473,121,2008-05-16 21:37:39.671,3823918.078,0.7025733895325736
1052,"[2008.0, 5.0, 17.0, 2.0, 32.0, 13.968]",24,B0006,436,1053,01053.csv,1.378719022627353,122,2008-05-17 02:32:13.968,3841592.375,0.6893595113136765
1056,"[2008.0, 5.0, 17.0, 7.0, 25.0, 19.906]",24,B0006,440,1057,01057.csv,1.3682657783199066,123,2008-05-17 07:25:19.906,3859178.313,0.6841328891599532
1060,"[2008.0, 5.0, 17.0, 12.0, 21.0, 15.89]",24,B0006,444,1061,01061.csv,1.3573151296618016,124,2008-05-17 12:21:15.890,3876934.297,0.6786575648309008
1064,"[2008.0, 5.0, 17.0, 17.0, 15.0, 37.281]",24,B0006,448,1065,01065.csv,1.3524934638801596,125,2008-05-17 17:15:37.281,3894595.688,0.6762467319400798
1068,"[2008.0, 5.0, 17.0, 22.0, 10.0, 51.218]",24,B0006,452,1069,01069.csv,1.3474099151661236,126,2008-05-17 22:10:51.218,3912309.625,0.6737049575830618
1072,"[2008.0, 5.0, 18.0, 3.0, 5.0, 19.265]",24,B0006,456,1073,01073.csv,1.3370075130842318,127,2008-05-18 03:05:19.265,3929977.672,0.6685037565421159
1076,"[2008.0, 5.0, 18.0, 8.0, 0.0, 50.421]",24,B0006,460,1077,01077.csv,1.3312352966718526,128,2008-05-18 08:00:50.421,3947708.828,0.6656176483359263
1080,"[2008.0, 5.0, 18.0, 12.0, 44.0, 48.437]",24,B0006,464,1081,01081.csv,1.3259303781727645,129,2008-05-18 12:44:48.437,3964746.844,0.6629651890863822
1084,"[2008.0, 5.0, 18.0, 17.0, 36.0, 29.734]",24,B0006,468,1085,01085.csv,1.321578743867529,130,2008-05-18 17:36:29.734,3982248.141,0.6607893719337645
1088,"[2008.0, 5.0, 18.0, 22.0, 31.0, 45.515]",24,B0006,472,1089,01089.csv,1.321225074066109,131,2008-05-18 22:31:45.515,3999963.922,0.6606125370330544
1092,"[2008.0, 5.0, 19.0, 3.0, 27.0, 7.765]",24,B0006,476,1093,01093.csv,1.3156485301862682,132,2008-05-19 03:27:07.765,4017686.172,0.6578242650931341
1096,"[2008.0, 5.0, 19.0, 15.0, 34.0, 33.625]",24,B0006,480,1097,01097.csv,1.3209025697502388,133,2008-05-19 15:34:33.625,4061332.032,0.6604512848751195
1098,"[2008.0, 5.0, 19.0, 20.0, 59.0, 48.437]",24,B0006,482,1099,01099.csv,1.3474328767273906,134,2008-05-19 20:59:48.437,4080846.844,0.6737164383636953
1100,"[2008.0, 5.0, 20.0, 1.0, 16.0, 42.609]",24,B0006,484,1101,01101.csv,1.3260128072353616,135,2008-05-20 01:16:42.609,4096261.016,0.6630064036176807
1104,"[2008.0, 5.0, 20.0, 6.0, 12.0, 6.265]",24,B0006,488,1105,01105.csv,1.3101186784831065,136,2008-05-20 06:12:06.265,4113984.672,0.6550593392415532
1108,"[2008.0, 5.0, 20.0, 11.0, 7.0, 23.453]",24,B0006,492,1109,01109.csv,1.30521620229393,137,2008-05-20 11:07:23.453,4131701.86,0.652608101146965
1112,"[2008.0, 5.0, 20.0, 15.0, 57.0, 27.312]",24,B0006,496,1113,01113.csv,1.3004061951355774,138,2008-05-20 15:57:27.312,4149105.719,0.6502030975677887
1116,"[2008.0, 5.0, 20.0, 20.0, 50.0, 39.015]",24,B0006,500,1117,01117.csv,1.300235735841116,139,2008-05-20 20:50:39.015,4166697.422,0.650117867920558
1120,"[2008.0, 5.0, 21.0, 1.0, 39.0, 38.968]",24,B0006,504,1121,01121.csv,1.2895066722480757,140,2008-05-21 01:39:38.968,4184037.375,0.6447533361240378
1124,"[2008.0, 5.0, 21.0, 6.0, 24.0, 27.281]",24,B0006,508,1125,01125.csv,1.279253057384795,141,2008-05-21 06:24:27.281,4201125.688,0.6396265286923974
1128,"[2008.0, 5.0, 21.0, 11.0, 18.0, 6.015]",24,B0006,512,1129,01129.csv,1.2792078171714618,142,2008-05-21 11:18:06.015,4218744.422,0.6396039085857309
1132,"[2008.0, 5.0, 21.0, 16.0, 10.0, 21.203]",24,B0006,516,1133,01133.csv,1.274036760902923,143,2008-05-21 16:10:21.203,4236279.61,0.6370183804514616
1136,"[2008.0, 5.0, 21.0, 21.0, 2.0, 9.781]",24,B0006,520,1137,01137.csv,1.2741273923001468,144,2008-05-21 21:02:09.781,4253788.188,0.6370636961500734
1140,"[2008.0, 5.0, 22.0, 1.0, 42.0, 59.218]",24,B0006,524,1141,01141.csv,1.263763942644078,145,2008-05-22 01:42:59.218,4270637.625,0.631881971322039
1144,"[2008.0, 5.0, 22.0, 6.0, 32.0, 40.921]",24,B0006,528,1145,01145.csv,1.2581373688955233,146,2008-05-22 06:32:40.921,4288019.328,0.6290686844477617
1148,"[2008.0, 5.0, 22.0, 11.0, 23.0, 22.187]",24,B0006,532,1149,01149.csv,1.253259864055301,147,2008-05-22 11:23:22.187,4305460.594,0.6266299320276505
1152,"[2008.0, 5.0, 22.0, 16.0, 17.0, 58.89]",24,B0006,536,1153,01153.csv,1.2532313315493426,148,2008-05-22 16:17:58.890,4323137.297,0.6266156657746713
1156,"[2008.0, 5.0, 22.0, 20.0, 59.0, 50.203]",24,B0006,540,1157,01157.csv,1.2480874960313575,149,2008-05-22 20:59:50.203,4340048.61,0.6240437480156789
1160,"[2008.0, 5.0, 23.0, 12.0, 13.0, 16.359]",24,B0006,544,1161,01161.csv,1.2534354284944844,150,2008-05-23 12:13:16.359,4394854.766,0.6267177142472422
1163,"[2008.0, 5.0, 23.0, 20.0, 14.0, 29.875]",24,B0006,547,1164,01164.csv,1.28980487732669,151,2008-05-23 20:14:29.875,4423728.282,0.644902438663345
1167,"[2008.0, 5.0, 24.0, 1.0, 9.0, 21.562]",24,B0006,551,1168,01168.csv,1.2635402021758837,152,2008-05-24 01:09:21.562,4441419.969,0.6317701010879418
1171,"[2008.0, 5.0, 24.0, 6.0, 0.0, 20.156]",24,B0006,555,1172,01172.csv,1.2479761706842851,153,2008-05-24 06:00:20.156,4458878.563,0.6239880853421426
1175,"[2008.0, 5.0, 24.0, 10.0, 42.0, 50.484]",24,B0006,559,1176,01176.csv,1.2321202877943334,154,2008-05-24 10:42:50.484,4475828.891,0.6160601438971667
1179,"[2008.0, 5.0, 24.0, 15.0, 31.0, 10.593]",24,B0006,563,1180,01180.csv,1.2271137666213534,155,2008-05-24 15:31:10.593,4493129.0,0.6135568833106767
1183,"[2008.0, 5.0, 24.0, 20.0, 21.0, 13.437]",24,B0006,567,1184,01184.csv,1.2217397581377356,156,2008-05-24 20:21:13.437,4510531.844,0.6108698790688678
1187,"[2008.0, 5.0, 25.0, 1.0, 6.0, 49.828]",24,B0006,571,1188,01188.csv,1.211102678915174,157,2008-05-25 01:06:49.828,4527668.235,0.605551339457587
1191,"[2008.0, 5.0, 25.0, 5.0, 57.0, 17.89]",24,B0006,575,1192,01192.csv,1.2056159765131735,158,2008-05-25 05:57:17.890,4545096.297,0.6028079882565868
1195,"[2008.0, 5.0, 25.0, 10.0, 51.0, 37.015]",24,B0006,579,1196,01196.csv,1.2008936262717274,159,2008-05-25 10:51:37.015,4562755.422,0.6004468131358637
1199,"[2008.0, 5.0, 25.0, 15.0, 37.0, 8.89]",24,B0006,583,1200,01200.csv,1.1905903985558337,160,2008-05-25 15:37:08.890,4579887.297,0.5952951992779169
1203,"[2008.0, 5.0, 25.0, 20.0, 23.0, 4.453]",24,B0006,587,1204,01204.csv,1.185179251041941,161,2008-05-25 20:23:04.453,4597042.86,0.5925896255209705
1207,"[2008.0, 5.0, 26.0, 1.0, 13.0, 2.796]",24,B0006,591,1208,01208.csv,1.1796706818144624,162,2008-05-26 01:13:02.796,4614441.203,0.5898353409072312
1211,"[2008.0, 5.0, 26.0, 6.0, 1.0, 8.171]",24,B0006,595,1212,01212.csv,1.1745952836753917,163,2008-05-26 06:01:08.171,4631726.578,0.5872976418376958
1215,"[2008.0, 5.0, 26.0, 10.0, 44.0, 38.468]",24,B0006,599,1216,01216.csv,1.15381833159625,164,2008-05-26 10:44:38.468,4648736.875,0.576909165798125
1219,"[2008.0, 5.0, 26.0, 15.0, 30.0, 43.968]",24,B0006,603,1220,01220.csv,1.1644009557372264,165,2008-05-26 15:30:43.968,4665902.375,0.5822004778686132
1223,"[2008.0, 5.0, 26.0, 20.0, 21.0, 4.921]",24,B0006,607,1224,01224.csv,1.1587974947916069,166,2008-05-26 20:21:04.921,4683323.328,0.5793987473958034
1227,"[2008.0, 5.0, 27.0, 15.0, 52.0, 41.359]",24,B0006,611,1228,01228.csv,1.1749748834769171,167,2008-05-27 15:52:41.359,4753619.766,0.5874874417384586
1229,"[2008.0, 5.0, 27.0, 20.0, 45.0, 42.125]",24,B0006,613,1230,01230.csv,1.1856752327929356,168,2008-05-27 20:45:42.125,4771200.532,0.5928376163964678
1233,"[2008.0, 4.0, 2.0, 15.0, 25.0, 41.593]",24,B0007,1,1234,01234.csv,1.89105229539079,1,2008-04-02 15:25:41.593,0.0,0.945526147695395
1235,"[2008.0, 4.0, 2.0, 19.0, 43.0, 48.406]",24,B0007,3,1236,01236.csv,1.880637027686859,2,2008-04-02 19:43:48.406,15486.813,0.9403185138434295
1237,"[2008.0, 4.0, 3.0, 0.0, 1.0, 6.687]",24,B0007,5,1238,01238.csv,1.8806626717011388,3,2008-04-03 00:01:06.687,30925.094,0.9403313358505695
1239,"[2008.0, 4.0, 3.0, 4.0, 16.0, 37.375]",24,B0007,7,1240,01240.csv,1.8807709009833444,4,2008-04-03 04:16:37.375,46255.782,0.9403854504916724
1241,"[2008.0, 4.0, 3.0, 8.0, 33.0, 25.703]",24,B0007,9,1242,01242.csv,1.879450872828505,5,2008-04-03 08:33:25.703,61664.11,0.9397254364142527
1243,"[2008.0, 4.0, 3.0, 12.0, 55.0, 10.687]",24,B0007,11,1244,01244.csv,1.8807003517117404,6,2008-04-03 12:55:10.687,77369.094,0.9403501758558704
1245,"[2008.0, 4.0, 3.0, 17.0, 17.0, 16.015]",24,B0007,13,1246,01246.csv,1.8799352523566075,7,2008-04-03 17:17:16.015,93094.422,0.9399676261783035
1247,"[2008.0, 4.0, 3.0, 21.0, 28.0, 14.718]",24,B0007,15,1248,01248.csv,1.88150881240388,8,2008-04-03 21:28:14.718,108153.125,0.9407544062019401
1249,"[2008.0, 4.0, 4.0, 1.0, 38.0, 15.218]",24,B0007,17,1250,01250.csv,1.8696907870385844,9,2008-04-04 01:38:15.218,123153.625,0.934845393519292
1251,"[2008.0, 4.0, 4.0, 5.0, 48.0, 8.609]",24,B0007,19,1252,01252.csv,1.870052380139199,10,2008-04-04 05:48:08.609,138147.016,0.9350261900695996
1253,"[2008.0, 4.0, 4.0, 9.0, 57.0, 19.765]",24,B0007,21,1254,01254.csv,1.8700442394188577,11,2008-04-04 09:57:19.765,153098.172,0.9350221197094288
1256,"[2008.0, 4.0, 4.0, 17.0, 56.0, 27.609]",24,B0007,24,1257,01257.csv,1.8596518987766364,12,2008-04-04 17:56:27.609,181846.016,0.9298259493883182
1258,"[2008.0, 4.0, 4.0, 22.0, 1.0, 54.671]",24,B0007,26,1259,01259.csv,1.8590746560862208,13,2008-04-04 22:01:54.671,196573.078,0.9295373280431104
1260,"[2008.0, 4.0, 5.0, 2.0, 20.0, 26.703]",24,B0007,28,1261,01261.csv,1.8590084577709232,14,2008-04-05 02:20:26.703,212085.11,0.9295042288854616
1262,"[2008.0, 4.0, 5.0, 6.0, 25.0, 1.89]",24,B0007,30,1263,01263.csv,1.8593622586957048,15,2008-04-05 06:25:01.890,226760.297,0.9296811293478524
1264,"[2008.0, 4.0, 5.0, 10.0, 30.0, 32.312]",24,B0007,32,1265,01265.csv,1.8587355450601035,16,2008-04-05 10:30:32.312,241490.719,0.9293677725300518
1266,"[2008.0, 4.0, 5.0, 14.0, 34.0, 41.468]",24,B0007,34,1267,01267.csv,1.847817291322145,17,2008-04-05 14:34:41.468,256139.875,0.9239086456610724
1268,"[2008.0, 4.0, 5.0, 18.0, 39.0, 25.218]",24,B0007,36,1269,01269.csv,1.8485252916137047,18,2008-04-05 18:39:25.218,270823.625,0.9242626458068525
1270,"[2008.0, 4.0, 5.0, 22.0, 46.0, 35.484]",24,B0007,38,1271,01271.csv,1.848378951850034,19,2008-04-05 22:46:35.484,285653.891,0.924189475925017
1273,"[2008.0, 4.0, 18.0, 21.0, 10.0, 19.796]",24,B0007,41,1274,01274.csv,1.8807805437609768,20,2008-04-18 21:10:19.796,1403078.203,0.9403902718804883
1277,"[2008.0, 4.0, 19.0, 2.0, 29.0, 9.0]",24,B0007,45,1278,01278.csv,1.88147215974436,21,2008-04-19 02:29:09.000,1422207.407,0.94073607987218
1281,"[2008.0, 4.0, 19.0, 7.0, 47.0, 15.703]",24,B0007,49,1282,01282.csv,1.8810954313244783,22,2008-04-19 07:47:15.703,1441294.11,0.9405477156622392
1285,"[2008.0, 4.0, 19.0, 13.0, 1.0, 42.562]",24,B0007,53,1286,01286.csv,1.8710089649779995,23,2008-04-19 13:01:42.562,1460160.969,0.9355044824889999
1289,"[2008.0, 4.0, 19.0, 18.0, 27.0, 29.828]",24,B0007,57,1290,01290.csv,1.8701995151941373,24,2008-04-19 18:27:29.828,1479708.235,0.9350997575970686
1293,"[2008.0, 4.0, 19.0, 23.0, 41.0, 55.687]",24,B0007,61,1294,01294.csv,1.8706715362800983,25,2008-04-19 23:41:55.687,1498574.094,0.9353357681400492
1297,"[2008.0, 4.0, 20.0, 4.0, 54.0, 41.734]",24,B0007,65,1298,01298.csv,1.8596124644020169,26,2008-04-20 04:54:41.734,1517340.141,0.9298062322010083
1301,"[2008.0, 4.0, 20.0, 10.0, 16.0, 28.859]",24,B0007,69,1302,01302.csv,1.860033909718346,27,2008-04-20 10:16:28.859,1536647.266,0.9300169548591729
1305,"[2008.0, 4.0, 20.0, 15.0, 37.0, 5.281]",24,B0007,73,1306,01306.csv,1.8591653109160768,28,2008-04-20 15:37:05.281,1555883.688,0.9295826554580384
1309,"[2008.0, 4.0, 20.0, 20.0, 50.0, 38.921]",24,B0007,77,1310,01310.csv,1.8481398178778288,29,2008-04-20 20:50:38.921,1574697.328,0.9240699089389145
1313,"[2008.0, 4.0, 21.0, 2.0, 15.0, 2.921]",24,B0007,81,1314,01314.csv,1.849201702126164,30,2008-04-21 02:15:02.921,1594161.328,0.924600851063082
1317,"[2008.0, 4.0, 22.0, 15.0, 33.0, 49.875]",24,B0007,85,1318,01318.csv,1.8834677437950849,31,2008-04-22 15:33:49.875,1728488.282,0.9417338718975423
1321,"[2008.0, 4.0, 22.0, 20.0, 26.0, 18.921]",24,B0007,89,1322,01322.csv,1.8628211117905844,32,2008-04-22 20:26:18.921,1746037.328,0.9314105558952922
1325,"[2008.0, 4.0, 23.0, 1.0, 18.0, 11.796]",24,B0007,93,1326,01326.csv,1.852085039652352,33,2008-04-23 01:18:11.796,1763550.203,0.926042519826176
1329,"[2008.0, 4.0, 23.0, 6.0, 18.0, 19.921]",24,B0007,97,1330,01330.csv,1.8469504648208708,34,2008-04-23 06:18:19.921,1781558.328,0.9234752324104352
1333,"[2008.0, 4.0, 23.0, 11.0, 8.0, 0.312]",24,B0007,101,1334,01334.csv,1.836828431169018,35,2008-04-23 11:08:00.312,1798938.719,0.9184142155845091
1337,"[2008.0, 4.0, 23.0, 16.0, 6.0, 25.171]",24,B0007,105,1338,01338.csv,1.837161961967228,36,2008-04-23 16:06:25.171,1816843.578,0.918580980983614
1341,"[2008.0, 4.0, 23.0, 21.0, 2.0, 58.296]",24,B0007,109,1342,01342.csv,1.8316722583718847,37,2008-04-23 21:02:58.296,1834636.703,0.9158361291859424
1345,"[2008.0, 4.0, 24.0, 1.0, 51.0, 33.89]",24,B0007,113,1346,01346.csv,1.8211470951317783,38,2008-04-24 01:51:33.890,1851952.297,0.9105735475658893
1349,"[2008.0, 4.0, 24.0, 6.0, 50.0, 0.031]",24,B0007,117,1350,01350.csv,1.816506091511515,39,2008-04-24 06:50:00.031,1869858.438,0.9082530457557574
1353,"[2008.0, 4.0, 24.0, 11.0, 49.0, 24.281]",24,B0007,121,1354,01354.csv,1.811381560150456,40,2008-04-24 11:49:24.281,1887822.688,0.9056907800752281
1357,"[2008.0, 4.0, 24.0, 16.0, 45.0, 56.015]",24,B0007,125,1358,01358.csv,1.8116056333939583,41,2008-04-24 16:45:56.015,1905614.422,0.9058028166969793
1361,"[2008.0, 4.0, 24.0, 21.0, 38.0, 11.078]",24,B0007,129,1362,01362.csv,1.8060548955557405,42,2008-04-24 21:38:11.078,1923149.485,0.9030274477778704
1365,"[2008.0, 4.0, 25.0, 12.0, 3.0, 44.093]",24,B0007,133,1366,01366.csv,1.8132041826994056,43,2008-04-25 12:03:44.093,1975082.5,0.9066020913497027
1367,"[2008.0, 4.0, 25.0, 20.0, 3.0, 55.921]",24,B0007,135,1368,01368.csv,1.8062641938283528,44,2008-04-25 20:03:55.921,2003894.328,0.9031320969141764
1371,"[2008.0, 4.0, 26.0, 1.0, 4.0, 35.718]",24,B0007,139,1372,01372.csv,1.7958310249900458,45,2008-04-26 01:04:35.718,2021934.125,0.8979155124950229
1375,"[2008.0, 4.0, 26.0, 5.0, 57.0, 35.14]",24,B0007,143,1376,01376.csv,1.7858852600390451,46,2008-04-26 05:57:35.140,2039513.547,0.8929426300195226
1379,"[2008.0, 4.0, 26.0, 10.0, 58.0, 25.843]",24,B0007,147,1380,01380.csv,1.780326860450275,47,2008-04-26 10:58:25.843,2057564.25,0.8901634302251376
1381,"[2008.0, 4.0, 29.0, 12.0, 15.0, 56.953]",24,B0007,149,1382,01382.csv,1.8150756899575573,48,2008-04-29 12:15:56.953,2321415.36,0.9075378449787785
1385,"[2008.0, 4.0, 29.0, 17.0, 5.0, 27.781]",24,B0007,153,1386,01386.csv,1.815702515484584,49,2008-04-29 17:05:27.781,2338786.188,0.907851257742292
1389,"[2008.0, 4.0, 29.0, 22.0, 0.0, 4.75]",24,B0007,157,1390,01390.csv,1.800243217805667,50,2008-04-29 22:00:04.750,2356463.157,0.9001216089028335
1393,"[2008.0, 4.0, 30.0, 2.0, 43.0, 55.312]",24,B0007,161,1394,01394.csv,1.7904476205609308,51,2008-04-30 02:43:55.312,2373493.719,0.8952238102804654
1397,"[2008.0, 4.0, 30.0, 7.0, 41.0, 42.578]",24,B0007,165,1398,01398.csv,1.780343032300132,52,2008-04-30 07:41:42.578,2391360.985,0.890171516150066
1401,"[2008.0, 4.0, 30.0, 12.0, 28.0, 49.265]",24,B0007,169,1402,01402.csv,1.775328769596812,53,2008-04-30 12:28:49.265,2408587.672,0.887664384798406
1405,"[2008.0, 4.0, 30.0, 17.0, 20.0, 16.14]",24,B0007,173,1406,01406.csv,1.770262973473285,54,2008-04-30 17:20:16.140,2426074.547,0.8851314867366427
1409,"[2008.0, 4.0, 30.0, 22.0, 14.0, 54.062]",24,B0007,177,1410,01410.csv,1.760081061854204,55,2008-04-30 22:14:54.062,2443752.469,0.880040530927102
1413,"[2008.0, 5.0, 1.0, 3.0, 15.0, 33.14]",24,B0007,181,1414,01414.csv,1.749647593537689,56,2008-05-01 03:15:33.140,2461791.547,0.8748237967688445
1417,"[2008.0, 5.0, 1.0, 8.0, 16.0, 3.343]",24,B0007,185,1418,01418.csv,1.749650075059311,57,2008-05-01 08:16:03.343,2479821.75,0.8748250375296555
1421,"[2008.0, 5.0, 1.0, 13.0, 14.0, 24.875]",24,B0007,189,1422,01422.csv,1.745028739214683,58,2008-05-01 13:14:24.875,2497723.282,0.8725143696073415
1425,"[2008.0, 5.0, 1.0, 18.0, 11.0, 10.984]",24,B0007,193,1426,01426.csv,1.739645745528673,59,2008-05-01 18:11:10.984,2515529.391,0.8698228727643366
1429,"[2008.0, 5.0, 1.0, 23.0, 10.0, 15.265]",24,B0007,197,1430,01430.csv,1.7285642277717963,60,2008-05-01 23:10:15.265,2533473.672,0.8642821138858982
1433,"[2008.0, 5.0, 2.0, 3.0, 53.0, 34.765]",24,B0007,201,1434,01434.csv,1.723900324588418,61,2008-05-02 03:53:34.765,2550473.172,0.861950162294209
1437,"[2008.0, 5.0, 2.0, 8.0, 44.0, 40.859]",24,B0007,205,1438,01438.csv,1.7139788776485192,62,2008-05-02 08:44:40.859,2567939.266,0.8569894388242596
1441,"[2008.0, 5.0, 2.0, 13.0, 43.0, 5.093]",24,B0007,209,1442,01442.csv,1.7139701997004613,63,2008-05-02 13:43:05.093,2585843.5,0.8569850998502306
1445,"[2008.0, 5.0, 2.0, 19.0, 7.0, 48.359]",24,B0007,213,1446,01446.csv,1.7036521173638766,64,2008-05-02 19:07:48.359,2605326.766,0.8518260586819383
1447,"[2008.0, 5.0, 2.0, 23.0, 24.0, 17.687]",24,B0007,215,1448,01448.csv,1.7040137474382486,65,2008-05-02 23:24:17.687,2620716.094,0.8520068737191244
1451,"[2008.0, 5.0, 3.0, 4.0, 13.0, 8.609]",24,B0007,219,1452,01452.csv,1.6935716157343033,66,2008-05-03 04:13:08.609,2638047.016,0.8467858078671516
1455,"[2008.0, 5.0, 3.0, 9.0, 10.0, 19.812]",24,B0007,223,1456,01456.csv,1.6876577363877656,67,2008-05-03 09:10:19.812,2655878.219,0.8438288681938828
1459,"[2008.0, 5.0, 3.0, 14.0, 4.0, 34.187]",24,B0007,227,1460,01460.csv,1.6830744356583152,68,2008-05-03 14:04:34.187,2673532.594,0.8415372178291576
1463,"[2008.0, 5.0, 3.0, 18.0, 58.0, 13.468]",24,B0007,231,1464,01464.csv,1.6779270142025482,69,2008-05-03 18:58:13.468,2691151.875,0.8389635071012741
1467,"[2008.0, 5.0, 3.0, 23.0, 42.0, 30.093]",24,B0007,235,1468,01468.csv,1.6732060275966172,70,2008-05-03 23:42:30.093,2708208.5,0.8366030137983086
1471,"[2008.0, 5.0, 4.0, 4.0, 41.0, 40.0]",24,B0007,239,1472,01472.csv,1.6674367208253988,71,2008-05-04 04:41:40.000,2726158.407,0.8337183604126994
1475,"[2008.0, 5.0, 4.0, 9.0, 40.0, 11.906]",24,B0007,243,1476,01476.csv,1.6622662630667526,72,2008-05-04 09:40:11.906,2744070.313,0.8311331315333763
1479,"[2008.0, 5.0, 4.0, 14.0, 38.0, 13.359]",24,B0007,247,1480,01480.csv,1.6574243065763063,73,2008-05-04 14:38:13.359,2761951.766,0.8287121532881531
1483,"[2008.0, 5.0, 4.0, 19.0, 37.0, 7.89]",24,B0007,251,1484,01484.csv,1.652538684928734,74,2008-05-04 19:37:07.890,2779886.297,0.826269342464367
1487,"[2008.0, 5.0, 5.0, 0.0, 35.0, 53.968]",24,B0007,255,1488,01488.csv,1.6472174627573322,75,2008-05-05 00:35:53.968,2797812.375,0.8236087313786661
1491,"[2008.0, 5.0, 5.0, 5.0, 28.0, 13.937]",24,B0007,259,1492,01492.csv,1.6364136810898071,76,2008-05-05 05:28:13.937,2815352.344,0.8182068405449036
1495,"[2008.0, 5.0, 5.0, 11.0, 41.0, 31.5]",24,B0007,263,1496,01496.csv,1.6362554312048496,77,2008-05-05 11:41:31.500,2837749.907,0.8181277156024248
1497,"[2008.0, 5.0, 5.0, 20.0, 40.0, 8.562]",24,B0007,265,1498,01498.csv,1.641119179218384,78,2008-05-05 20:40:08.562,2870066.969,0.820559589609192
1501,"[2008.0, 5.0, 6.0, 1.0, 38.0, 46.265]",24,B0007,269,1502,01502.csv,1.6315700789656966,79,2008-05-06 01:38:46.265,2887984.672,0.8157850394828483
1505,"[2008.0, 5.0, 6.0, 6.0, 37.0, 6.296]",24,B0007,273,1506,01506.csv,1.621213282987236,80,2008-05-06 06:37:06.296,2905884.703,0.8106066414936179
1509,"[2008.0, 5.0, 6.0, 11.0, 25.0, 21.031]",24,B0007,277,1510,01510.csv,1.6164273214762122,81,2008-05-06 11:25:21.031,2923179.438,0.8082136607381061
1513,"[2008.0, 5.0, 6.0, 16.0, 23.0, 36.296]",24,B0007,281,1514,01514.csv,1.615823510161921,82,2008-05-06 16:23:36.296,2941074.703,0.8079117550809605
1517,"[2008.0, 5.0, 6.0, 21.0, 21.0, 49.265]",24,B0007,285,1518,01518.csv,1.61672418029789,83,2008-05-06 21:21:49.265,2958967.672,0.8083620901489451
1521,"[2008.0, 5.0, 7.0, 2.0, 17.0, 25.156]",24,B0007,289,1522,01522.csv,1.6108655863730026,84,2008-05-07 02:17:25.156,2976703.563,0.8054327931865014
1525,"[2008.0, 5.0, 7.0, 7.0, 4.0, 2.109]",24,B0007,293,1526,01526.csv,1.6006603374309376,85,2008-05-07 07:04:02.109,2993900.516,0.8003301687154688
1529,"[2008.0, 5.0, 7.0, 12.0, 1.0, 49.906]",24,B0007,297,1530,01530.csv,1.5959174487005665,86,2008-05-07 12:01:49.906,3011768.313,0.7979587243502833
1533,"[2008.0, 5.0, 7.0, 16.0, 59.0, 29.937]",24,B0007,301,1534,01534.csv,1.5962179519462243,87,2008-05-07 16:59:29.937,3029628.344,0.7981089759731121
1537,"[2008.0, 5.0, 7.0, 21.0, 56.0, 9.656]",24,B0007,305,1538,01538.csv,1.5958065114633972,88,2008-05-07 21:56:09.656,3047428.063,0.7979032557316986
1541,"[2008.0, 5.0, 8.0, 2.0, 53.0, 49.937]",24,B0007,309,1542,01542.csv,1.5906507821480704,89,2008-05-08 02:53:49.937,3065288.344,0.7953253910740352
1544,"[2008.0, 5.0, 9.0, 12.0, 25.0, 7.0]",24,B0007,312,1545,01545.csv,1.6888211161855506,90,2008-05-09 12:25:07.000,3185965.407,0.8444105580927753
1547,"[2008.0, 5.0, 9.0, 20.0, 28.0, 9.734]",24,B0007,315,1548,01548.csv,1.6259938279733204,91,2008-05-09 20:28:09.734,3214948.141,0.8129969139866602
1551,"[2008.0, 5.0, 10.0, 1.0, 21.0, 56.5]",24,B0007,319,1552,01552.csv,1.6157433862812898,92,2008-05-10 01:21:56.500,3232574.907,0.8078716931406449
1555,"[2008.0, 5.0, 10.0, 6.0, 18.0, 12.0]",24,B0007,323,1556,01556.csv,1.6056626764846538,93,2008-05-10 06:18:12.000,3250350.407,0.8028313382423269
1559,"[2008.0, 5.0, 10.0, 11.0, 16.0, 4.843]",24,B0007,327,1560,01560.csv,1.5949746921524348,94,2008-05-10 11:16:04.843,3268223.25,0.7974873460762174
1563,"[2008.0, 5.0, 10.0, 16.0, 11.0, 56.109]",24,B0007,331,1564,01564.csv,1.5904102438871943,95,2008-05-10 16:11:56.109,3285974.516,0.7952051219435972
1567,"[2008.0, 5.0, 10.0, 21.0, 7.0, 54.625]",24,B0007,335,1568,01568.csv,1.5853517062988178,96,2008-05-10 21:07:54.625,3303733.032,0.7926758531494089
1571,"[2008.0, 5.0, 11.0, 2.0, 5.0, 21.796]",24,B0007,339,1572,01572.csv,1.5799737147242376,97,2008-05-11 02:05:21.796,3321580.203,0.7899868573621188
1575,"[2008.0, 5.0, 11.0, 6.0, 55.0, 27.734]",24,B0007,343,1576,01576.csv,1.5752185465278068,98,2008-05-11 06:55:27.734,3338986.141,0.7876092732639034
1579,"[2008.0, 5.0, 11.0, 11.0, 52.0, 47.187]",24,B0007,347,1580,01580.csv,1.569798484648868,99,2008-05-11 11:52:47.187,3356825.594,0.784899242324434
1583,"[2008.0, 5.0, 11.0, 16.0, 49.0, 58.921]",24,B0007,351,1584,01584.csv,1.5702565375950357,100,2008-05-11 16:49:58.921,3374657.328,0.7851282687975178
1587,"[2008.0, 5.0, 11.0, 21.0, 47.0, 12.843]",24,B0007,355,1588,01588.csv,1.565249873909438,101,2008-05-11 21:47:12.843,3392491.25,0.782624936954719
1591,"[2008.0, 5.0, 12.0, 2.0, 36.0, 58.921]",24,B0007,359,1592,01592.csv,1.559633933561147,102,2008-05-12 02:36:58.921,3409877.328,0.7798169667805737
1595,"[2008.0, 5.0, 12.0, 12.0, 56.0, 34.781]",24,B0007,363,1596,01596.csv,1.5649820533392105,103,2008-05-12 12:56:34.781,3447053.188,0.7824910266696052
1598,"[2008.0, 5.0, 12.0, 18.0, 59.0, 59.453]",24,B0007,366,1599,01599.csv,1.57497949984227,104,2008-05-12 18:59:59.453,3468857.86,0.7874897499211351
1602,"[2008.0, 5.0, 12.0, 23.0, 53.0, 17.609]",24,B0007,370,1603,01603.csv,1.5652811168780458,105,2008-05-12 23:53:17.609,3486456.016,0.782640558439023
1606,"[2008.0, 5.0, 13.0, 4.0, 35.0, 25.359]",24,B0007,374,1607,01607.csv,1.559755497470126,106,2008-05-13 04:35:25.359,3503383.766,0.779877748735063
1610,"[2008.0, 5.0, 13.0, 9.0, 24.0, 4.718]",24,B0007,378,1611,01611.csv,1.549897685670499,107,2008-05-13 09:24:04.718,3520703.125,0.7749488428352493
1614,"[2008.0, 5.0, 13.0, 14.0, 20.0, 24.937]",24,B0007,382,1615,01615.csv,1.543877153134502,108,2008-05-13 14:20:24.937,3538483.344,0.771938576567251
1618,"[2008.0, 5.0, 13.0, 19.0, 4.0, 20.531]",24,B0007,386,1619,01619.csv,1.5450187488690073,109,2008-05-13 19:04:20.531,3555518.938,0.7725093744345037
1622,"[2008.0, 5.0, 13.0, 23.0, 59.0, 26.015]",24,B0007,390,1623,01623.csv,1.5445940154102908,110,2008-05-13 23:59:26.015,3573224.422,0.7722970077051454
1626,"[2008.0, 5.0, 14.0, 4.0, 55.0, 57.453]",24,B0007,394,1627,01627.csv,1.5343086721758876,111,2008-05-14 04:55:57.453,3591015.86,0.7671543360879438
1630,"[2008.0, 5.0, 14.0, 9.0, 52.0, 22.062]",24,B0007,398,1631,01631.csv,1.5287603942958483,112,2008-05-14 09:52:22.062,3608800.469,0.7643801971479242
1634,"[2008.0, 5.0, 14.0, 14.0, 35.0, 22.515]",24,B0007,402,1635,01635.csv,1.5289260249179843,113,2008-05-14 14:35:22.515,3625780.922,0.7644630124589922
1638,"[2008.0, 5.0, 14.0, 19.0, 31.0, 39.39]",24,B0007,406,1639,01639.csv,1.529091650133123,114,2008-05-14 19:31:39.390,3643557.797,0.7645458250665615
1642,"[2008.0, 5.0, 15.0, 0.0, 27.0, 55.625]",24,B0007,410,1643,01643.csv,1.5239059324661248,115,2008-05-15 00:27:55.625,3661334.032,0.7619529662330623
1646,"[2008.0, 5.0, 15.0, 5.0, 24.0, 4.89]",24,B0007,414,1647,01647.csv,1.5186675419100617,116,2008-05-15 05:24:04.890,3679103.297,0.7593337709550309
1650,"[2008.0, 5.0, 15.0, 10.0, 20.0, 3.875]",24,B0007,418,1651,01651.csv,1.5136482266426952,117,2008-05-15 10:20:03.875,3696862.282,0.7568241133213476
1654,"[2008.0, 5.0, 15.0, 15.0, 10.0, 59.437]",24,B0007,422,1655,01655.csv,1.5136050185229033,118,2008-05-15 15:10:59.437,3714317.844,0.7568025092614517
1658,"[2008.0, 5.0, 15.0, 19.0, 56.0, 47.39]",24,B0007,426,1659,01659.csv,1.5139470614867965,119,2008-05-15 19:56:47.390,3731465.797,0.7569735307433983
1662,"[2008.0, 5.0, 16.0, 16.0, 54.0, 59.812]",24,B0007,430,1663,01663.csv,1.5339599193158786,120,2008-05-16 16:54:59.812,3806958.219,0.7669799596579394
1664,"[2008.0, 5.0, 16.0, 21.0, 37.0, 39.671]",24,B0007,432,1665,01665.csv,1.5391372798653098,121,2008-05-16 21:37:39.671,3823918.078,0.7695686399326549
1668,"[2008.0, 5.0, 17.0, 2.0, 32.0, 13.968]",24,B0007,436,1669,01669.csv,1.5236247972838737,122,2008-05-17 02:32:13.968,3841592.375,0.7618123986419368
1672,"[2008.0, 5.0, 17.0, 7.0, 25.0, 19.906]",24,B0007,440,1673,01673.csv,1.5135813035589147,123,2008-05-17 07:25:19.906,3859178.313,0.7567906517794573
1676,"[2008.0, 5.0, 17.0, 12.0, 21.0, 15.89]",24,B0007,444,1677,01677.csv,1.5077850749847914,124,2008-05-17 12:21:15.890,3876934.297,0.7538925374923957
1680,"[2008.0, 5.0, 17.0, 17.0, 15.0, 37.281]",24,B0007,448,1681,01681.csv,1.5031960676037333,125,2008-05-17 17:15:37.281,3894595.688,0.7515980338018666
1684,"[2008.0, 5.0, 17.0, 22.0, 10.0, 51.218]",24,B0007,452,1685,01685.csv,1.497822059699588,126,2008-05-17 22:10:51.218,3912309.625,0.748911029849794
1688,"[2008.0, 5.0, 18.0, 3.0, 5.0, 19.265]",24,B0007,456,1689,01689.csv,1.492848534633516,127,2008-05-18 03:05:19.265,3929977.672,0.7464242673167579
1692,"[2008.0, 5.0, 18.0, 8.0, 0.0, 50.421]",24,B0007,460,1693,01693.csv,1.492414389867026,128,2008-05-18 08:00:50.421,3947708.828,0.7462071949335128
1696,"[2008.0, 5.0, 18.0, 12.0, 44.0, 48.437]",24,B0007,464,1697,01697.csv,1.487482776538081,129,2008-05-18 12:44:48.437,3964746.844,0.7437413882690405
1700,"[2008.0, 5.0, 18.0, 17.0, 36.0, 29.734]",24,B0007,468,1701,01701.csv,1.482535148640411,130,2008-05-18 17:36:29.734,3982248.141,0.7412675743202055
1704,"[2008.0, 5.0, 18.0, 22.0, 31.0, 45.515]",24,B0007,472,1705,01705.csv,1.4827874322228984,131,2008-05-18 22:31:45.515,3999963.922,0.7413937161114492
1708,"[2008.0, 5.0, 19.0, 3.0, 27.0, 7.765]",24,B0007,476,1709,01709.csv,1.476971179775059,132,2008-05-19 03:27:07.765,4017686.172,0.7384855898875295
1712,"[2008.0, 5.0, 19.0, 15.0, 34.0, 33.625]",24,B0007,480,1713,01713.csv,1.4819015554137276,133,2008-05-19 15:34:33.625,4061332.032,0.7409507777068637
1714,"[2008.0, 5.0, 19.0, 20.0, 59.0, 48.437]",24,B0007,482,1715,01715.csv,1.4981366198874824,134,2008-05-19 20:59:48.437,4080846.844,0.7490683099437412
1716,"[2008.0, 5.0, 20.0, 1.0, 16.0, 42.609]",24,B0007,484,1717,01717.csv,1.4820775214392872,135,2008-05-20 01:16:42.609,4096261.016,0.7410387607196437
1720,"[2008.0, 5.0, 20.0, 6.0, 12.0, 6.265]",24,B0007,488,1721,01721.csv,1.4771155312812152,136,2008-05-20 06:12:06.265,4113984.672,0.7385577656406076
1724,"[2008.0, 5.0, 20.0, 11.0, 7.0, 23.453]",24,B0007,492,1725,01725.csv,1.4720772783056488,137,2008-05-20 11:07:23.453,4131701.86,0.7360386391528244
1728,"[2008.0, 5.0, 20.0, 15.0, 57.0, 27.312]",24,B0007,496,1729,01729.csv,1.472248013656454,138,2008-05-20 15:57:27.312,4149105.719,0.736124006828227
1732,"[2008.0, 5.0, 20.0, 20.0, 50.0, 39.015]",24,B0007,500,1733,01733.csv,1.4670106672274663,139,2008-05-20 20:50:39.015,4166697.422,0.7335053336137333
1736,"[2008.0, 5.0, 21.0, 1.0, 39.0, 38.968]",24,B0007,504,1737,01737.csv,1.461767249533538,140,2008-05-21 01:39:38.968,4184037.375,0.730883624766769
1740,"[2008.0, 5.0, 21.0, 6.0, 24.0, 27.281]",24,B0007,508,1741,01741.csv,1.4566952670489708,141,2008-05-21 06:24:27.281,4201125.688,0.7283476335244853
1744,"[2008.0, 5.0, 21.0, 11.0, 18.0, 6.015]",24,B0007,512,1745,01745.csv,1.451354972758956,142,2008-05-21 11:18:06.015,4218744.422,0.725677486379478
1748,"[2008.0, 5.0, 21.0, 16.0, 10.0, 21.203]",24,B0007,516,1749,01749.csv,1.451615926257375,143,2008-05-21 16:10:21.203,4236279.61,0.7258079631286875
1752,"[2008.0, 5.0, 21.0, 21.0, 2.0, 9.781]",24,B0007,520,1753,01753.csv,1.4468161332173683,144,2008-05-21 21:02:09.781,4253788.188,0.7234080666086843
1756,"[2008.0, 5.0, 22.0, 1.0, 42.0, 59.218]",24,B0007,524,1757,01757.csv,1.4467570607768785,145,2008-05-22 01:42:59.218,4270637.625,0.7233785303884391
1760,"[2008.0, 5.0, 22.0, 6.0, 32.0, 40.921]",24,B0007,528,1761,01761.csv,1.4413797481446793,146,2008-05-22 06:32:40.921,4288019.328,0.7206898740723396
1764,"[2008.0, 5.0, 22.0, 11.0, 23.0, 22.187]",24,B0007,532,1765,01765.csv,1.4362456252208178,147,2008-05-22 11:23:22.187,4305460.594,0.7181228126104089
1768,"[2008.0, 5.0, 22.0, 16.0, 17.0, 58.89]",24,B0007,536,1769,01769.csv,1.4368154153924828,148,2008-05-22 16:17:58.890,4323137.297,0.7184077076962414
1772,"[2008.0, 5.0, 22.0, 20.0, 59.0, 50.203]",24,B0007,540,1773,01773.csv,1.4362945145860049,149,2008-05-22 20:59:50.203,4340048.61,0.7181472572930025
1776,"[2008.0, 5.0, 23.0, 12.0, 13.0, 16.359]",24,B0007,544,1777,01777.csv,1.4418575315878015,150,2008-05-23 12:13:16.359,4394854.766,0.7209287657939007
1779,"[2008.0, 5.0, 23.0, 20.0, 14.0, 29.875]",24,B0007,547,1780,01780.csv,1.4672063484781797,151,2008-05-23 20:14:29.875,4423728.282,0.7336031742390898
1783,"[2008.0, 5.0, 24.0, 1.0, 9.0, 21.562]",24,B0007,551,1784,01784.csv,1.4518640367848883,152,2008-05-24 01:09:21.562,4441419.969,0.7259320183924441
1787,"[2008.0, 5.0, 24.0, 6.0, 0.0, 20.156]",24,B0007,555,1788,01788.csv,1.44713797527485,153,2008-05-24 06:00:20.156,4458878.563,0.723568987637425
1791,"[2008.0, 5.0, 24.0, 10.0, 42.0, 50.484]",24,B0007,559,1792,01792.csv,1.441790586562399,154,2008-05-24 10:42:50.484,4475828.891,0.7208952932811995
1795,"[2008.0, 5.0, 24.0, 15.0, 31.0, 10.593]",24,B0007,563,1796,01796.csv,1.431630947911111,155,2008-05-24 15:31:10.593,4493129.0,0.7158154739555554
1799,"[2008.0, 5.0, 24.0, 20.0, 21.0, 13.437]",24,B0007,567,1800,01800.csv,1.4318084249673686,156,2008-05-24 20:21:13.437,4510531.844,0.7159042124836843
1803,"[2008.0, 5.0, 25.0, 1.0, 6.0, 49.828]",24,B0007,571,1804,01804.csv,1.4262562585106868,157,2008-05-25 01:06:49.828,4527668.235,0.7131281292553434
1807,"[2008.0, 5.0, 25.0, 5.0, 57.0, 17.89]",24,B0007,575,1808,01808.csv,1.4260877528924911,158,2008-05-25 05:57:17.890,4545096.297,0.7130438764462456
1811,"[2008.0, 5.0, 25.0, 10.0, 51.0, 37.015]",24,B0007,579,1812,01812.csv,1.4212633510031694,159,2008-05-25 10:51:37.015,4562755.422,0.7106316755015847
1815,"[2008.0, 5.0, 25.0, 15.0, 37.0, 8.89]",24,B0007,583,1816,01816.csv,1.4163272748795108,160,2008-05-25 15:37:08.890,4579887.297,0.7081636374397554
1819,"[2008.0, 5.0, 25.0, 20.0, 23.0, 4.453]",24,B0007,587,1820,01820.csv,1.4165781829175994,161,2008-05-25 20:23:04.453,4597042.86,0.7082890914587998
1823,"[2008.0, 5.0, 26.0, 1.0, 13.0, 2.796]",24,B0007,591,1824,01824.csv,1.4108401729425175,162,2008-05-26 01:13:02.796,4614441.203,0.7054200864712586
1827,"[2008.0, 5.0, 26.0, 6.0, 1.0, 8.171]",24,B0007,595,1828,01828.csv,1.4109949628347804,163,2008-05-26 06:01:08.171,4631726.578,0.7054974814173902
1831,"[2008.0, 5.0, 26.0, 10.0, 44.0, 38.468]",24,B0007,599,1832,01832.csv,1.40617142903988,164,2008-05-26 10:44:38.468,4648736.875,0.70308571451994
1835,"[2008.0, 5.0, 26.0, 15.0, 30.0, 43.968]",24,B0007,603,1836,01836.csv,1.4063358479692922,165,2008-05-26 15:30:43.968,4665902.375,0.7031679239846461
1839,"[2008.0, 5.0, 26.0, 20.0, 21.0, 4.921]",24,B0007,607,1840,01840.csv,1.4004552399066514,166,2008-05-26 20:21:04.921,4683323.328,0.7002276199533257
1843,"[2008.0, 5.0, 27.0, 15.0, 52.0, 41.359]",24,B0007,611,1844,01844.csv,1.4217865046055154,167,2008-05-27 15:52:41.359,4753619.766,0.7108932523027576
1845,"[2008.0, 5.0, 27.0, 20.0, 45.0, 42.125]",24,B0007,613,1846,01846.csv,1.4324552720625434,168,2008-05-27 20:45:42.125,4771200.532,0.7162276360312717
1850,"[2008.0, 7.0, 7.0, 15.0, 15.0, 28.875]",24,B0018,2,1851,01851.csv,1.8550045207910817,1,2008-07-07 15:15:28.875,8293787.282,0.9275022603955407
1854,"[2008.0, 7.0, 7.0, 21.0, 53.0, 6.125]",24,B0018,6,1855,01855.csv,1.8431955317089987,2,2008-07-07 21:53:06.125,8317644.532,0.9215977658544992
1858,"[2008.0, 7.0, 8.0, 2.0, 56.0, 8.453]",24,B0018,10,1859,01859.csv,1.8396018424355425,3,2008-07-08 02:56:08.453,8335826.86,0.9198009212177712
1862,"[2008.0, 7.0, 8.0, 7.0, 58.0, 55.953]",24,B0018,14,1863,01863.csv,1.8306736044962053,4,2008-07-08 07:58:55.953,8353994.36,0.9153368022481029
1865,"[2008.0, 7.0, 8.0, 18.0, 57.0, 48.968]",24,B0018,17,1866,01866.csv,1.8327002069419656,5,2008-07-08 18:57:48.968,8393527.375,0.9163501034709828
1867,"[2008.0, 7.0, 8.0, 22.0, 57.0, 17.203]",24,B0018,19,1868,01868.csv,1.8285288846046388,6,2008-07-08 22:57:17.203,8407895.61,0.9142644423023194
1869,"[2008.0, 7.0, 9.0, 2.0, 56.0, 41.281]",24,B0018,21,1870,01870.csv,1.8212011895697924,7,2008-07-09 02:56:41.281,8422259.688,0.9106005947848962
1871,"[2008.0, 7.0, 9.0, 6.0, 55.0, 54.875]",24,B0018,23,1872,01872.csv,1.815170010643328,8,2008-07-09 06:55:54.875,8436613.282,0.907585005321664
1874,"[2008.0, 7.0, 9.0, 11.0, 26.0, 41.906]",24,B0018,26,1875,01875.csv,1.8042980520967649,9,2008-07-09 11:26:41.906,8452860.313,0.9021490260483824
1877,"[2008.0, 7.0, 10.0, 16.0, 34.0, 39.859]",24,B0018,29,1878,01878.csv,1.8231002302844224,10,2008-07-10 16:34:39.859,8557738.266,0.9115501151422112
1879,"[2008.0, 7.0, 10.0, 20.0, 33.0, 58.031]",24,B0018,31,1880,01880.csv,1.8121253520255487,11,2008-07-10 20:33:58.031,8572096.438,0.9060626760127743
1881,"[2008.0, 7.0, 11.0, 0.0, 30.0, 25.484]",24,B0018,33,1882,01882.csv,1.8046916382117768,12,2008-07-11 00:30:25.484,8586283.891,0.9023458191058884
1883,"[2008.0, 7.0, 11.0, 4.0, 28.0, 49.531]",24,B0018,35,1884,01884.csv,1.790844349786295,13,2008-07-11 04:28:49.531,8600587.938,0.8954221748931475
1886,"[2008.0, 7.0, 11.0, 8.0, 59.0, 8.656]",24,B0018,38,1887,01887.csv,1.783470722841926,14,2008-07-11 08:59:08.656,8616807.063,0.891735361420963
1889,"[2008.0, 7.0, 11.0, 14.0, 27.0, 5.64]",24,B0018,41,1890,01890.csv,1.7809386125310702,15,2008-07-11 14:27:05.640,8636484.047,0.8904693062655352
1891,"[2008.0, 7.0, 11.0, 18.0, 25.0, 27.593]",24,B0018,43,1892,01892.csv,1.771209039672698,16,2008-07-11 18:25:27.593,8650786.0,0.885604519836349
1893,"[2008.0, 7.0, 11.0, 22.0, 22.0, 5.406]",24,B0018,45,1894,01894.csv,1.7686303996707076,17,2008-07-11 22:22:05.406,8664983.813,0.8843151998353538
1895,"[2008.0, 7.0, 12.0, 2.0, 18.0, 11.125]",24,B0018,47,1896,01896.csv,1.7536304801917124,18,2008-07-12 02:18:11.125,8679149.532,0.8768152400958562
1898,"[2008.0, 7.0, 12.0, 6.0, 45.0, 43.859]",24,B0018,50,1899,01899.csv,1.7462197416415093,19,2008-07-12 06:45:43.859,8695202.266,0.8731098708207548
1901,"[2008.0, 7.0, 12.0, 11.0, 15.0, 36.812]",24,B0018,53,1902,01902.csv,1.7376647337053737,20,2008-07-12 11:15:36.812,8711395.219,0.8688323668526868
1903,"[2008.0, 7.0, 12.0, 15.0, 13.0, 28.609]",24,B0018,55,1904,01904.csv,1.7315166735475835,21,2008-07-12 15:13:28.609,8725667.016,0.8657583367737918
1905,"[2008.0, 7.0, 12.0, 18.0, 52.0, 45.109]",24,B0018,57,1906,01906.csv,1.7085949894470602,22,2008-07-12 18:52:45.109,8738823.516,0.8542974947235301
1907,"[2008.0, 7.0, 12.0, 22.0, 50.0, 29.984]",24,B0018,59,1908,01908.csv,1.711469957068211,23,2008-07-12 22:50:29.984,8753088.391,0.8557349785341056
1910,"[2008.0, 7.0, 13.0, 3.0, 19.0, 5.703]",24,B0018,62,1911,01911.csv,1.7075021373272627,24,2008-07-13 03:19:05.703,8769204.11,0.8537510686636314
1913,"[2008.0, 7.0, 14.0, 13.0, 8.0, 20.5]",24,B0018,65,1914,01914.csv,1.7492382064360228,25,2008-07-14 13:08:20.500,8890958.907,0.8746191032180114
1915,"[2008.0, 7.0, 14.0, 17.0, 3.0, 45.625]",24,B0018,67,1916,01916.csv,1.7327697147429957,26,2008-07-14 17:03:45.625,8905084.032,0.8663848573714978
1917,"[2008.0, 7.0, 14.0, 20.0, 57.0, 32.609]",24,B0018,69,1918,01918.csv,1.7222313328292376,27,2008-07-14 20:57:32.609,8919111.016,0.8611156664146188
1919,"[2008.0, 7.0, 15.0, 0.0, 49.0, 58.484]",24,B0018,71,1920,01920.csv,1.711846298984729,28,2008-07-15 00:49:58.484,8933056.891,0.8559231494923645
1922,"[2008.0, 7.0, 15.0, 5.0, 14.0, 47.25]",24,B0018,74,1923,01923.csv,1.699267835126687,29,2008-07-15 05:14:47.250,8948945.657,0.8496339175633435
1925,"[2008.0, 7.0, 15.0, 9.0, 43.0, 28.937]",24,B0018,77,1926,01926.csv,1.6940366439243106,30,2008-07-15 09:43:28.937,8965067.344,0.8470183219621553
1927,"[2008.0, 7.0, 15.0, 13.0, 36.0, 47.89]",24,B0018,79,1928,01928.csv,1.6819027078768087,31,2008-07-15 13:36:47.890,8979066.297,0.8409513539384044
1929,"[2008.0, 7.0, 15.0, 17.0, 29.0, 47.765]",24,B0018,81,1930,01930.csv,1.6769770618433686,32,2008-07-15 17:29:47.765,8993046.172,0.8384885309216843
1931,"[2008.0, 7.0, 15.0, 21.0, 21.0, 30.39]",24,B0018,83,1932,01932.csv,1.6655229306478936,33,2008-07-15 21:21:30.390,9006948.797,0.8327614653239468
1934,"[2008.0, 7.0, 16.0, 1.0, 45.0, 13.39]",24,B0018,86,1935,01935.csv,1.6571924575832084,34,2008-07-16 01:45:13.390,9022771.797,0.8285962287916042
1937,"[2008.0, 7.0, 16.0, 6.0, 12.0, 34.39]",24,B0018,89,1938,01938.csv,1.6482241555294048,35,2008-07-16 06:12:34.390,9038812.797,0.8241120777647023
1939,"[2008.0, 7.0, 16.0, 10.0, 5.0, 40.718]",24,B0018,91,1940,01940.csv,1.6387701497987262,36,2008-07-16 10:05:40.718,9052799.125,0.8193850748993632
1941,"[2008.0, 7.0, 16.0, 13.0, 57.0, 42.468]",24,B0018,93,1942,01942.csv,1.6276486907262062,37,2008-07-16 13:57:42.468,9066720.875,0.8138243453631031
1943,"[2008.0, 7.0, 16.0, 17.0, 51.0, 36.078]",24,B0018,95,1944,01944.csv,1.62215370227252,38,2008-07-16 17:51:36.078,9080754.485,0.81107685113626
1946,"[2008.0, 7.0, 16.0, 22.0, 13.0, 57.593]",24,B0018,98,1947,01947.csv,1.6140066510467586,39,2008-07-16 22:13:57.593,9096496.0,0.8070033255233793
1949,"[2008.0, 7.0, 18.0, 17.0, 28.0, 12.125]",24,B0018,101,1950,01950.csv,1.6760516154424625,40,2008-07-18 17:28:12.125,9252150.532,0.8380258077212313
1951,"[2008.0, 7.0, 18.0, 21.0, 19.0, 44.421]",24,B0018,103,1952,01952.csv,1.649300642552199,41,2008-07-18 21:19:44.421,9266042.828,0.8246503212760995
1953,"[2008.0, 7.0, 19.0, 1.0, 10.0, 7.046]",24,B0018,105,1954,01954.csv,1.63238299185809,42,2008-07-19 01:10:07.046,9279865.453,0.816191495929045
1955,"[2008.0, 7.0, 19.0, 5.0, 1.0, 4.953]",24,B0018,107,1956,01956.csv,1.6164159719025777,43,2008-07-19 05:01:04.953,9293723.36,0.8082079859512887
1958,"[2008.0, 7.0, 19.0, 9.0, 25.0, 29.875]",24,B0018,110,1959,01959.csv,1.6109028378249377,44,2008-07-19 09:25:29.875,9309588.282,0.8054514189124689
1961,"[2008.0, 7.0, 19.0, 13.0, 53.0, 0.75]",24,B0018,113,1962,01962.csv,1.5954638693695655,45,2008-07-19 13:53:00.750,9325639.157,0.7977319346847829
1964,"[2008.0, 7.0, 29.0, 18.0, 34.0, 27.281]",24,B0018,116,1965,01965.csv,1.726707440085764,46,2008-07-29 18:34:27.281,10206525.688,0.863353720042882
1966,"[2008.0, 7.0, 29.0, 22.0, 21.0, 53.5]",24,B0018,118,1967,01967.csv,1.7165673917429751,47,2008-07-29 22:21:53.500,10220171.907,0.8582836958714876
1968,"[2008.0, 7.0, 30.0, 2.0, 9.0, 48.828]",24,B0018,120,1969,01969.csv,1.6958235570934848,48,2008-07-30 02:09:48.828,10233847.235,0.8479117785467423
1970,"[2008.0, 7.0, 30.0, 5.0, 57.0, 2.328]",24,B0018,122,1971,01971.csv,1.6777783190792557,49,2008-07-30 05:57:02.328,10247480.735,0.8388891595396278
1972,"[2008.0, 7.0, 30.0, 9.0, 52.0, 21.281]",24,B0018,124,1973,01973.csv,1.6606586897774192,50,2008-07-30 09:52:21.281,10261599.688,0.8303293448887097
1975,"[2008.0, 7.0, 30.0, 19.0, 28.0, 7.671]",24,B0018,127,1976,01976.csv,1.6664109274827466,51,2008-07-30 19:28:07.671,10296146.078,0.8332054637413733
1977,"[2008.0, 7.0, 30.0, 23.0, 16.0, 54.218]",24,B0018,129,1978,01978.csv,1.6468336174407805,52,2008-07-30 23:16:54.218,10309872.625,0.8234168087203902
1979,"[2008.0, 7.0, 31.0, 2.0, 46.0, 18.031]",24,B0018,131,1980,01980.csv,1.6257639928779952,53,2008-07-31 02:46:18.031,10322436.438,0.8128819964389976
1981,"[2008.0, 7.0, 31.0, 6.0, 15.0, 17.843]",24,B0018,133,1982,01982.csv,1.6121577411874597,54,2008-07-31 06:15:17.843,10334976.25,0.8060788705937298
1983,"[2008.0, 7.0, 31.0, 10.0, 10.0, 14.359]",24,B0018,135,1984,01984.csv,1.6057366823755344,55,2008-07-31 10:10:14.359,10349072.766,0.8028683411877673
1988,"[2008.0, 8.0, 1.0, 17.0, 46.0, 33.109]",24,B0018,140,1989,01989.csv,1.673645314879889,56,2008-08-01 17:46:33.109,10462851.516,0.8368226574399444
1990,"[2008.0, 8.0, 1.0, 21.0, 32.0, 12.937]",24,B0018,142,1991,01991.csv,1.6404348572349936,57,2008-08-01 21:32:12.937,10476391.344,0.8202174286174969
1992,"[2008.0, 8.0, 2.0, 1.0, 17.0, 9.625]",24,B0018,144,1993,01993.csv,1.6132653317422077,58,2008-08-02 01:17:09.625,10489888.032,0.8066326658711038
1994,"[2008.0, 8.0, 2.0, 5.0, 3.0, 55.921]",24,B0018,146,1995,01995.csv,1.5920964324686278,59,2008-08-02 05:03:55.921,10503494.328,0.7960482162343139
1997,"[2008.0, 8.0, 2.0, 9.0, 26.0, 51.375]",24,B0018,149,1998,01998.csv,1.5866011820698824,60,2008-08-02 09:26:51.375,10519269.782,0.7933005910349412
2000,"[2008.0, 8.0, 2.0, 13.0, 55.0, 3.296]",24,B0018,152,2001,02001.csv,1.580076649033625,61,2008-08-02 13:55:03.296,10535361.703,0.7900383245168127
2002,"[2008.0, 8.0, 2.0, 17.0, 41.0, 59.359]",24,B0018,154,2003,02003.csv,1.5641732953289167,62,2008-08-02 17:41:59.359,10548977.766,0.7820866476644583
2004,"[2008.0, 8.0, 2.0, 21.0, 29.0, 24.406]",24,B0018,156,2005,02005.csv,1.555618272193922,63,2008-08-02 21:29:24.406,10562622.813,0.777809136096961
2006,"[2008.0, 8.0, 3.0, 1.0, 16.0, 7.078]",24,B0018,158,2007,02007.csv,1.5402045278637395,64,2008-08-03 01:16:07.078,10576225.485,0.7701022639318696
2009,"[2008.0, 8.0, 3.0, 5.0, 39.0, 11.953]",24,B0018,161,2010,02010.csv,1.5321613015959863,65,2008-08-03 05:39:11.953,10592010.36,0.7660806507979931
2012,"[2008.0, 8.0, 3.0, 10.0, 8.0, 42.828]",24,B0018,164,2013,02013.csv,1.5316232403693415,66,2008-08-03 10:08:42.828,10608181.235,0.7658116201846706
2014,"[2008.0, 8.0, 3.0, 13.0, 54.0, 25.093]",24,B0018,166,2015,02015.csv,1.5222595950771978,67,2008-08-03 13:54:25.093,10621723.5,0.7611297975385989
2016,"[2008.0, 8.0, 3.0, 17.0, 42.0, 28.75]",24,B0018,168,2017,02017.csv,1.5065267126851285,68,2008-08-03 17:42:28.750,10635407.157,0.7532633563425642
2018,"[2008.0, 8.0, 3.0, 21.0, 26.0, 49.765]",24,B0018,170,2019,02019.csv,1.5014219556532926,69,2008-08-03 21:26:49.765,10648868.172,0.7507109778266464
2021,"[2008.0, 8.0, 4.0, 1.0, 48.0, 42.89]",24,B0018,173,2022,02022.csv,1.4963534117486457,70,2008-08-04 01:48:42.890,10664581.297,0.748176705874323
2024,"[2008.0, 8.0, 4.0, 17.0, 8.0, 25.328]",24,B0018,176,2025,02025.csv,1.5334262000312422,71,2008-08-04 17:08:25.328,10719763.735,0.7667131000156211
2026,"[2008.0, 8.0, 4.0, 20.0, 55.0, 13.796]",24,B0018,178,2027,02027.csv,1.523845267514426,72,2008-08-04 20:55:13.796,10733372.203,0.7619226337572129
2028,"[2008.0, 8.0, 5.0, 0.0, 41.0, 24.609]",24,B0018,180,2029,02029.csv,1.501192099426124,73,2008-08-05 00:41:24.609,10746943.016,0.750596049713062
2030,"[2008.0, 8.0, 5.0, 4.0, 27.0, 50.953]",24,B0018,182,2031,02031.csv,1.492417671450291,74,2008-08-05 04:27:50.953,10760529.36,0.7462088357251456
2032,"[2008.0, 8.0, 5.0, 8.0, 23.0, 48.25]",24,B0018,184,2033,02033.csv,1.483323851940123,75,2008-08-05 08:23:48.250,10774686.657,0.7416619259700616
2035,"[2008.0, 8.0, 5.0, 12.0, 50.0, 42.531]",24,B0018,187,2036,02036.csv,1.4807376792294196,76,2008-08-05 12:50:42.531,10790700.938,0.7403688396147098
2037,"[2008.0, 8.0, 5.0, 16.0, 36.0, 12.671]",24,B0018,189,2038,02038.csv,1.4735077809902477,77,2008-08-05 16:36:12.671,10804231.078,0.7367538904951239
2039,"[2008.0, 8.0, 5.0, 20.0, 21.0, 46.906]",24,B0018,191,2040,02040.csv,1.46801928526661,78,2008-08-05 20:21:46.906,10817765.313,0.734009642633305
2041,"[2008.0, 8.0, 6.0, 0.0, 6.0, 53.156]",24,B0018,193,2042,02042.csv,1.458092355711902,79,2008-08-06 00:06:53.156,10831271.563,0.729046177855951
2044,"[2008.0, 8.0, 6.0, 4.0, 27.0, 52.921]",24,B0018,196,2045,02045.csv,1.44786609888914,80,2008-08-06 04:27:52.921,10846931.328,0.72393304944457
2047,"[2008.0, 8.0, 6.0, 8.0, 55.0, 24.593]",24,B0018,199,2048,02048.csv,1.4527808777541982,81,2008-08-06 08:55:24.593,10862983.0,0.726390438877099
2049,"[2008.0, 8.0, 6.0, 12.0, 40.0, 42.031]",24,B0018,201,2050,02050.csv,1.4425356364492432,82,2008-08-06 12:40:42.031,10876500.438,0.7212678182246216
2051,"[2008.0, 8.0, 6.0, 16.0, 25.0, 32.093]",24,B0018,203,2052,02052.csv,1.4392712877203313,83,2008-08-06 16:25:32.093,10889990.5,0.7196356438601658
2053,"[2008.0, 8.0, 6.0, 20.0, 9.0, 11.453]",24,B0018,205,2054,02054.csv,1.4286475681888218,84,2008-08-06 20:09:11.453,10903409.86,0.7143237840944109
2056,"[2008.0, 8.0, 7.0, 0.0, 27.0, 39.046]",24,B0018,208,2057,02057.csv,1.4249026750004896,85,2008-08-07 00:27:39.046,10918917.453,0.7124513375002448
2059,"[2008.0, 8.0, 7.0, 19.0, 5.0, 53.109]",24,B0018,211,2060,02060.csv,1.4698115324524124,86,2008-08-07 19:05:53.109,10986011.516,0.7349057662262062
2061,"[2008.0, 8.0, 7.0, 22.0, 50.0, 51.859]",24,B0018,213,2062,02062.csv,1.4525819651050202,87,2008-08-07 22:50:51.859,10999510.266,0.7262909825525101
2063,"[2008.0, 8.0, 8.0, 2.0, 32.0, 53.25]",24,B0018,215,2064,02064.csv,1.442834198908794,88,2008-08-08 02:32:53.250,11012831.657,0.721417099454397
2065,"[2008.0, 8.0, 8.0, 6.0, 16.0, 47.328]",24,B0018,217,2066,02066.csv,1.428376058807949,89,2008-08-08 06:16:47.328,11026265.735,0.7141880294039745
2067,"[2008.0, 8.0, 8.0, 10.0, 14.0, 50.671]",24,B0018,219,2068,02068.csv,1.4154547844370715,90,2008-08-08 10:14:50.671,11040549.078,0.7077273922185356
2070,"[2008.0, 8.0, 8.0, 20.0, 10.0, 8.812]",24,B0018,222,2071,02071.csv,1.454576670077708,91,2008-08-08 20:10:08.812,11076267.219,0.7272883350388539
2072,"[2008.0, 8.0, 8.0, 23.0, 54.0, 1.812]",24,B0018,224,2073,02073.csv,1.4283179548274056,92,2008-08-08 23:54:01.812,11089700.219,0.7141589774137028
2074,"[2008.0, 8.0, 9.0, 3.0, 37.0, 6.281]",24,B0018,226,2075,02075.csv,1.4197026883204058,93,2008-08-09 03:37:06.281,11103084.688,0.7098513441602029
2076,"[2008.0, 8.0, 9.0, 7.0, 19.0, 59.656]",24,B0018,228,2077,02077.csv,1.4155606630306516,94,2008-08-09 07:19:59.656,11116458.063,0.7077803315153258
2079,"[2008.0, 8.0, 9.0, 11.0, 36.0, 57.875]",24,B0018,231,2080,02080.csv,1.405680035419228,95,2008-08-09 11:36:57.875,11131876.282,0.7028400177096139
2082,"[2008.0, 8.0, 9.0, 15.0, 59.0, 2.406]",24,B0018,234,2083,02083.csv,1.4084461071166137,96,2008-08-09 15:59:02.406,11147600.813,0.7042230535583068
2084,"[2008.0, 8.0, 9.0, 19.0, 41.0, 13.296]",24,B0018,236,2085,02085.csv,1.3968547782872414,97,2008-08-09 19:41:13.296,11160931.703,0.6984273891436207
2086,"[2008.0, 8.0, 9.0, 23.0, 22.0, 0.984]",24,B0018,238,2087,02087.csv,1.3935670371440676,98,2008-08-09 23:22:00.984,11174179.391,0.6967835185720338
2088,"[2008.0, 8.0, 10.0, 3.0, 1.0, 8.859]",24,B0018,240,2089,02089.csv,1.3893644292809475,99,2008-08-10 03:01:08.859,11187327.266,0.6946822146404737
2091,"[2008.0, 8.0, 10.0, 7.0, 19.0, 8.453]",24,B0018,243,2092,02092.csv,1.378565141566671,100,2008-08-10 07:19:08.453,11202806.86,0.6892825707833355
2094,"[2008.0, 8.0, 10.0, 11.0, 39.0, 39.812]",24,B0018,246,2095,02095.csv,1.384901110085747,101,2008-08-10 11:39:39.812,11218438.219,0.6924505550428735
2096,"[2008.0, 8.0, 10.0, 15.0, 21.0, 25.468]",24,B0018,248,2097,02097.csv,1.3703251814242443,102,2008-08-10 15:21:25.468,11231743.875,0.6851625907121222
2098,"[2008.0, 8.0, 10.0, 19.0, 1.0, 7.218]",24,B0018,250,2099,02099.csv,1.3733464385229082,103,2008-08-10 19:01:07.218,11244925.625,0.6866732192614541
2100,"[2008.0, 8.0, 10.0, 22.0, 40.0, 10.453]",24,B0018,252,2101,02101.csv,1.3679487285504814,104,2008-08-10 22:40:10.453,11258068.86,0.6839743642752407
2103,"[2008.0, 8.0, 11.0, 2.0, 53.0, 19.859]",24,B0018,255,2104,02104.csv,1.3567141087089647,105,2008-08-11 02:53:19.859,11273258.266,0.6783570543544823
2106,"[2008.0, 8.0, 14.0, 13.0, 4.0, 49.687]",24,B0018,258,2107,02107.csv,1.4604310209194575,106,2008-08-14 13:04:49.687,11569148.094,0.7302155104597287
2108,"[2008.0, 8.0, 14.0, 16.0, 49.0, 56.812]",24,B0018,260,2109,02109.csv,1.4500998937104097,107,2008-08-14 16:49:56.812,11582655.219,0.7250499468552049
2110,"[2008.0, 8.0, 14.0, 20.0, 29.0, 23.812]",24,B0018,262,2111,02111.csv,1.4381406901824496,108,2008-08-14 20:29:23.812,11595822.219,0.7190703450912248
2112,"[2008.0, 8.0, 15.0, 0.0, 8.0, 59.578]",24,B0018,264,2113,02113.csv,1.4283681980964316,109,2008-08-15 00:08:59.578,11608997.985,0.7141840990482158
2114,"[2008.0, 8.0, 15.0, 3.0, 59.0, 10.796]",24,B0018,266,2115,02115.csv,1.4147874517552432,110,2008-08-15 03:59:10.796,11622809.203,0.7073937258776216
2117,"[2008.0, 8.0, 15.0, 8.0, 19.0, 52.703]",24,B0018,269,2118,02118.csv,1.413889163393182,111,2008-08-15 08:19:52.703,11638451.11,0.706944581696591
2119,"[2008.0, 8.0, 15.0, 12.0, 0.0, 3.39]",24,B0018,271,2120,02120.csv,1.3989331662177225,112,2008-08-15 12:00:03.390,11651661.797,0.6994665831088612
2121,"[2008.0, 8.0, 15.0, 15.0, 37.0, 16.687]",24,B0018,273,2122,02122.csv,1.3953322584033976,113,2008-08-15 15:37:16.687,11664695.094,0.6976661292016988
2123,"[2008.0, 8.0, 15.0, 19.0, 13.0, 34.203]",24,B0018,275,2124,02124.csv,1.390046129540245,114,2008-08-15 19:13:34.203,11677672.61,0.6950230647701225
2126,"[2008.0, 8.0, 15.0, 23.0, 27.0, 4.375]",24,B0018,278,2127,02127.csv,1.3860271454209647,115,2008-08-15 23:27:04.375,11692882.782,0.6930135727104824
2129,"[2008.0, 8.0, 16.0, 3.0, 52.0, 55.64]",24,B0018,281,2130,02130.csv,1.388215260193751,116,2008-08-16 03:52:55.640,11708834.047,0.6941076300968754
2131,"[2008.0, 8.0, 16.0, 7.0, 37.0, 37.796]",24,B0018,283,2132,02132.csv,1.3761826562394497,117,2008-08-16 07:37:37.796,11722316.203,0.6880913281197248
2133,"[2008.0, 8.0, 16.0, 11.0, 21.0, 22.14]",24,B0018,285,2134,02134.csv,1.3647168898640163,118,2008-08-16 11:21:22.140,11735740.547,0.6823584449320081
2135,"[2008.0, 8.0, 16.0, 15.0, 2.0, 56.64]",24,B0018,287,2136,02136.csv,1.3589854739373584,119,2008-08-16 15:02:56.640,11749035.047,0.6794927369686792
2138,"[2008.0, 8.0, 16.0, 19.0, 15.0, 49.609]",24,B0018,290,2139,02139.csv,1.34623087640088,120,2008-08-16 19:15:49.609,11764208.016,0.67311543820044
2141,"[2008.0, 8.0, 18.0, 14.0, 27.0, 16.015]",24,B0018,293,2142,02142.csv,1.4268427818454643,121,2008-08-18 14:27:16.015,11919694.422,0.7134213909227322
2143,"[2008.0, 8.0, 18.0, 18.0, 8.0, 54.125]",24,B0018,295,2144,02144.csv,1.4064481483279665,122,2008-08-18 18:08:54.125,11932992.532,0.7032240741639832
2145,"[2008.0, 8.0, 18.0, 21.0, 48.0, 48.484]",24,B0018,297,2146,02146.csv,1.3934907492075153,123,2008-08-18 21:48:48.484,11946186.891,0.6967453746037576
2147,"[2008.0, 8.0, 19.0, 1.0, 25.0, 43.656]",24,B0018,299,2148,02148.csv,1.3882493512249316,124,2008-08-19 01:25:43.656,11959202.063,0.6941246756124658
2149,"[2008.0, 8.0, 19.0, 5.0, 17.0, 5.812]",24,B0018,301,2150,02150.csv,1.3701878338420928,125,2008-08-19 05:17:05.812,11973084.219,0.6850939169210464
2152,"[2008.0, 8.0, 19.0, 9.0, 39.0, 42.5]",24,B0018,304,2153,02153.csv,1.379695166560862,126,2008-08-19 09:39:42.500,11988840.907,0.6898475832804309
2154,"[2008.0, 8.0, 19.0, 13.0, 17.0, 33.984]",24,B0018,306,2155,02155.csv,1.3686586323935683,127,2008-08-19 13:17:33.984,12001912.391,0.6843293161967842
2156,"[2008.0, 8.0, 19.0, 16.0, 54.0, 51.734]",24,B0018,308,2157,02157.csv,1.3627371779096438,128,2008-08-19 16:54:51.734,12014950.141,0.6813685889548219
2158,"[2008.0, 8.0, 19.0, 20.0, 32.0, 20.468]",24,B0018,310,2159,02159.csv,1.3634051133928071,129,2008-08-19 20:32:20.468,12027998.875,0.6817025566964036
2161,"[2008.0, 8.0, 20.0, 0.0, 43.0, 5.406]",24,B0018,313,2162,02162.csv,1.3518646035305233,130,2008-08-20 00:43:05.406,12043043.813,0.6759323017652616
2164,"[2008.0, 8.0, 20.0, 5.0, 2.0, 0.296]",24,B0018,316,2165,02165.csv,1.3547969729652622,131,2008-08-20 05:02:00.296,12058578.703,0.677398486482631
2166,"[2008.0, 8.0, 20.0, 8.0, 37.0, 19.515]",24,B0018,318,2167,02167.csv,1.341051440640485,132,2008-08-20 08:37:19.515,12071497.922,0.6705257203202425
2170,"[2009.0, 2.0, 13.0, 23.0, 12.0, 28.078]",24,B0025,3,2171,02171.csv,1.847011162956716,1,2009-02-13 23:12:28.078,27416806.485,0.9235055814783579
2172,"[2009.0, 2.0, 14.0, 4.0, 3.0, 34.578]",24,B0025,5,2173,02173.csv,1.8485654344528384,2,2009-02-14 04:03:34.578,27434272.985,0.9242827172264192
2174,"[2009.0, 2.0, 14.0, 8.0, 54.0, 41.468]",24,B0025,7,2175,02175.csv,1.847111177186175,3,2009-02-14 08:54:41.468,27451739.875,0.9235555885930876
2176,"[2009.0, 2.0, 14.0, 13.0, 45.0, 23.546]",24,B0025,9,2177,02177.csv,1.8489837601535537,4,2009-02-14 13:45:23.546,27469181.953,0.9244918800767767
2178,"[2009.0, 2.0, 14.0, 18.0, 35.0, 40.671]",24,B0025,11,2179,02179.csv,1.837012071856044,5,2009-02-14 18:35:40.671,27486599.078,0.918506035928022
2182,"[2009.0, 2.0, 18.0, 10.0, 48.0, 58.156]",24,B0025,15,2183,02183.csv,1.817549211247137,6,2009-02-18 10:48:58.156,27804196.563,0.9087746056235685
2186,"[2009.0, 2.0, 18.0, 16.0, 49.0, 7.39]",24,B0025,19,2187,02187.csv,1.839863822522073,7,2009-02-18 16:49:07.390,27825805.797,0.9199319112610364
2189,"[2009.0, 2.0, 19.0, 0.0, 52.0, 49.687]",24,B0025,22,2190,02190.csv,1.8430595619731431,8,2009-02-19 00:52:49.687,27854828.094,0.9215297809865716
2191,"[2009.0, 2.0, 19.0, 5.0, 38.0, 57.14]",24,B0025,24,2192,02192.csv,1.8401871729536057,9,2009-02-19 05:38:57.140,27871995.547,0.9200935864768028
2193,"[2009.0, 2.0, 19.0, 10.0, 25.0, 15.218]",24,B0025,26,2194,02194.csv,1.8281265632888253,10,2009-02-19 10:25:15.218,27889173.625,0.9140632816444126
2197,"[2009.0, 2.0, 20.0, 9.0, 44.0, 26.828]",24,B0025,30,2198,02198.csv,1.8253563336445804,11,2009-02-20 09:44:26.828,27973125.235,0.9126781668222904
2201,"[2009.0, 2.0, 20.0, 15.0, 43.0, 26.14]",24,B0025,34,2202,02202.csv,1.821418055262616,12,2009-02-20 15:43:26.140,27994664.547,0.910709027631308
2203,"[2009.0, 2.0, 20.0, 20.0, 27.0, 0.812]",24,B0025,36,2204,02204.csv,1.830315627968932,13,2009-02-20 20:27:00.812,28011679.219,0.915157813984466
2205,"[2009.0, 2.0, 21.0, 1.0, 12.0, 57.984]",24,B0025,38,2206,02206.csv,1.8175491643824844,14,2009-02-21 01:12:57.984,28028836.391,0.9087745821912422
2207,"[2009.0, 2.0, 21.0, 5.0, 57.0, 5.062]",24,B0025,40,2208,02208.csv,1.810901200296979,15,2009-02-21 05:57:05.062,28045883.469,0.9054506001484895
2209,"[2009.0, 2.0, 21.0, 10.0, 42.0, 44.125]",24,B0025,42,2210,02210.csv,1.808303260308424,16,2009-02-21 10:42:44.125,28063022.532,0.904151630154212
2213,"[2009.0, 3.0, 2.0, 16.0, 30.0, 34.015]",24,B0025,46,2214,02214.csv,1.7928016149381063,17,2009-03-02 16:30:34.015,28861492.422,0.8964008074690532
2217,"[2009.0, 3.0, 2.0, 22.0, 19.0, 45.593]",24,B0025,50,2218,02218.csv,1.812563150045885,18,2009-03-02 22:19:45.593,28882444.0,0.9062815750229425
2219,"[2009.0, 3.0, 3.0, 2.0, 59.0, 39.453]",24,B0025,52,2220,02220.csv,1.807772607491239,19,2009-03-03 02:59:39.453,28899237.86,0.9038863037456195
2221,"[2009.0, 3.0, 3.0, 7.0, 39.0, 7.296]",24,B0025,54,2222,02222.csv,1.8048055175003967,20,2009-03-03 07:39:07.296,28916005.703,0.9024027587501984
2223,"[2009.0, 3.0, 3.0, 12.0, 18.0, 51.281]",24,B0025,56,2224,02224.csv,1.800538555899242,21,2009-03-03 12:18:51.281,28932789.688,0.9002692779496209
2225,"[2009.0, 3.0, 3.0, 16.0, 58.0, 46.625]",24,B0025,58,2226,02226.csv,1.7942356098033032,22,2009-03-03 16:58:46.625,28949585.032,0.8971178049016515
2232,"[2009.0, 3.0, 5.0, 18.0, 40.0, 18.984]",24,B0025,65,2233,02233.csv,1.807409052434889,23,2009-03-05 18:40:18.984,29128477.391,0.9037045262174443
2234,"[2009.0, 3.0, 5.0, 23.0, 20.0, 1.14]",24,B0025,67,2235,02235.csv,1.7902504816962077,24,2009-03-05 23:20:01.140,29145259.547,0.8951252408481039
2236,"[2009.0, 3.0, 6.0, 4.0, 0.0, 25.046]",24,B0025,69,2237,02237.csv,1.7961223845359495,25,2009-03-06 04:00:25.046,29162083.453,0.8980611922679748
2238,"[2009.0, 3.0, 6.0, 8.0, 39.0, 37.156]",24,B0025,71,2239,02239.csv,1.7912236690350776,26,2009-03-06 08:39:37.156,29178835.563,0.8956118345175388
2240,"[2009.0, 3.0, 6.0, 13.0, 20.0, 49.203]",24,B0025,73,2241,02241.csv,1.7854822365303245,27,2009-03-06 13:20:49.203,29195707.61,0.8927411182651622
2244,"[2009.0, 3.0, 19.0, 10.0, 34.0, 54.078]",24,B0025,77,2245,02245.csv,1.7677890780323615,28,2009-03-19 10:34:54.078,30308952.485,0.8838945390161809
2250,"[2009.0, 2.0, 13.0, 23.0, 12.0, 28.078]",24,B0026,3,2251,02251.csv,1.8132504303869896,1,2009-02-13 23:12:28.078,27416806.485,0.9066252151934948
2252,"[2009.0, 2.0, 14.0, 4.0, 3.0, 34.578]",24,B0026,5,2253,02253.csv,1.8149760087078304,2,2009-02-14 04:03:34.578,27434272.985,0.9074880043539152
2254,"[2009.0, 2.0, 14.0, 8.0, 54.0, 41.468]",24,B0026,7,2255,02255.csv,1.8135354175561995,3,2009-02-14 08:54:41.468,27451739.875,0.9067677087780995
2256,"[2009.0, 2.0, 14.0, 13.0, 45.0, 23.546]",24,B0026,9,2257,02257.csv,1.815149273310334,4,2009-02-14 13:45:23.546,27469181.953,0.9075746366551669
2258,"[2009.0, 2.0, 14.0, 18.0, 35.0, 40.671]",24,B0026,11,2259,02259.csv,1.81429130140682,5,2009-02-14 18:35:40.671,27486599.078,0.9071456507034099
2262,"[2009.0, 2.0, 18.0, 10.0, 48.0, 58.156]",24,B0026,15,2263,02263.csv,1.3863373424430123,6,2009-02-18 10:48:58.156,27804196.563,0.6931686712215062
2266,"[2009.0, 2.0, 18.0, 16.0, 49.0, 7.39]",24,B0026,19,2267,02267.csv,1.8165277958816064,7,2009-02-18 16:49:07.390,27825805.797,0.9082638979408031
2269,"[2009.0, 2.0, 19.0, 0.0, 52.0, 49.687]",24,B0026,22,2270,02270.csv,1.8085638576011065,8,2009-02-19 00:52:49.687,27854828.094,0.9042819288005532
2271,"[2009.0, 2.0, 19.0, 5.0, 38.0, 57.14]",24,B0026,24,2272,02272.csv,1.804936077644182,9,2009-02-19 05:38:57.140,27871995.547,0.9024680388220913
2273,"[2009.0, 2.0, 19.0, 10.0, 25.0, 15.218]",24,B0026,26,2274,02274.csv,1.8049315924982108,10,2009-02-19 10:25:15.218,27889173.625,0.9024657962491054
2277,"[2009.0, 2.0, 20.0, 9.0, 44.0, 26.828]",24,B0026,30,2278,02278.csv,1.717679232699393,11,2009-02-20 09:44:26.828,27973125.235,0.8588396163496965
2281,"[2009.0, 2.0, 20.0, 15.0, 43.0, 26.14]",24,B0026,34,2282,02282.csv,1.809804813280106,12,2009-02-20 15:43:26.140,27994664.547,0.904902406640053
2283,"[2009.0, 2.0, 20.0, 20.0, 27.0, 0.812]",24,B0026,36,2284,02284.csv,1.806556213274488,13,2009-02-20 20:27:00.812,28011679.219,0.9032781066372441
2285,"[2009.0, 2.0, 21.0, 1.0, 12.0, 57.984]",24,B0026,38,2286,02286.csv,1.7938155707698509,14,2009-02-21 01:12:57.984,28028836.391,0.8969077853849253
2287,"[2009.0, 2.0, 21.0, 5.0, 57.0, 5.062]",24,B0026,40,2288,02288.csv,1.799304949381792,15,2009-02-21 05:57:05.062,28045883.469,0.899652474690896
2289,"[2009.0, 2.0, 21.0, 10.0, 42.0, 44.125]",24,B0026,42,2290,02290.csv,1.7842197448470132,16,2009-02-21 10:42:44.125,28063022.532,0.8921098724235066
2293,"[2009.0, 3.0, 2.0, 16.0, 30.0, 34.015]",24,B0026,46,2294,02294.csv,1.6818819918515189,17,2009-03-02 16:30:34.015,28861492.422,0.8409409959257594
2297,"[2009.0, 3.0, 2.0, 22.0, 19.0, 45.593]",24,B0026,50,2298,02298.csv,1.8007519383961936,18,2009-03-02 22:19:45.593,28882444.0,0.9003759691980968
2299,"[2009.0, 3.0, 3.0, 2.0, 59.0, 39.453]",24,B0026,52,2300,02300.csv,1.795972684272296,19,2009-03-03 02:59:39.453,28899237.86,0.897986342136148
2301,"[2009.0, 3.0, 3.0, 7.0, 39.0, 7.296]",24,B0026,54,2302,02302.csv,1.7931026940553298,20,2009-03-03 07:39:07.296,28916005.703,0.8965513470276649
2303,"[2009.0, 3.0, 3.0, 12.0, 18.0, 51.281]",24,B0026,56,2304,02304.csv,1.8010267542068712,21,2009-03-03 12:18:51.281,28932789.688,0.9005133771034356
2305,"[2009.0, 3.0, 3.0, 16.0, 58.0, 46.625]",24,B0026,58,2306,02306.csv,1.7824572301269948,22,2009-03-03 16:58:46.625,28949585.032,0.8912286150634974
2312,"[2009.0, 3.0, 5.0, 18.0, 40.0, 18.984]",24,B0026,65,2313,02313.csv,1.7959303030608789,23,2009-03-05 18:40:18.984,29128477.391,0.8979651515304394
2314,"[2009.0, 3.0, 5.0, 23.0, 20.0, 1.14]",24,B0026,67,2315,02315.csv,1.7783142127341005,24,2009-03-05 23:20:01.140,29145259.547,0.8891571063670503
2316,"[2009.0, 3.0, 6.0, 4.0, 0.0, 25.046]",24,B0026,69,2317,02317.csv,1.771719092984802,25,2009-03-06 04:00:25.046,29162083.453,0.885859546492401
2318,"[2009.0, 3.0, 6.0, 8.0, 39.0, 37.156]",24,B0026,71,2319,02319.csv,1.7790749489536772,26,2009-03-06 08:39:37.156,29178835.563,0.8895374744768386
2320,"[2009.0, 3.0, 6.0, 13.0, 20.0, 49.203]",24,B0026,73,2321,02321.csv,1.7733229782464677,27,2009-03-06 13:20:49.203,29195707.61,0.8866614891232338
2324,"[2009.0, 3.0, 19.0, 10.0, 34.0, 54.078]",24,B0026,77,2325,02325.csv,1.768754111010884,28,2009-03-19 10:34:54.078,30308952.485,0.884377055505442
2330,"[2009.0, 2.0, 13.0, 23.0, 12.0, 28.078]",24,B0027,3,2331,02331.csv,1.8233077742149364,1,2009-02-13 23:12:28.078,27416806.485,0.9116538871074684
2332,"[2009.0, 2.0, 14.0, 4.0, 3.0, 34.578]",24,B0027,5,2333,02333.csv,1.814238465116796,2,2009-02-14 04:03:34.578,27434272.985,0.9071192325583981
2334,"[2009.0, 2.0, 14.0, 8.0, 54.0, 41.468]",24,B0027,7,2335,02335.csv,1.812859679313087,3,2009-02-14 08:54:41.468,27451739.875,0.9064298396565433
2336,"[2009.0, 2.0, 14.0, 13.0, 45.0, 23.546]",24,B0027,9,2337,02337.csv,1.814424244673997,4,2009-02-14 13:45:23.546,27469181.953,0.9072121223369985
2338,"[2009.0, 2.0, 14.0, 18.0, 35.0, 40.671]",24,B0027,11,2339,02339.csv,1.812800333853042,5,2009-02-14 18:35:40.671,27486599.078,0.9064001669265209
2342,"[2009.0, 2.0, 18.0, 10.0, 48.0, 58.156]",24,B0027,15,2343,02343.csv,1.7946038703195293,6,2009-02-18 10:48:58.156,27804196.563,0.8973019351597646
2346,"[2009.0, 2.0, 18.0, 16.0, 49.0, 7.39]",24,B0027,19,2347,02347.csv,1.816519171293833,7,2009-02-18 16:49:07.390,27825805.797,0.9082595856469164
2349,"[2009.0, 2.0, 19.0, 0.0, 52.0, 49.687]",24,B0027,22,2350,02350.csv,1.819833556519024,8,2009-02-19 00:52:49.687,27854828.094,0.909916778259512
2351,"[2009.0, 2.0, 19.0, 5.0, 38.0, 57.14]",24,B0027,24,2352,02352.csv,1.816980986440728,9,2009-02-19 05:38:57.140,27871995.547,0.9084904932203639
2353,"[2009.0, 2.0, 19.0, 10.0, 25.0, 15.218]",24,B0027,26,2354,02354.csv,1.8047602710768988,10,2009-02-19 10:25:15.218,27889173.625,0.9023801355384493
2357,"[2009.0, 2.0, 20.0, 9.0, 44.0, 26.828]",24,B0027,30,2358,02358.csv,1.802177888140868,11,2009-02-20 09:44:26.828,27973125.235,0.9010889440704339
2361,"[2009.0, 2.0, 20.0, 15.0, 43.0, 26.14]",24,B0027,34,2362,02362.csv,1.810054375611175,12,2009-02-20 15:43:26.140,27994664.547,0.9050271878055877
2363,"[2009.0, 2.0, 20.0, 20.0, 27.0, 0.812]",24,B0027,36,2364,02364.csv,1.8191618703574552,13,2009-02-20 20:27:00.812,28011679.219,0.9095809351787275
2365,"[2009.0, 2.0, 21.0, 1.0, 12.0, 57.984]",24,B0027,38,2366,02366.csv,1.806344581230731,14,2009-02-21 01:12:57.984,28028836.391,0.9031722906153656
2367,"[2009.0, 2.0, 21.0, 5.0, 57.0, 5.062]",24,B0027,40,2368,02368.csv,1.8120006378747944,15,2009-02-21 05:57:05.062,28045883.469,0.9060003189373973
2369,"[2009.0, 2.0, 21.0, 10.0, 42.0, 44.125]",24,B0027,42,2370,02370.csv,1.809238569578753,16,2009-02-21 10:42:44.125,28063022.532,0.9046192847893764
2373,"[2009.0, 3.0, 2.0, 16.0, 30.0, 34.015]",24,B0027,46,2374,02374.csv,1.7820717716005336,17,2009-03-02 16:30:34.015,28861492.422,0.8910358858002668
2377,"[2009.0, 3.0, 2.0, 22.0, 19.0, 45.593]",24,B0027,50,2378,02378.csv,1.8145504562341048,18,2009-03-02 22:19:45.593,28882444.0,0.9072752281170524
2379,"[2009.0, 3.0, 3.0, 2.0, 59.0, 39.453]",24,B0027,52,2380,02380.csv,1.809153485164282,19,2009-03-03 02:59:39.453,28899237.86,0.9045767425821409
2381,"[2009.0, 3.0, 3.0, 7.0, 39.0, 7.296]",24,B0027,54,2382,02382.csv,1.806555150809371,20,2009-03-03 07:39:07.296,28916005.703,0.9032775754046853
2383,"[2009.0, 3.0, 3.0, 12.0, 18.0, 51.281]",24,B0027,56,2384,02384.csv,1.802401655959492,21,2009-03-03 12:18:51.281,28932789.688,0.901200827979746
2385,"[2009.0, 3.0, 3.0, 16.0, 58.0, 46.625]",24,B0027,58,2386,02386.csv,1.7964331683322998,22,2009-03-03 16:58:46.625,28949585.032,0.8982165841661499
2392,"[2009.0, 3.0, 5.0, 18.0, 40.0, 18.984]",24,B0027,65,2393,02393.csv,1.8088036930508289,23,2009-03-05 18:40:18.984,29128477.391,0.9044018465254144
2394,"[2009.0, 3.0, 5.0, 23.0, 20.0, 1.14]",24,B0027,67,2395,02395.csv,1.7915527748749651,24,2009-03-05 23:20:01.140,29145259.547,0.8957763874374826
2396,"[2009.0, 3.0, 6.0, 4.0, 0.0, 25.046]",24,B0027,69,2397,02397.csv,1.7853375192239571,25,2009-03-06 04:00:25.046,29162083.453,0.8926687596119786
2398,"[2009.0, 3.0, 6.0, 8.0, 39.0, 37.156]",24,B0027,71,2399,02399.csv,1.793209210325309,26,2009-03-06 08:39:37.156,29178835.563,0.8966046051626545
2400,"[2009.0, 3.0, 6.0, 13.0, 20.0, 49.203]",24,B0027,73,2401,02401.csv,1.7873097711102113,27,2009-03-06 13:20:49.203,29195707.61,0.8936548855551056
2404,"[2009.0, 3.0, 19.0, 10.0, 34.0, 54.078]",24,B0027,77,2405,02405.csv,1.7700926253324452,28,2009-03-19 10:34:54.078,30308952.485,0.8850463126662226
2410,"[2009.0, 2.0, 13.0, 23.0, 12.0, 28.078]",24,B0028,3,2411,02411.csv,1.8046847720100736,1,2009-02-13 23:12:28.078,27416806.485,0.9023423860050367
2412,"[2009.0, 2.0, 14.0, 4.0, 3.0, 34.578]",24,B0028,5,2413,02413.csv,1.804783321452588,2,2009-02-14 04:03:34.578,27434272.985,0.9023916607262941
2414,"[2009.0, 2.0, 14.0, 8.0, 54.0, 41.468]",24,B0028,7,2415,02415.csv,1.797618668222458,3,2009-02-14 08:54:41.468,27451739.875,0.898809334111229
2416,"[2009.0, 2.0, 14.0, 13.0, 45.0, 23.546]",24,B0028,9,2417,02417.csv,1.7929913687761174,4,2009-02-14 13:45:23.546,27469181.953,0.8964956843880587
2418,"[2009.0, 2.0, 14.0, 18.0, 35.0, 40.671]",24,B0028,11,2419,02419.csv,1.7919180081592216,5,2009-02-14 18:35:40.671,27486599.078,0.8959590040796108
2422,"[2009.0, 2.0, 18.0, 10.0, 48.0, 58.156]",24,B0028,15,2423,02423.csv,1.775026135903797,6,2009-02-18 10:48:58.156,27804196.563,0.8875130679518987
2426,"[2009.0, 2.0, 18.0, 16.0, 49.0, 7.39]",24,B0028,19,2427,02427.csv,1.7920487852223417,7,2009-02-18 16:49:07.390,27825805.797,0.8960243926111708
2429,"[2009.0, 2.0, 19.0, 0.0, 52.0, 49.687]",24,B0028,22,2430,02430.csv,1.790475801581265,8,2009-02-19 00:52:49.687,27854828.094,0.8952379007906325
2431,"[2009.0, 2.0, 19.0, 5.0, 38.0, 57.14]",24,B0028,24,2432,02432.csv,1.7868365091987264,9,2009-02-19 05:38:57.140,27871995.547,0.8934182545993632
2433,"[2009.0, 2.0, 19.0, 10.0, 25.0, 15.218]",24,B0028,26,2434,02434.csv,1.7871529619962183,10,2009-02-19 10:25:15.218,27889173.625,0.8935764809981092
2437,"[2009.0, 2.0, 20.0, 9.0, 44.0, 26.828]",24,B0028,30,2438,02438.csv,1.7816340617009505,11,2009-02-20 09:44:26.828,27973125.235,0.8908170308504753
2441,"[2009.0, 2.0, 20.0, 15.0, 43.0, 26.14]",24,B0028,34,2442,02442.csv,1.7850235136604733,12,2009-02-20 15:43:26.140,27994664.547,0.8925117568302366
2443,"[2009.0, 2.0, 20.0, 20.0, 27.0, 0.812]",24,B0028,36,2444,02444.csv,1.7803865429693038,13,2009-02-20 20:27:00.812,28011679.219,0.890193271484652
2445,"[2009.0, 2.0, 21.0, 1.0, 12.0, 57.984]",24,B0028,38,2446,02446.csv,1.7789060856417256,14,2009-02-21 01:12:57.984,28028836.391,0.8894530428208628
2447,"[2009.0, 2.0, 21.0, 5.0, 57.0, 5.062]",24,B0028,40,2448,02448.csv,1.7738387518973049,15,2009-02-21 05:57:05.062,28045883.469,0.8869193759486523
2449,"[2009.0, 2.0, 21.0, 10.0, 42.0, 44.125]",24,B0028,42,2450,02450.csv,1.769682881523146,16,2009-02-21 10:42:44.125,28063022.532,0.8848414407615731
2453,"[2009.0, 3.0, 2.0, 16.0, 30.0, 34.015]",24,B0028,46,2454,02454.csv,1.7408787283206992,17,2009-03-02 16:30:34.015,28861492.422,0.8704393641603496
2457,"[2009.0, 3.0, 2.0, 22.0, 19.0, 45.593]",24,B0028,50,2458,02458.csv,1.7648189744011906,18,2009-03-02 22:19:45.593,28882444.0,0.8824094872005953
2459,"[2009.0, 3.0, 3.0, 2.0, 59.0, 39.453]",24,B0028,52,2460,02460.csv,1.7617857390844025,19,2009-03-03 02:59:39.453,28899237.86,0.8808928695422013
2461,"[2009.0, 3.0, 3.0, 7.0, 39.0, 7.296]",24,B0028,54,2462,02462.csv,1.75770610357021,20,2009-03-03 07:39:07.296,28916005.703,0.878853051785105
2463,"[2009.0, 3.0, 3.0, 12.0, 18.0, 51.281]",24,B0028,56,2464,02464.csv,1.7519375960601256,21,2009-03-03 12:18:51.281,28932789.688,0.8759687980300628
2465,"[2009.0, 3.0, 3.0, 16.0, 58.0, 46.625]",24,B0028,58,2466,02466.csv,1.7521244035832175,22,2009-03-03 16:58:46.625,28949585.032,0.8760622017916088
2472,"[2009.0, 3.0, 5.0, 18.0, 40.0, 18.984]",24,B0028,65,2473,02473.csv,1.759771413398964,23,2009-03-05 18:40:18.984,29128477.391,0.8798857066994821
2474,"[2009.0, 3.0, 5.0, 23.0, 20.0, 1.14]",24,B0028,67,2475,02475.csv,1.7483011320324189,24,2009-03-05 23:20:01.140,29145259.547,0.8741505660162094
2476,"[2009.0, 3.0, 6.0, 4.0, 0.0, 25.046]",24,B0028,69,2477,02477.csv,1.7411482627836237,25,2009-03-06 04:00:25.046,29162083.453,0.8705741313918118
2478,"[2009.0, 3.0, 6.0, 8.0, 39.0, 37.156]",24,B0028,71,2479,02479.csv,1.7363833316311177,26,2009-03-06 08:39:37.156,29178835.563,0.868191665815559
2480,"[2009.0, 3.0, 6.0, 13.0, 20.0, 49.203]",24,B0028,73,2481,02481.csv,1.736559066269527,27,2009-03-06 13:20:49.203,29195707.61,0.8682795331347635
2484,"[2009.0, 3.0, 19.0, 10.0, 34.0, 54.078]",24,B0028,77,2485,02485.csv,1.7172335652295243,28,2009-03-19 10:34:54.078,30308952.485,0.8586167826147622
2488,"[2009.0, 4.0, 7.0, 16.0, 31.0, 1.89]",43,B0029,1,2489,02489.csv,1.697507332205763,1,2009-04-07 16:31:01.890,31971920.297,0.8487536661028815
2490,"[2009.0, 4.0, 7.0, 19.0, 44.0, 26.578]",43,B0029,3,2491,02491.csv,1.844701206961174,2,2009-04-07 19:44:26.578,31983524.985,0.922350603480587
2492,"[2009.0, 4.0, 7.0, 22.0, 58.0, 18.0]",43,B0029,5,2493,02493.csv,1.8254376674722927,3,2009-04-07 22:58:18.000,31995156.407,0.9127188337361464
2494,"[2009.0, 4.0, 8.0, 2.0, 11.0, 30.218]",43,B0029,7,2495,02495.csv,1.815750429913437,4,2009-04-08 02:11:30.218,32006748.625,0.9078752149567184
2496,"[2009.0, 4.0, 8.0, 5.0, 23.0, 26.343]",43,B0029,9,2497,02497.csv,1.8132993337127028,5,2009-04-08 05:23:26.343,32018264.75,0.9066496668563514
2500,"[2009.0, 4.0, 9.0, 10.0, 24.0, 58.296]",43,B0029,13,2501,02501.csv,1.8151647619660576,6,2009-04-09 10:24:58.296,32122756.703,0.9075823809830288
2502,"[2009.0, 4.0, 9.0, 13.0, 33.0, 59.843]",43,B0029,15,2503,02503.csv,1.8143317955190057,7,2009-04-09 13:33:59.843,32134098.25,0.9071658977595028
2504,"[2009.0, 4.0, 9.0, 16.0, 42.0, 43.421]",43,B0029,17,2505,02505.csv,1.801343601809866,8,2009-04-09 16:42:43.421,32145421.828,0.900671800904933
2506,"[2009.0, 4.0, 9.0, 19.0, 50.0, 50.062]",43,B0029,19,2507,02507.csv,1.7881558802945825,9,2009-04-09 19:50:50.062,32156708.469,0.8940779401472913
2508,"[2009.0, 4.0, 9.0, 22.0, 58.0, 17.875]",43,B0029,21,2509,02509.csv,1.7760714604539518,10,2009-04-09 22:58:17.875,32167956.282,0.8880357302269759
2512,"[2009.0, 4.0, 10.0, 12.0, 49.0, 4.718]",43,B0029,25,2513,02513.csv,1.7852807447597443,11,2009-04-10 12:49:04.718,32217803.125,0.8926403723798721
2514,"[2009.0, 4.0, 10.0, 15.0, 54.0, 20.093]",43,B0029,27,2515,02515.csv,1.7698116401111978,12,2009-04-10 15:54:20.093,32228918.5,0.8849058200555988
2516,"[2009.0, 4.0, 10.0, 18.0, 59.0, 6.625]",43,B0029,29,2517,02517.csv,1.7565231680521758,13,2009-04-10 18:59:06.625,32240005.032,0.8782615840260878
2518,"[2009.0, 4.0, 10.0, 22.0, 3.0, 26.625]",43,B0029,31,2519,02519.csv,1.7543413277348154,14,2009-04-10 22:03:26.625,32251065.032,0.8771706638674077
2520,"[2009.0, 4.0, 11.0, 1.0, 8.0, 27.484]",43,B0029,33,2521,02521.csv,1.7392875506998715,15,2009-04-11 01:08:27.484,32262165.891,0.8696437753499358
2524,"[2009.0, 4.0, 13.0, 9.0, 51.0, 27.484]",43,B0029,37,2525,02525.csv,1.7797845109331345,16,2009-04-13 09:51:27.484,32466345.891,0.8898922554665673
2526,"[2009.0, 4.0, 13.0, 12.0, 55.0, 24.468]",43,B0029,39,2527,02527.csv,1.7657088508465202,17,2009-04-13 12:55:24.468,32477382.875,0.8828544254232601
2528,"[2009.0, 4.0, 13.0, 15.0, 59.0, 56.875]",43,B0029,41,2529,02529.csv,1.7523941408724169,18,2009-04-13 15:59:56.875,32488455.282,0.8761970704362085
2530,"[2009.0, 4.0, 13.0, 19.0, 4.0, 39.468]",43,B0029,43,2531,02531.csv,1.7380191225603103,19,2009-04-13 19:04:39.468,32499537.875,0.8690095612801553
2532,"[2009.0, 4.0, 13.0, 22.0, 9.0, 45.531]",43,B0029,45,2533,02533.csv,1.7312214443143976,20,2009-04-13 22:09:45.531,32510643.938,0.8656107221571987
2536,"[2009.0, 4.0, 14.0, 10.0, 33.0, 23.937]",43,B0029,49,2537,02537.csv,1.7379128985265808,21,2009-04-14 10:33:23.937,32555262.344,0.8689564492632904
2538,"[2009.0, 4.0, 14.0, 13.0, 36.0, 17.437]",43,B0029,51,2539,02539.csv,1.7224270683625882,22,2009-04-14 13:36:17.437,32566235.844,0.8612135341812942
2540,"[2009.0, 4.0, 14.0, 16.0, 39.0, 25.031]",43,B0029,53,2541,02541.csv,1.7184213765608034,23,2009-04-14 16:39:25.031,32577223.438,0.8592106882804018
2542,"[2009.0, 4.0, 14.0, 19.0, 42.0, 47.234]",43,B0029,55,2543,02543.csv,1.7010220930648232,24,2009-04-14 19:42:47.234,32588225.641,0.8505110465324115
2544,"[2009.0, 4.0, 14.0, 22.0, 45.0, 53.781]",43,B0029,57,2545,02545.csv,1.693698739563104,25,2009-04-14 22:45:53.781,32599212.188,0.8468493697815521
2548,"[2009.0, 4.0, 15.0, 14.0, 58.0, 30.25]",43,B0029,61,2549,02549.csv,1.713072721286705,26,2009-04-15 14:58:30.250,32657568.657,0.8565363606433525
2550,"[2009.0, 4.0, 15.0, 18.0, 1.0, 43.843]",43,B0029,63,2551,02551.csv,1.6976972688567131,27,2009-04-15 18:01:43.843,32668562.25,0.8488486344283566
2552,"[2009.0, 4.0, 15.0, 21.0, 2.0, 58.328]",43,B0029,65,2553,02553.csv,1.6899314034061208,28,2009-04-15 21:02:58.328,32679436.735,0.8449657017030604
2554,"[2009.0, 4.0, 16.0, 0.0, 5.0, 0.812]",43,B0029,67,2555,02555.csv,1.685023551367069,29,2009-04-16 00:05:00.812,32690359.219,0.8425117756835345
2556,"[2009.0, 4.0, 16.0, 3.0, 6.0, 43.062]",43,B0029,69,2557,02557.csv,1.678389965463405,30,2009-04-16 03:06:43.062,32701261.469,0.8391949827317025
2560,"[2009.0, 4.0, 16.0, 10.0, 13.0, 36.39]",43,B0029,73,2561,02561.csv,1.6737947494868326,31,2009-04-16 10:13:36.390,32726874.797,0.8368973747434163
2562,"[2009.0, 4.0, 16.0, 13.0, 14.0, 46.296]",43,B0029,75,2563,02563.csv,1.6687898927884717,32,2009-04-16 13:14:46.296,32737744.703,0.8343949463942358
2564,"[2009.0, 4.0, 16.0, 16.0, 16.0, 19.734]",43,B0029,77,2565,02565.csv,1.6492566306631429,33,2009-04-16 16:16:19.734,32748638.141,0.8246283153315714
2566,"[2009.0, 4.0, 16.0, 19.0, 17.0, 26.531]",43,B0029,79,2567,02567.csv,1.6409676757039668,34,2009-04-16 19:17:26.531,32759504.938,0.8204838378519834
2568,"[2009.0, 4.0, 16.0, 22.0, 17.0, 17.75]",43,B0029,81,2569,02569.csv,1.6456360229757092,35,2009-04-16 22:17:17.750,32770296.157,0.8228180114878546
2572,"[2009.0, 4.0, 17.0, 9.0, 45.0, 34.062]",43,B0029,85,2573,02573.csv,1.654547743574037,36,2009-04-17 09:45:34.062,32811592.469,0.8272738717870185
2574,"[2009.0, 4.0, 17.0, 12.0, 46.0, 29.125]",43,B0029,87,2575,02575.csv,1.6461201520877546,37,2009-04-17 12:46:29.125,32822447.532,0.8230600760438773
2576,"[2009.0, 4.0, 17.0, 15.0, 46.0, 53.875]",43,B0029,89,2577,02577.csv,1.6275119188151763,38,2009-04-17 15:46:53.875,32833272.282,0.8137559594075882
2578,"[2009.0, 4.0, 17.0, 18.0, 47.0, 33.937]",43,B0029,91,2579,02579.csv,1.6200530533464497,39,2009-04-17 18:47:33.937,32844112.344,0.8100265266732248
2580,"[2009.0, 4.0, 17.0, 21.0, 46.0, 23.796]",43,B0029,93,2581,02581.csv,1.612079811711934,40,2009-04-17 21:46:23.796,32854842.203,0.8060399058559669
2585,"[2009.0, 4.0, 7.0, 16.0, 31.0, 1.89]",43,B0030,1,2586,02586.csv,1.6560706096175404,1,2009-04-07 16:31:01.890,31971920.297,0.8280353048087702
2587,"[2009.0, 4.0, 7.0, 19.0, 44.0, 26.578]",43,B0030,3,2588,02588.csv,1.7815548749509116,2,2009-04-07 19:44:26.578,31983524.985,0.8907774374754558
2589,"[2009.0, 4.0, 7.0, 22.0, 58.0, 18.0]",43,B0030,5,2590,02590.csv,1.761969227822918,3,2009-04-07 22:58:18.000,31995156.407,0.880984613911459
2591,"[2009.0, 4.0, 8.0, 2.0, 11.0, 30.218]",43,B0030,7,2592,02592.csv,1.751755031874225,4,2009-04-08 02:11:30.218,32006748.625,0.8758775159371125
2593,"[2009.0, 4.0, 8.0, 5.0, 23.0, 26.343]",43,B0030,9,2594,02594.csv,1.7381688070362076,5,2009-04-08 05:23:26.343,32018264.75,0.8690844035181038
2597,"[2009.0, 4.0, 9.0, 10.0, 24.0, 58.296]",43,B0030,13,2598,02598.csv,1.750674529346134,6,2009-04-09 10:24:58.296,32122756.703,0.875337264673067
2599,"[2009.0, 4.0, 9.0, 13.0, 33.0, 59.843]",43,B0030,15,2600,02600.csv,1.7491047649061158,7,2009-04-09 13:33:59.843,32134098.25,0.8745523824530579
2601,"[2009.0, 4.0, 9.0, 16.0, 42.0, 43.421]",43,B0030,17,2602,02602.csv,1.7252544028765475,8,2009-04-09 16:42:43.421,32145421.828,0.8626272014382738
2603,"[2009.0, 4.0, 9.0, 19.0, 50.0, 50.062]",43,B0030,19,2604,02604.csv,1.7112621367644252,9,2009-04-09 19:50:50.062,32156708.469,0.8556310683822126
2605,"[2009.0, 4.0, 9.0, 22.0, 58.0, 17.875]",43,B0030,21,2606,02606.csv,1.6990418392711273,10,2009-04-09 22:58:17.875,32167956.282,0.8495209196355638
2609,"[2009.0, 4.0, 10.0, 12.0, 49.0, 4.718]",43,B0030,25,2610,02610.csv,1.7185770039532977,11,2009-04-10 12:49:04.718,32217803.125,0.8592885019766489
2611,"[2009.0, 4.0, 10.0, 15.0, 54.0, 20.093]",43,B0030,27,2612,02612.csv,1.70324722921867,12,2009-04-10 15:54:20.093,32228918.5,0.851623614609335
2613,"[2009.0, 4.0, 10.0, 18.0, 59.0, 6.625]",43,B0030,29,2614,02614.csv,1.689458044662304,13,2009-04-10 18:59:06.625,32240005.032,0.8447290223311519
2615,"[2009.0, 4.0, 10.0, 22.0, 3.0, 26.625]",43,B0030,31,2616,02616.csv,1.6756136292719177,14,2009-04-10 22:03:26.625,32251065.032,0.8378068146359589
2617,"[2009.0, 4.0, 11.0, 1.0, 8.0, 27.484]",43,B0030,33,2618,02618.csv,1.6718407140871654,15,2009-04-11 01:08:27.484,32262165.891,0.8359203570435827
2621,"[2009.0, 4.0, 13.0, 9.0, 51.0, 27.484]",43,B0030,37,2622,02622.csv,1.7233056681204446,16,2009-04-13 09:51:27.484,32466345.891,0.8616528340602223
2623,"[2009.0, 4.0, 13.0, 12.0, 55.0, 24.468]",43,B0030,39,2624,02624.csv,1.709207290507283,17,2009-04-13 12:55:24.468,32477382.875,0.8546036452536415
2625,"[2009.0, 4.0, 13.0, 15.0, 59.0, 56.875]",43,B0030,41,2626,02626.csv,1.684001734344571,18,2009-04-13 15:59:56.875,32488455.282,0.8420008671722854
2627,"[2009.0, 4.0, 13.0, 19.0, 4.0, 39.468]",43,B0030,43,2628,02628.csv,1.66898698813004,19,2009-04-13 19:04:39.468,32499537.875,0.83449349406502
2629,"[2009.0, 4.0, 13.0, 22.0, 9.0, 45.531]",43,B0030,45,2630,02630.csv,1.6620689362837142,20,2009-04-13 22:09:45.531,32510643.938,0.8310344681418571
2633,"[2009.0, 4.0, 14.0, 10.0, 33.0, 23.937]",43,B0030,49,2634,02634.csv,1.6687049625248174,21,2009-04-14 10:33:23.937,32555262.344,0.8343524812624087
2635,"[2009.0, 4.0, 14.0, 13.0, 36.0, 17.437]",43,B0030,51,2636,02636.csv,1.652762183550463,22,2009-04-14 13:36:17.437,32566235.844,0.8263810917752314
2637,"[2009.0, 4.0, 14.0, 16.0, 39.0, 25.031]",43,B0030,53,2638,02638.csv,1.648481366235244,23,2009-04-14 16:39:25.031,32577223.438,0.824240683117622
2639,"[2009.0, 4.0, 14.0, 19.0, 42.0, 47.234]",43,B0030,55,2640,02640.csv,1.6307406443132095,24,2009-04-14 19:42:47.234,32588225.641,0.8153703221566048
2641,"[2009.0, 4.0, 14.0, 22.0, 45.0, 53.781]",43,B0030,57,2642,02642.csv,1.62323023017929,25,2009-04-14 22:45:53.781,32599212.188,0.8116151150896449
2645,"[2009.0, 4.0, 15.0, 14.0, 58.0, 30.25]",43,B0030,61,2646,02646.csv,1.654190654039439,26,2009-04-15 14:58:30.250,32657568.657,0.8270953270197196
2647,"[2009.0, 4.0, 15.0, 18.0, 1.0, 43.843]",43,B0030,63,2648,02648.csv,1.638514396616985,27,2009-04-15 18:01:43.843,32668562.25,0.8192571983084924
2649,"[2009.0, 4.0, 15.0, 21.0, 2.0, 58.328]",43,B0030,65,2650,02650.csv,1.618847673357618,28,2009-04-15 21:02:58.328,32679436.735,0.809423836678809
2651,"[2009.0, 4.0, 16.0, 0.0, 5.0, 0.812]",43,B0030,67,2652,02652.csv,1.6134212267751404,29,2009-04-16 00:05:00.812,32690359.219,0.8067106133875703
2653,"[2009.0, 4.0, 16.0, 3.0, 6.0, 43.062]",43,B0030,69,2654,02654.csv,1.6066443601761986,30,2009-04-16 03:06:43.062,32701261.469,0.8033221800880993
2657,"[2009.0, 4.0, 16.0, 10.0, 13.0, 36.39]",43,B0030,73,2658,02658.csv,1.6138387876938998,31,2009-04-16 10:13:36.390,32726874.797,0.8069193938469499
2659,"[2009.0, 4.0, 16.0, 13.0, 14.0, 46.296]",43,B0030,75,2660,02660.csv,1.596329501327274,32,2009-04-16 13:14:46.296,32737744.703,0.7981647506636371
2661,"[2009.0, 4.0, 16.0, 16.0, 16.0, 19.734]",43,B0030,77,2662,02662.csv,1.589078586740699,33,2009-04-16 16:16:19.734,32748638.141,0.7945392933703495
2663,"[2009.0, 4.0, 16.0, 19.0, 17.0, 26.531]",43,B0030,79,2664,02664.csv,1.5805481432309574,34,2009-04-16 19:17:26.531,32759504.938,0.7902740716154787
2665,"[2009.0, 4.0, 16.0, 22.0, 17.0, 17.75]",43,B0030,81,2666,02666.csv,1.584613105427081,35,2009-04-16 22:17:17.750,32770296.157,0.7923065527135403
2669,"[2009.0, 4.0, 17.0, 9.0, 45.0, 34.062]",43,B0030,85,2670,02670.csv,1.5936651221220737,36,2009-04-17 09:45:34.062,32811592.469,0.7968325610610368
2671,"[2009.0, 4.0, 17.0, 12.0, 46.0, 29.125]",43,B0030,87,2672,02672.csv,1.5849874126960888,37,2009-04-17 12:46:29.125,32822447.532,0.7924937063480444
2673,"[2009.0, 4.0, 17.0, 15.0, 46.0, 53.875]",43,B0030,89,2674,02674.csv,1.5787064969416462,38,2009-04-17 15:46:53.875,32833272.282,0.7893532484708231
2675,"[2009.0, 4.0, 17.0, 18.0, 47.0, 33.937]",43,B0030,91,2676,02676.csv,1.570705516096967,39,2009-04-17 18:47:33.937,32844112.344,0.7853527580484836
2677,"[2009.0, 4.0, 17.0, 21.0, 46.0, 23.796]",43,B0030,93,2678,02678.csv,1.562780404428482,40,2009-04-17 21:46:23.796,32854842.203,0.781390202214241
2682,"[2009.0, 4.0, 7.0, 16.0, 31.0, 1.89]",43,B0031,1,2683,02683.csv,1.6666751942525773,1,2009-04-07 16:31:01.890,31971920.297,0.8333375971262886
2684,"[2009.0, 4.0, 7.0, 19.0, 44.0, 26.578]",43,B0031,3,2685,02685.csv,1.8328583629543167,2,2009-04-07 19:44:26.578,31983524.985,0.9164291814771585
2686,"[2009.0, 4.0, 7.0, 22.0, 58.0, 18.0]",43,B0031,5,2687,02687.csv,1.8139835002945133,3,2009-04-07 22:58:18.000,31995156.407,0.9069917501472569
2688,"[2009.0, 4.0, 8.0, 2.0, 11.0, 30.218]",43,B0031,7,2689,02689.csv,1.8044387333514835,4,2009-04-08 02:11:30.218,32006748.625,0.9022193666757415
2690,"[2009.0, 4.0, 8.0, 5.0, 23.0, 26.343]",43,B0031,9,2691,02691.csv,1.802147684291295,5,2009-04-08 05:23:26.343,32018264.75,0.9010738421456476
2694,"[2009.0, 4.0, 9.0, 10.0, 24.0, 58.296]",43,B0031,13,2695,02695.csv,1.7715647509798835,6,2009-04-09 10:24:58.296,32122756.703,0.8857823754899418
2696,"[2009.0, 4.0, 9.0, 13.0, 33.0, 59.843]",43,B0031,15,2697,02697.csv,1.8139928165779544,7,2009-04-09 13:33:59.843,32134098.25,0.9069964082889771
2698,"[2009.0, 4.0, 9.0, 16.0, 42.0, 43.421]",43,B0031,17,2699,02699.csv,1.8013261041198854,8,2009-04-09 16:42:43.421,32145421.828,0.9006630520599427
2700,"[2009.0, 4.0, 9.0, 19.0, 50.0, 50.062]",43,B0031,19,2701,02701.csv,1.7883722583933568,9,2009-04-09 19:50:50.062,32156708.469,0.8941861291966784
2702,"[2009.0, 4.0, 9.0, 22.0, 58.0, 17.875]",43,B0031,21,2703,02703.csv,1.776540165737316,10,2009-04-09 22:58:17.875,32167956.282,0.888270082868658
2706,"[2009.0, 4.0, 10.0, 12.0, 49.0, 4.718]",43,B0031,25,2707,02707.csv,1.7856209131823229,11,2009-04-10 12:49:04.718,32217803.125,0.8928104565911614
2708,"[2009.0, 4.0, 10.0, 15.0, 54.0, 20.093]",43,B0031,27,2709,02709.csv,1.781363403668594,12,2009-04-10 15:54:20.093,32228918.5,0.890681701834297
2710,"[2009.0, 4.0, 10.0, 18.0, 59.0, 6.625]",43,B0031,29,2711,02711.csv,1.768489838397124,13,2009-04-10 18:59:06.625,32240005.032,0.884244919198562
2712,"[2009.0, 4.0, 10.0, 22.0, 3.0, 26.625]",43,B0031,31,2713,02713.csv,1.766505238291406,14,2009-04-10 22:03:26.625,32251065.032,0.8832526191457029
2714,"[2009.0, 4.0, 11.0, 1.0, 8.0, 27.484]",43,B0031,33,2715,02715.csv,1.751740527921767,15,2009-04-11 01:08:27.484,32262165.891,0.8758702639608835
2718,"[2009.0, 4.0, 13.0, 9.0, 51.0, 27.484]",43,B0031,37,2719,02719.csv,1.7352349314055016,16,2009-04-13 09:51:27.484,32466345.891,0.8676174657027508
2720,"[2009.0, 4.0, 13.0, 12.0, 55.0, 24.468]",43,B0031,39,2721,02721.csv,1.7782778274549178,17,2009-04-13 12:55:24.468,32477382.875,0.8891389137274589
2722,"[2009.0, 4.0, 13.0, 15.0, 59.0, 56.875]",43,B0031,41,2723,02723.csv,1.7649894859707391,18,2009-04-13 15:59:56.875,32488455.282,0.8824947429853696
2724,"[2009.0, 4.0, 13.0, 19.0, 4.0, 39.468]",43,B0031,43,2725,02725.csv,1.762591283533551,19,2009-04-13 19:04:39.468,32499537.875,0.8812956417667757
2726,"[2009.0, 4.0, 13.0, 22.0, 9.0, 45.531]",43,B0031,45,2727,02727.csv,1.744314576121582,20,2009-04-13 22:09:45.531,32510643.938,0.872157288060791
2730,"[2009.0, 4.0, 14.0, 10.0, 33.0, 23.937]",43,B0031,49,2731,02731.csv,1.7628373753518478,21,2009-04-14 10:33:23.937,32555262.344,0.8814186876759238
2732,"[2009.0, 4.0, 14.0, 13.0, 36.0, 17.437]",43,B0031,51,2733,02733.csv,1.747857930947971,22,2009-04-14 13:36:17.437,32566235.844,0.8739289654739855
2734,"[2009.0, 4.0, 14.0, 16.0, 39.0, 25.031]",43,B0031,53,2735,02735.csv,1.7441167338864991,23,2009-04-14 16:39:25.031,32577223.438,0.8720583669432496
2736,"[2009.0, 4.0, 14.0, 19.0, 42.0, 47.234]",43,B0031,55,2737,02737.csv,1.7268422932817389,24,2009-04-14 19:42:47.234,32588225.641,0.8634211466408694
2738,"[2009.0, 4.0, 14.0, 22.0, 45.0, 53.781]",43,B0031,57,2739,02739.csv,1.7203093493042263,25,2009-04-14 22:45:53.781,32599212.188,0.8601546746521131
2742,"[2009.0, 4.0, 15.0, 14.0, 58.0, 30.25]",43,B0031,61,2743,02743.csv,1.7394245516699778,26,2009-04-15 14:58:30.250,32657568.657,0.8697122758349889
2744,"[2009.0, 4.0, 15.0, 18.0, 1.0, 43.843]",43,B0031,63,2745,02745.csv,1.7367384416372014,27,2009-04-15 18:01:43.843,32668562.25,0.8683692208186007
2746,"[2009.0, 4.0, 15.0, 21.0, 2.0, 58.328]",43,B0031,65,2747,02747.csv,1.716963468448543,28,2009-04-15 21:02:58.328,32679436.735,0.8584817342242715
2748,"[2009.0, 4.0, 16.0, 0.0, 5.0, 0.812]",43,B0031,67,2749,02749.csv,1.7127773558366357,29,2009-04-16 00:05:00.812,32690359.219,0.8563886779183179
2750,"[2009.0, 4.0, 16.0, 3.0, 6.0, 43.062]",43,B0031,69,2751,02751.csv,1.7061083466554066,30,2009-04-16 03:06:43.062,32701261.469,0.8530541733277033
2754,"[2009.0, 4.0, 16.0, 10.0, 13.0, 36.39]",43,B0031,73,2755,02755.csv,1.713732696207521,31,2009-04-16 10:13:36.390,32726874.797,0.8568663481037605
2756,"[2009.0, 4.0, 16.0, 13.0, 14.0, 46.296]",43,B0031,75,2757,02757.csv,1.7093475797926974,32,2009-04-16 13:14:46.296,32737744.703,0.8546737898963487
2758,"[2009.0, 4.0, 16.0, 16.0, 16.0, 19.734]",43,B0031,77,2759,02759.csv,1.690100045411559,33,2009-04-16 16:16:19.734,32748638.141,0.8450500227057794
2760,"[2009.0, 4.0, 16.0, 19.0, 17.0, 26.531]",43,B0031,79,2761,02761.csv,1.6946883343387664,34,2009-04-16 19:17:26.531,32759504.938,0.8473441671693833
2762,"[2009.0, 4.0, 16.0, 22.0, 17.0, 17.75]",43,B0031,81,2763,02763.csv,1.687010991299212,35,2009-04-16 22:17:17.750,32770296.157,0.843505495649606
2766,"[2009.0, 4.0, 17.0, 9.0, 45.0, 34.062]",43,B0031,85,2767,02767.csv,1.6957069027070075,36,2009-04-17 09:45:34.062,32811592.469,0.8478534513535039
2768,"[2009.0, 4.0, 17.0, 12.0, 46.0, 29.125]",43,B0031,87,2769,02769.csv,1.687696889615565,37,2009-04-17 12:46:29.125,32822447.532,0.8438484448077825
2770,"[2009.0, 4.0, 17.0, 15.0, 46.0, 53.875]",43,B0031,89,2771,02771.csv,1.6819617127259294,38,2009-04-17 15:46:53.875,32833272.282,0.8409808563629647
2772,"[2009.0, 4.0, 17.0, 18.0, 47.0, 33.937]",43,B0031,91,2773,02773.csv,1.6750033888978846,39,2009-04-17 18:47:33.937,32844112.344,0.8375016944489423
2774,"[2009.0, 4.0, 17.0, 21.0, 46.0, 23.796]",43,B0031,93,2775,02775.csv,1.6672987794846676,40,2009-04-17 21:46:23.796,32854842.203,0.8336493897423338
2779,"[2009.0, 4.0, 7.0, 16.0, 31.0, 1.89]",43,B0032,1,2780,02780.csv,1.704864107351214,1,2009-04-07 16:31:01.890,31971920.297,0.852432053675607
2781,"[2009.0, 4.0, 7.0, 19.0, 44.0, 26.578]",43,B0032,3,2782,02782.csv,1.8940319526948568,2,2009-04-07 19:44:26.578,31983524.985,0.9470159763474284
2783,"[2009.0, 4.0, 7.0, 22.0, 58.0, 18.0]",43,B0032,5,2784,02784.csv,1.8747686491853093,3,2009-04-07 22:58:18.000,31995156.407,0.9373843245926549
2785,"[2009.0, 4.0, 8.0, 2.0, 11.0, 30.218]",43,B0032,7,2786,02786.csv,1.8654947184112376,4,2009-04-08 02:11:30.218,32006748.625,0.9327473592056188
2787,"[2009.0, 4.0, 8.0, 5.0, 23.0, 26.343]",43,B0032,9,2788,02788.csv,1.8527398169018068,5,2009-04-08 05:23:26.343,32018264.75,0.9263699084509034
2791,"[2009.0, 4.0, 9.0, 10.0, 24.0, 58.296]",43,B0032,13,2792,02792.csv,1.844174397003866,6,2009-04-09 10:24:58.296,32122756.703,0.922087198501933
2793,"[2009.0, 4.0, 9.0, 13.0, 33.0, 59.843]",43,B0032,15,2794,02794.csv,1.843023847751276,7,2009-04-09 13:33:59.843,32134098.25,0.921511923875638
2795,"[2009.0, 4.0, 9.0, 16.0, 42.0, 43.421]",43,B0032,17,2796,02796.csv,1.8302818174911863,8,2009-04-09 16:42:43.421,32145421.828,0.9151409087455932
2797,"[2009.0, 4.0, 9.0, 19.0, 50.0, 50.062]",43,B0032,19,2798,02798.csv,1.8173838456081808,9,2009-04-09 19:50:50.062,32156708.469,0.9086919228040904
2799,"[2009.0, 4.0, 9.0, 22.0, 58.0, 17.875]",43,B0032,21,2800,02800.csv,1.805799298110468,10,2009-04-09 22:58:17.875,32167956.282,0.902899649055234
2803,"[2009.0, 4.0, 10.0, 12.0, 49.0, 4.718]",43,B0032,25,2804,02804.csv,1.8149829605049184,11,2009-04-10 12:49:04.718,32217803.125,0.9074914802524592
2805,"[2009.0, 4.0, 10.0, 15.0, 54.0, 20.093]",43,B0032,27,2806,02806.csv,1.7995150369321795,12,2009-04-10 15:54:20.093,32228918.5,0.8997575184660898
2807,"[2009.0, 4.0, 10.0, 18.0, 59.0, 6.625]",43,B0032,29,2808,02808.csv,1.7866516942518147,13,2009-04-10 18:59:06.625,32240005.032,0.8933258471259073
2809,"[2009.0, 4.0, 10.0, 22.0, 3.0, 26.625]",43,B0032,31,2810,02810.csv,1.7735550719416031,14,2009-04-10 22:03:26.625,32251065.032,0.8867775359708016
2811,"[2009.0, 4.0, 11.0, 1.0, 8.0, 27.484]",43,B0032,33,2812,02812.csv,1.769995333364443,15,2009-04-11 01:08:27.484,32262165.891,0.8849976666822215
2815,"[2009.0, 4.0, 13.0, 9.0, 51.0, 27.484]",43,B0032,37,2816,02816.csv,1.799526080374287,16,2009-04-13 09:51:27.484,32466345.891,0.8997630401871435
2817,"[2009.0, 4.0, 13.0, 12.0, 55.0, 24.468]",43,B0032,39,2818,02818.csv,1.7968530684449833,17,2009-04-13 12:55:24.468,32477382.875,0.8984265342224915
2819,"[2009.0, 4.0, 13.0, 15.0, 59.0, 56.875]",43,B0032,41,2820,02820.csv,1.7838265504081745,18,2009-04-13 15:59:56.875,32488455.282,0.8919132752040873
2821,"[2009.0, 4.0, 13.0, 19.0, 4.0, 39.468]",43,B0032,43,2822,02822.csv,1.7696444491040102,19,2009-04-13 19:04:39.468,32499537.875,0.8848222245520051
2823,"[2009.0, 4.0, 13.0, 22.0, 9.0, 45.531]",43,B0032,45,2824,02824.csv,1.7512940457049684,20,2009-04-13 22:09:45.531,32510643.938,0.8756470228524842
2827,"[2009.0, 4.0, 14.0, 10.0, 33.0, 23.937]",43,B0032,49,2828,02828.csv,1.7697554297961993,21,2009-04-14 10:33:23.937,32555262.344,0.8848777148980996
2829,"[2009.0, 4.0, 14.0, 13.0, 36.0, 17.437]",43,B0032,51,2830,02830.csv,1.7547726933914918,22,2009-04-14 13:36:17.437,32566235.844,0.8773863466957459
2831,"[2009.0, 4.0, 14.0, 16.0, 39.0, 25.031]",43,B0032,53,2832,02832.csv,1.7389166355812984,23,2009-04-14 16:39:25.031,32577223.438,0.8694583177906492
2833,"[2009.0, 4.0, 14.0, 19.0, 42.0, 47.234]",43,B0032,55,2834,02834.csv,1.7337200518764075,24,2009-04-14 19:42:47.234,32588225.641,0.8668600259382038
2835,"[2009.0, 4.0, 14.0, 22.0, 45.0, 53.781]",43,B0032,57,2836,02836.csv,1.7150972597500092,25,2009-04-14 22:45:53.781,32599212.188,0.8575486298750046
2839,"[2009.0, 4.0, 15.0, 14.0, 58.0, 30.25]",43,B0032,61,2840,02840.csv,1.7462926148815636,26,2009-04-15 14:58:30.250,32657568.657,0.8731463074407819
2841,"[2009.0, 4.0, 15.0, 18.0, 1.0, 43.843]",43,B0032,63,2842,02842.csv,1.719149261914565,27,2009-04-15 18:01:43.843,32668562.25,0.8595746309572825
2843,"[2009.0, 4.0, 15.0, 21.0, 2.0, 58.328]",43,B0032,65,2844,02844.csv,1.711582246191498,28,2009-04-15 21:02:58.328,32679436.735,0.855791123095749
2845,"[2009.0, 4.0, 16.0, 0.0, 5.0, 0.812]",43,B0032,67,2846,02846.csv,1.69510511952259,29,2009-04-16 00:05:00.812,32690359.219,0.847552559761295
2847,"[2009.0, 4.0, 16.0, 3.0, 6.0, 43.062]",43,B0032,69,2848,02848.csv,1.7005124371100973,30,2009-04-16 03:06:43.062,32701261.469,0.8502562185550486
2851,"[2009.0, 4.0, 16.0, 10.0, 13.0, 36.39]",43,B0032,73,2852,02852.csv,1.7080989351250158,31,2009-04-16 10:13:36.390,32726874.797,0.854049467562508
2853,"[2009.0, 4.0, 16.0, 13.0, 14.0, 46.296]",43,B0032,75,2854,02854.csv,1.691435430587127,32,2009-04-16 13:14:46.296,32737744.703,0.8457177152935635
2855,"[2009.0, 4.0, 16.0, 16.0, 16.0, 19.734]",43,B0032,77,2856,02856.csv,1.6844494328889932,33,2009-04-16 16:16:19.734,32748638.141,0.8422247164444966
2857,"[2009.0, 4.0, 16.0, 19.0, 17.0, 26.531]",43,B0032,79,2858,02858.csv,1.664037581688075,34,2009-04-16 19:17:26.531,32759504.938,0.8320187908440375
2859,"[2009.0, 4.0, 16.0, 22.0, 17.0, 17.75]",43,B0032,81,2860,02860.csv,1.6686372014231974,35,2009-04-16 22:17:17.750,32770296.157,0.8343186007115988
2863,"[2009.0, 4.0, 17.0, 9.0, 45.0, 34.062]",43,B0032,85,2864,02864.csv,1.6899344075625968,36,2009-04-17 09:45:34.062,32811592.469,0.8449672037812984
2865,"[2009.0, 4.0, 17.0, 12.0, 46.0, 29.125]",43,B0032,87,2866,02866.csv,1.669431712846442,37,2009-04-17 12:46:29.125,32822447.532,0.834715856423221
2867,"[2009.0, 4.0, 17.0, 15.0, 46.0, 53.875]",43,B0032,89,2868,02868.csv,1.6634226761839213,38,2009-04-17 15:46:53.875,32833272.282,0.8317113380919606
2869,"[2009.0, 4.0, 17.0, 18.0, 47.0, 33.937]",43,B0032,91,2870,02870.csv,1.643615219594737,39,2009-04-17 18:47:33.937,32844112.344,0.8218076097973686
2871,"[2009.0, 4.0, 17.0, 21.0, 46.0, 23.796]",43,B0032,93,2872,02872.csv,1.6358000873538243,40,2009-04-17 21:46:23.796,32854842.203,0.8179000436769122
2875,"[2009.0, 6.0, 19.0, 17.0, 18.0, 16.015]",24,B0033,0,2876,02876.csv,0.0684257224060181,1,2009-06-19 17:18:16.015,38281954.422,0.03421286120300905
2879,"[2009.0, 6.0, 19.0, 22.0, 2.0, 50.609]",24,B0033,4,2880,02880.csv,0.6895699007862814,2,2009-06-19 22:02:50.609,38299029.016,0.34478495039314067
2881,"[2009.0, 6.0, 20.0, 1.0, 59.0, 39.75]",24,B0033,6,2882,02882.csv,1.1610848192311252,3,2009-06-20 01:59:39.750,38313238.157,0.5805424096155626
2883,"[2009.0, 6.0, 20.0, 5.0, 55.0, 38.984]",24,B0033,8,2884,02884.csv,1.2529393053824995,4,2009-06-20 05:55:38.984,38327397.391,0.6264696526912498
2885,"[2009.0, 6.0, 20.0, 9.0, 50.0, 35.156]",24,B0033,10,2886,02886.csv,1.302918002447558,5,2009-06-20 09:50:35.156,38341493.563,0.651459001223779
2887,"[2009.0, 6.0, 20.0, 13.0, 47.0, 19.156]",24,B0033,12,2888,02888.csv,1.3218773211472523,6,2009-06-20 13:47:19.156,38355697.563,0.6609386605736262
2891,"[2009.0, 6.0, 20.0, 18.0, 55.0, 22.281]",24,B0033,16,2892,02892.csv,1.2884694418301417,7,2009-06-20 18:55:22.281,38374180.688,0.6442347209150708
2893,"[2009.0, 6.0, 20.0, 22.0, 51.0, 49.984]",24,B0033,18,2894,02894.csv,1.713169326386719,8,2009-06-20 22:51:49.984,38388368.391,0.8565846631933595
2895,"[2009.0, 6.0, 21.0, 2.0, 48.0, 20.078]",24,B0033,20,2896,02896.csv,1.6560966776720512,9,2009-06-21 02:48:20.078,38402558.485,0.8280483388360256
2897,"[2009.0, 6.0, 21.0, 6.0, 44.0, 49.843]",24,B0033,22,2898,02898.csv,1.6197297341990775,10,2009-06-21 06:44:49.843,38416748.25,0.8098648670995388
2899,"[2009.0, 6.0, 21.0, 10.0, 41.0, 15.046]",24,B0033,24,2900,02900.csv,1.604655812282729,11,2009-06-21 10:41:15.046,38430933.453,0.8023279061413645
2903,"[2009.0, 6.0, 21.0, 15.0, 49.0, 5.796]",24,B0033,28,2904,02904.csv,1.6255699769029337,12,2009-06-21 15:49:05.796,38449404.203,0.8127849884514668
2905,"[2009.0, 6.0, 21.0, 19.0, 45.0, 24.468]",24,B0033,30,2906,02906.csv,1.5900967306245992,13,2009-06-21 19:45:24.468,38463582.875,0.7950483653122995
2907,"[2009.0, 6.0, 21.0, 23.0, 41.0, 43.609]",24,B0033,32,2908,02908.csv,1.5739402299623984,14,2009-06-21 23:41:43.609,38477762.016,0.7869701149811992
2909,"[2009.0, 6.0, 22.0, 3.0, 37.0, 57.218]",24,B0033,34,2910,02910.csv,1.5711303351557309,15,2009-06-22 03:37:57.218,38491935.625,0.7855651675778654
2911,"[2009.0, 6.0, 22.0, 7.0, 34.0, 6.234]",24,B0033,36,2912,02912.csv,1.5897706153457416,16,2009-06-22 07:34:06.234,38506104.641,0.7948853076728707
2915,"[2009.0, 6.0, 22.0, 12.0, 41.0, 48.359]",24,B0033,40,2916,02916.csv,1.6257378771074,17,2009-06-22 12:41:48.359,38524566.766,0.8128689385537
2917,"[2009.0, 6.0, 22.0, 16.0, 38.0, 13.281]",24,B0033,42,2918,02918.csv,1.6523506333962537,18,2009-06-22 16:38:13.281,38538751.688,0.8261753166981268
2919,"[2009.0, 6.0, 22.0, 20.0, 34.0, 46.062]",24,B0033,44,2920,02920.csv,1.6143816761595386,19,2009-06-22 20:34:46.062,38552944.469,0.8071908380797693
2921,"[2009.0, 6.0, 23.0, 0.0, 31.0, 3.375]",24,B0033,46,2922,02922.csv,1.58697453394504,20,2009-06-23 00:31:03.375,38567121.782,0.79348726697252
2923,"[2009.0, 6.0, 23.0, 4.0, 27.0, 4.484]",24,B0033,48,2924,02924.csv,1.5818355572787333,21,2009-06-23 04:27:04.484,38581282.891,0.7909177786393667
2927,"[2009.0, 6.0, 26.0, 15.0, 29.0, 34.968]",24,B0033,52,2928,02928.csv,1.6919769406371152,22,2009-06-26 15:29:34.968,38880233.375,0.8459884703185577
2931,"[2009.0, 6.0, 26.0, 20.0, 32.0, 24.265]",24,B0033,56,2932,02932.csv,1.6879483800354476,23,2009-06-26 20:32:24.265,38898402.672,0.8439741900177238
2933,"[2009.0, 6.0, 27.0, 0.0, 28.0, 29.453]",24,B0033,58,2934,02934.csv,1.6586223007531458,24,2009-06-27 00:28:29.453,38912567.86,0.8293111503765729
2935,"[2009.0, 6.0, 27.0, 4.0, 25.0, 16.218]",24,B0033,60,2936,02936.csv,1.6420179032789863,25,2009-06-27 04:25:16.218,38926774.625,0.8210089516394932
2937,"[2009.0, 6.0, 27.0, 8.0, 21.0, 51.234]",24,B0033,62,2938,02938.csv,1.6381810791118745,26,2009-06-27 08:21:51.234,38940969.641,0.8190905395559372
2939,"[2009.0, 6.0, 27.0, 12.0, 18.0, 20.5]",24,B0033,64,2940,02940.csv,1.6422892507912386,27,2009-06-27 12:18:20.500,38955158.907,0.8211446253956193
2943,"[2009.0, 6.0, 27.0, 17.0, 26.0, 12.718]",24,B0033,68,2944,02944.csv,1.651270876264092,28,2009-06-27 17:26:12.718,38973631.125,0.825635438132046
2945,"[2009.0, 6.0, 27.0, 21.0, 22.0, 21.781]",24,B0033,70,2946,02946.csv,1.6326559297917211,29,2009-06-27 21:22:21.781,38987800.188,0.8163279648958606
2947,"[2009.0, 6.0, 28.0, 1.0, 18.0, 34.656]",24,B0033,72,2948,02948.csv,1.6260888111680731,30,2009-06-28 01:18:34.656,39001973.063,0.8130444055840366
2949,"[2009.0, 6.0, 28.0, 5.0, 14.0, 48.25]",24,B0033,74,2950,02950.csv,1.6079292963823688,31,2009-06-28 05:14:48.250,39016146.657,0.8039646481911844
2951,"[2009.0, 6.0, 28.0, 9.0, 10.0, 46.125]",24,B0033,76,2952,02952.csv,1.6125361114907395,32,2009-06-28 09:10:46.125,39030304.532,0.8062680557453697
2955,"[2009.0, 6.0, 28.0, 14.0, 18.0, 12.906]",24,B0033,80,2956,02956.csv,1.6218384168987892,33,2009-06-28 14:18:12.906,39048751.313,0.8109192084493945
2957,"[2009.0, 6.0, 28.0, 18.0, 13.0, 23.984]",24,B0033,82,2958,02958.csv,1.6145443029101134,34,2009-06-28 18:13:23.984,39062862.391,0.8072721514550567
2959,"[2009.0, 6.0, 28.0, 22.0, 7.0, 58.453]",24,B0033,84,2960,02960.csv,1.5953958917107596,35,2009-06-28 22:07:58.453,39076936.86,0.7976979458553798
2961,"[2009.0, 6.0, 29.0, 2.0, 3.0, 46.14]",24,B0033,86,2962,02962.csv,1.5877243027113055,36,2009-06-29 02:03:46.140,39091084.547,0.7938621513556527
2963,"[2009.0, 6.0, 29.0, 5.0, 59.0, 12.218]",24,B0033,88,2964,02964.csv,1.5811840578305605,37,2009-06-29 05:59:12.218,39105210.625,0.7905920289152804
2967,"[2009.0, 6.0, 29.0, 11.0, 6.0, 27.906]",24,B0033,92,2968,02968.csv,1.6128422608267754,38,2009-06-29 11:06:27.906,39123646.313,0.8064211304133877
2969,"[2009.0, 6.0, 29.0, 14.0, 59.0, 50.625]",24,B0033,94,2970,02970.csv,1.61998606328022,39,2009-06-29 14:59:50.625,39137649.032,0.80999303164011
2971,"[2009.0, 6.0, 29.0, 18.0, 50.0, 48.062]",24,B0033,96,2972,02972.csv,1.6099381853611876,40,2009-06-29 18:50:48.062,39151506.469,0.8049690926805938
2973,"[2009.0, 6.0, 29.0, 22.0, 44.0, 42.875]",24,B0033,98,2974,02974.csv,1.577097753956516,41,2009-06-29 22:44:42.875,39165541.282,0.788548876978258
2975,"[2009.0, 6.0, 30.0, 2.0, 36.0, 39.734]",24,B0033,100,2976,02976.csv,1.5708599066554392,42,2009-06-30 02:36:39.734,39179458.141,0.7854299533277197
2979,"[2009.0, 7.0, 1.0, 11.0, 15.0, 23.875]",24,B0033,104,2980,02980.csv,1.6261581345348248,43,2009-07-01 11:15:23.875,39296982.282,0.8130790672674124
2983,"[2009.0, 7.0, 1.0, 16.0, 18.0, 18.546]",24,B0033,108,2984,02984.csv,1.6348129972245726,44,2009-07-01 16:18:18.546,39315156.953,0.8174064986122863
2985,"[2009.0, 7.0, 1.0, 20.0, 10.0, 2.437]",24,B0033,110,2986,02986.csv,1.611705363734261,45,2009-07-01 20:10:02.437,39329060.844,0.8058526818671305
2987,"[2009.0, 7.0, 14.0, 16.0, 14.0, 47.937]",24,B0033,112,2988,02988.csv,1.8851401699720665,46,2009-07-14 16:14:47.937,40438146.344,0.9425700849860332
2991,"[2009.0, 7.0, 14.0, 21.0, 23.0, 50.218]",24,B0033,116,2992,02992.csv,1.6584957887780232,47,2009-07-14 21:23:50.218,40456688.625,0.8292478943890116
2993,"[2009.0, 7.0, 15.0, 1.0, 16.0, 15.015]",24,B0033,118,2994,02994.csv,1.62418934644937,48,2009-07-15 01:16:15.015,40470633.422,0.812094673224685
2995,"[2009.0, 7.0, 15.0, 5.0, 9.0, 4.546]",24,B0033,120,2996,02996.csv,1.604172098856364,49,2009-07-15 05:09:04.546,40484602.953,0.802086049428182
2997,"[2009.0, 7.0, 15.0, 9.0, 4.0, 59.109]",24,B0033,122,2998,02998.csv,1.6080016740907346,50,2009-07-15 09:04:59.109,40498757.516,0.8040008370453673
2999,"[2009.0, 7.0, 15.0, 12.0, 57.0, 49.296]",24,B0033,124,3000,03000.csv,1.6256752138435595,51,2009-07-15 12:57:49.296,40512727.703,0.8128376069217798
3003,"[2009.0, 7.0, 15.0, 18.0, 0.0, 54.64]",24,B0033,128,3004,03004.csv,1.617632765910718,52,2009-07-15 18:00:54.640,40530913.047,0.808816382955359
3005,"[2009.0, 7.0, 15.0, 21.0, 52.0, 48.093]",24,B0033,130,3006,03006.csv,1.5973191489094265,53,2009-07-15 21:52:48.093,40544826.5,0.7986595744547133
3007,"[2009.0, 7.0, 16.0, 1.0, 44.0, 58.39]",24,B0033,132,3008,03008.csv,1.5875852250170606,54,2009-07-16 01:44:58.390,40558756.797,0.7937926125085304
3009,"[2009.0, 7.0, 16.0, 5.0, 37.0, 32.718]",24,B0033,134,3010,03010.csv,1.5802530015403684,55,2009-07-16 05:37:32.718,40572711.125,0.7901265007701842
3011,"[2009.0, 7.0, 16.0, 9.0, 29.0, 18.125]",24,B0033,136,3012,03012.csv,1.583036530487776,56,2009-07-16 09:29:18.125,40586616.532,0.7915182652438879
3015,"[2009.0, 7.0, 16.0, 14.0, 36.0, 0.453]",24,B0033,140,3016,03016.csv,1.6027138832797037,57,2009-07-16 14:36:00.453,40605018.86,0.8013569416398518
3017,"[2009.0, 7.0, 16.0, 18.0, 26.0, 9.14]",24,B0033,142,3018,03018.csv,1.5930709154513834,58,2009-07-16 18:26:09.140,40618827.547,0.7965354577256918
3019,"[2009.0, 7.0, 16.0, 22.0, 18.0, 31.578]",24,B0033,144,3020,03020.csv,1.5448888685020246,59,2009-07-16 22:18:31.578,40632769.985,0.7724444342510123
3021,"[2009.0, 7.0, 17.0, 2.0, 10.0, 38.265]",24,B0033,146,3022,03022.csv,1.5352188565640517,60,2009-07-17 02:10:38.265,40646696.672,0.7676094282820258
3023,"[2009.0, 7.0, 17.0, 6.0, 2.0, 31.671]",24,B0033,148,3024,03024.csv,1.5252677314227332,61,2009-07-17 06:02:31.671,40660610.078,0.7626338657113666
3027,"[2009.0, 7.0, 17.0, 11.0, 8.0, 50.734]",24,B0033,152,3028,03028.csv,1.5559492005453626,62,2009-07-17 11:08:50.734,40678989.141,0.7779746002726813
3029,"[2009.0, 7.0, 17.0, 15.0, 0.0, 0.14]",24,B0033,154,3030,03030.csv,1.564802943842715,63,2009-07-17 15:00:00.140,40692858.547,0.7824014719213576
3031,"[2009.0, 7.0, 17.0, 18.0, 49.0, 14.75]",24,B0033,156,3032,03032.csv,1.5518620461881203,64,2009-07-17 18:49:14.750,40706613.157,0.7759310230940603
3033,"[2009.0, 7.0, 17.0, 22.0, 40.0, 36.953]",24,B0033,158,3034,03034.csv,1.5144550545105004,65,2009-07-17 22:40:36.953,40720495.36,0.7572275272552502
3035,"[2009.0, 7.0, 18.0, 2.0, 32.0, 19.203]",24,B0033,160,3036,03036.csv,1.5051936202146428,66,2009-07-18 02:32:19.203,40734397.61,0.7525968101073214
3039,"[2009.0, 7.0, 23.0, 10.0, 25.0, 18.89]",24,B0033,164,3040,03040.csv,1.605823969917045,67,2009-07-23 10:25:18.890,41194777.297,0.8029119849585225
3043,"[2009.0, 7.0, 23.0, 15.0, 28.0, 51.734]",24,B0033,168,3044,03044.csv,1.6249005195877049,68,2009-07-23 15:28:51.734,41212990.141,0.8124502597938524
3045,"[2009.0, 7.0, 23.0, 19.0, 19.0, 21.39]",24,B0033,170,3046,03046.csv,1.589785130036615,69,2009-07-23 19:19:21.390,41226819.797,0.7948925650183075
3047,"[2009.0, 7.0, 23.0, 23.0, 11.0, 10.812]",24,B0033,172,3048,03048.csv,1.5552386152299904,70,2009-07-23 23:11:10.812,41240729.219,0.7776193076149951
3049,"[2009.0, 7.0, 24.0, 3.0, 2.0, 51.234]",24,B0033,174,3050,03050.csv,1.539756404636803,71,2009-07-24 03:02:51.234,41254629.641,0.7698782023184016
3051,"[2009.0, 7.0, 24.0, 6.0, 55.0, 12.218]",24,B0033,176,3052,03052.csv,1.5293174002138357,72,2009-07-24 06:55:12.218,41268570.625,0.7646587001069178
3055,"[2009.0, 7.0, 24.0, 12.0, 1.0, 7.843]",24,B0033,180,3056,03056.csv,1.547680553576876,73,2009-07-24 12:01:07.843,41286926.25,0.773840276788438
3057,"[2009.0, 7.0, 24.0, 15.0, 46.0, 9.421]",24,B0033,182,3058,03058.csv,1.5659920939439786,74,2009-07-24 15:46:09.421,41300427.828,0.7829960469719893
3059,"[2009.0, 7.0, 24.0, 19.0, 35.0, 49.25]",24,B0033,184,3060,03060.csv,1.5416252851780503,75,2009-07-24 19:35:49.250,41314207.657,0.7708126425890253
3061,"[2009.0, 7.0, 24.0, 23.0, 28.0, 2.156]",24,B0033,186,3062,03062.csv,1.517590655990168,76,2009-07-24 23:28:02.156,41328140.563,0.758795327995084
3063,"[2009.0, 7.0, 25.0, 3.0, 20.0, 5.39]",24,B0033,188,3064,03064.csv,1.5075202042593092,77,2009-07-25 03:20:05.390,41342063.797,0.7537601021296545
3067,"[2009.0, 7.0, 25.0, 8.0, 26.0, 42.515]",24,B0033,192,3068,03068.csv,1.49549282626034,78,2009-07-25 08:26:42.515,41360460.922,0.74774641313017
3069,"[2009.0, 7.0, 25.0, 12.0, 19.0, 43.718]",24,B0033,194,3070,03070.csv,1.4997618811573148,79,2009-07-25 12:19:43.718,41374442.125,0.7498809405786574
3071,"[2009.0, 7.0, 25.0, 16.0, 13.0, 2.187]",24,B0033,196,3072,03072.csv,1.4906966807803954,80,2009-07-25 16:13:02.187,41388440.594,0.7453483403901977
3073,"[2009.0, 7.0, 25.0, 20.0, 6.0, 55.421]",24,B0033,198,3074,03074.csv,1.4800999425051866,81,2009-07-25 20:06:55.421,41402473.828,0.7400499712525934
3075,"[2009.0, 7.0, 26.0, 0.0, 1.0, 9.546]",24,B0033,200,3076,03076.csv,1.4676091496100632,82,2009-07-26 00:01:09.546,41416527.953,0.7338045748050316
3079,"[2009.0, 7.0, 26.0, 5.0, 7.0, 11.546]",24,B0033,204,3080,03080.csv,1.4729818491920503,83,2009-07-26 05:07:11.546,41434889.953,0.7364909245960252
3081,"[2009.0, 7.0, 26.0, 9.0, 1.0, 35.14]",24,B0033,206,3082,03082.csv,1.4742872137206404,84,2009-07-26 09:01:35.140,41448953.547,0.7371436068603202
3083,"[2009.0, 7.0, 26.0, 12.0, 55.0, 45.109]",24,B0033,208,3084,03084.csv,1.4635162808346138,85,2009-07-26 12:55:45.109,41463003.516,0.7317581404173069
3085,"[2009.0, 7.0, 26.0, 16.0, 49.0, 47.359]",24,B0033,210,3086,03086.csv,1.4527095680488362,86,2009-07-26 16:49:47.359,41477045.766,0.726354784024418
3087,"[2009.0, 7.0, 26.0, 20.0, 43.0, 48.921]",24,B0033,212,3088,03088.csv,1.4557303847230247,87,2009-07-26 20:43:48.921,41491087.328,0.7278651923615124
3091,"[2009.0, 7.0, 27.0, 1.0, 50.0, 3.89]",24,B0033,216,3092,03092.csv,1.459740099618568,88,2009-07-27 01:50:03.890,41509462.297,0.729870049809284
3093,"[2009.0, 7.0, 27.0, 5.0, 43.0, 49.015]",24,B0033,218,3094,03094.csv,1.448711504158192,89,2009-07-27 05:43:49.015,41523487.422,0.724355752079096
3095,"[2009.0, 7.0, 27.0, 9.0, 37.0, 15.14]",24,B0033,220,3096,03096.csv,1.4666759762884336,90,2009-07-27 09:37:15.140,41537493.547,0.7333379881442168
3097,"[2009.0, 7.0, 27.0, 13.0, 29.0, 48.031]",24,B0033,222,3098,03098.csv,1.4689502109504418,91,2009-07-27 13:29:48.031,41551446.438,0.7344751054752209
3099,"[2009.0, 7.0, 27.0, 17.0, 21.0, 22.671]",24,B0033,224,3100,03100.csv,1.471116588522042,92,2009-07-27 17:21:22.671,41565341.078,0.735558294261021
3103,"[2009.0, 7.0, 27.0, 22.0, 28.0, 0.187]",24,B0033,228,3104,03104.csv,1.4473012364654927,93,2009-07-27 22:28:00.187,41583738.594,0.7236506182327463
3105,"[2009.0, 7.0, 28.0, 2.0, 21.0, 28.109]",24,B0033,230,3106,03106.csv,1.4205315547561643,94,2009-07-28 02:21:28.109,41597746.516,0.710265777378082
3107,"[2009.0, 7.0, 28.0, 6.0, 15.0, 44.125]",24,B0033,232,3108,03108.csv,1.4241466094817417,95,2009-07-28 06:15:44.125,41611802.532,0.7120733047408708
3109,"[2009.0, 7.0, 28.0, 10.0, 9.0, 52.296]",24,B0033,234,3110,03110.csv,1.4412820083364295,96,2009-07-28 10:09:52.296,41625850.703,0.7206410041682147
3111,"[2009.0, 7.0, 28.0, 14.0, 3.0, 56.171]",24,B0033,236,3112,03112.csv,1.4448965388921615,97,2009-07-28 14:03:56.171,41639894.578,0.7224482694460808
3115,"[2009.0, 7.0, 28.0, 19.0, 9.0, 29.828]",24,B0033,240,3116,03116.csv,1.4540256354795746,98,2009-07-28 19:09:29.828,41658228.235,0.7270128177397873
3117,"[2009.0, 7.0, 28.0, 23.0, 2.0, 26.656]",24,B0033,242,3118,03118.csv,1.4226030447542912,99,2009-07-28 23:02:26.656,41672205.063,0.7113015223771455
3119,"[2009.0, 7.0, 29.0, 2.0, 56.0, 24.125]",24,B0033,244,3120,03120.csv,1.410196954589097,100,2009-07-29 02:56:24.125,41686242.532,0.7050984772945487
3121,"[2009.0, 7.0, 29.0, 6.0, 50.0, 26.906]",24,B0033,246,3122,03122.csv,1.4144881298999457,101,2009-07-29 06:50:26.906,41700285.313,0.7072440649499728
3123,"[2009.0, 7.0, 29.0, 10.0, 44.0, 27.906]",24,B0033,248,3124,03124.csv,1.431360032946153,102,2009-07-29 10:44:27.906,41714326.313,0.7156800164730766
3127,"[2009.0, 7.0, 29.0, 15.0, 50.0, 33.843]",24,B0033,252,3128,03128.csv,1.4515133236517528,103,2009-07-29 15:50:33.843,41732692.25,0.7257566618258764
3129,"[2009.0, 7.0, 29.0, 19.0, 41.0, 4.109]",24,B0033,254,3130,03130.csv,1.4230376757726733,104,2009-07-29 19:41:04.109,41746522.516,0.7115188378863366
3131,"[2009.0, 7.0, 29.0, 23.0, 34.0, 17.859]",24,B0033,256,3132,03132.csv,1.396298696255913,105,2009-07-29 23:34:17.859,41760516.266,0.6981493481279564
3133,"[2009.0, 7.0, 30.0, 3.0, 28.0, 18.171]",24,B0033,258,3134,03134.csv,1.3979060730399124,106,2009-07-30 03:28:18.171,41774556.578,0.6989530365199562
3135,"[2009.0, 7.0, 30.0, 7.0, 22.0, 22.187]",24,B0033,260,3136,03136.csv,1.4011347560096767,107,2009-07-30 07:22:22.187,41788600.594,0.7005673780048383
3139,"[2009.0, 7.0, 30.0, 12.0, 28.0, 5.953]",24,B0033,264,3140,03140.csv,1.436782528945267,108,2009-07-30 12:28:05.953,41806944.36,0.7183912644726334
3141,"[2009.0, 7.0, 30.0, 16.0, 19.0, 5.437]",24,B0033,266,3142,03142.csv,1.4370006879546382,109,2009-07-30 16:19:05.437,41820803.844,0.718500343977319
3143,"[2009.0, 7.0, 30.0, 20.0, 9.0, 43.296]",24,B0033,268,3144,03144.csv,1.410355528453481,110,2009-07-30 20:09:43.296,41834641.703,0.7051777642267405
3145,"[2009.0, 7.0, 31.0, 0.0, 3.0, 7.406]",24,B0033,270,3146,03146.csv,1.382633397996189,111,2009-07-31 00:03:07.406,41848645.813,0.6913166989980943
3147,"[2009.0, 7.0, 31.0, 3.0, 56.0, 28.39]",24,B0033,272,3148,03148.csv,1.3699403583067564,112,2009-07-31 03:56:28.390,41862646.797,0.6849701791533782
3151,"[2009.0, 7.0, 31.0, 9.0, 1.0, 51.906]",24,B0033,276,3152,03152.csv,1.3786129327882322,113,2009-07-31 09:01:51.906,41880970.313,0.6893064663941161
3153,"[2009.0, 7.0, 31.0, 15.0, 42.0, 0.562]",24,B0033,278,3154,03154.csv,1.8035959863147195,114,2009-07-31 15:42:00.562,41904978.969,0.9017979931573598
3157,"[2009.0, 7.0, 31.0, 21.0, 3.0, 2.062]",24,B0033,282,3158,03158.csv,1.4234424290662009,115,2009-07-31 21:03:02.062,41924240.469,0.7117212145331004
3159,"[2009.0, 8.0, 1.0, 0.0, 54.0, 40.031]",24,B0033,284,3160,03160.csv,1.3946003892958665,116,2009-08-01 00:54:40.031,41938138.438,0.6973001946479332
3161,"[2009.0, 8.0, 1.0, 4.0, 46.0, 48.453]",24,B0033,286,3162,03162.csv,1.3961613987822286,117,2009-08-01 04:46:48.453,41952066.86,0.6980806993911144
3163,"[2009.0, 8.0, 1.0, 8.0, 40.0, 39.031]",24,B0033,288,3164,03164.csv,1.384968608315797,118,2009-08-01 08:40:39.031,41966097.438,0.6924843041578985
3165,"[2009.0, 8.0, 1.0, 12.0, 33.0, 32.734]",24,B0033,290,3166,03166.csv,1.3715114742475478,119,2009-08-01 12:33:32.734,41980071.141,0.6857557371237739
3169,"[2009.0, 8.0, 1.0, 17.0, 38.0, 48.781]",24,B0033,294,3170,03170.csv,1.3616865084879255,120,2009-08-01 17:38:48.781,41998387.188,0.6808432542439626
3171,"[2009.0, 8.0, 1.0, 21.0, 30.0, 33.968]",24,B0033,296,3172,03172.csv,1.3796301360966086,121,2009-08-01 21:30:33.968,42012292.375,0.6898150680483043
3173,"[2009.0, 8.0, 2.0, 1.0, 23.0, 21.296]",24,B0033,298,3174,03174.csv,1.364231776003204,122,2009-08-02 01:23:21.296,42026259.703,0.682115888001602
3175,"[2009.0, 8.0, 2.0, 5.0, 16.0, 47.781]",24,B0033,300,3176,03176.csv,1.3418414512081456,123,2009-08-02 05:16:47.781,42040266.188,0.6709207256040728
3177,"[2009.0, 8.0, 2.0, 9.0, 10.0, 15.046]",24,B0033,302,3178,03178.csv,1.355221569579225,124,2009-08-02 09:10:15.046,42054273.453,0.6776107847896126
3181,"[2009.0, 8.0, 2.0, 14.0, 15.0, 27.171]",24,B0033,306,3182,03182.csv,1.3403860264029774,125,2009-08-02 14:15:27.171,42072585.578,0.6701930132014887
3183,"[2009.0, 8.0, 2.0, 18.0, 8.0, 54.375]",24,B0033,308,3184,03184.csv,1.3594078914195438,126,2009-08-02 18:08:54.375,42086592.782,0.6797039457097719
3185,"[2009.0, 8.0, 2.0, 22.0, 2.0, 10.046]",24,B0033,310,3186,03186.csv,1.3457100861355502,127,2009-08-02 22:02:10.046,42100588.453,0.6728550430677751
3187,"[2009.0, 8.0, 3.0, 1.0, 55.0, 22.875]",24,B0033,312,3188,03188.csv,1.3477611420854358,128,2009-08-03 01:55:22.875,42114581.282,0.6738805710427179
3189,"[2009.0, 8.0, 3.0, 5.0, 48.0, 39.625]",24,B0033,314,3190,03190.csv,1.335482103134067,129,2009-08-03 05:48:39.625,42128578.032,0.6677410515670335
3193,"[2009.0, 8.0, 3.0, 10.0, 53.0, 34.968]",24,B0033,318,3194,03194.csv,1.353154941842234,130,2009-08-03 10:53:34.968,42146873.375,0.6765774709211169
3195,"[2009.0, 8.0, 3.0, 14.0, 44.0, 14.312]",24,B0033,320,3196,03196.csv,1.3709677706044292,131,2009-08-03 14:44:14.312,42160712.719,0.6854838853022146
3197,"[2009.0, 8.0, 3.0, 18.0, 38.0, 5.89]",24,B0033,322,3198,03198.csv,1.357426672491866,132,2009-08-03 18:38:05.890,42174744.297,0.678713336245933
3199,"[2009.0, 8.0, 3.0, 22.0, 31.0, 42.515]",24,B0033,324,3200,03200.csv,1.3443678821106904,133,2009-08-03 22:31:42.515,42188760.922,0.6721839410553452
3201,"[2009.0, 8.0, 4.0, 2.0, 24.0, 55.453]",24,B0033,326,3202,03202.csv,1.33005823859453,134,2009-08-04 02:24:55.453,42202753.86,0.665029119297265
3205,"[2009.0, 8.0, 5.0, 10.0, 47.0, 54.89]",24,B0033,330,3206,03206.csv,1.4033641858066626,135,2009-08-05 10:47:54.890,42319333.297,0.7016820929033313
3209,"[2009.0, 8.0, 5.0, 15.0, 53.0, 12.468]",24,B0033,334,3210,03210.csv,1.3865570950229378,136,2009-08-05 15:53:12.468,42337650.875,0.6932785475114689
3211,"[2009.0, 8.0, 5.0, 19.0, 44.0, 54.078]",24,B0033,336,3212,03212.csv,1.3704138176872631,137,2009-08-05 19:44:54.078,42351552.485,0.6852069088436317
3213,"[2009.0, 8.0, 5.0, 23.0, 38.0, 49.906]",24,B0033,338,3214,03214.csv,1.325319393635713,138,2009-08-05 23:38:49.906,42365588.313,0.6626596968178565
3215,"[2009.0, 8.0, 6.0, 3.0, 32.0, 21.312]",24,B0033,340,3216,03216.csv,0.8439684993200656,139,2009-08-06 03:32:21.312,42379599.719,0.4219842496600328
3217,"[2009.0, 8.0, 6.0, 7.0, 22.0, 48.562]",24,B0033,342,3218,03218.csv,0.298661803715835,140,2009-08-06 07:22:48.562,42393426.969,0.1493309018579175
3221,"[2009.0, 8.0, 6.0, 12.0, 25.0, 17.046]",24,B0033,346,3222,03222.csv,0.2344867974702557,141,2009-08-06 12:25:17.046,42411575.453,0.11724339873512785
3223,"[2009.0, 8.0, 6.0, 16.0, 13.0, 25.921]",24,B0033,348,3224,03224.csv,0.2025633038072582,142,2009-08-06 16:13:25.921,42425264.328,0.1012816519036291
3225,"[2009.0, 8.0, 6.0, 20.0, 0.0, 59.562]",24,B0033,350,3226,03226.csv,0.2353199565407024,143,2009-08-06 20:00:59.562,42438917.969,0.1176599782703512
3227,"[2009.0, 8.0, 6.0, 23.0, 49.0, 34.39]",24,B0033,352,3228,03228.csv,0.2355042783748287,144,2009-08-06 23:49:34.390,42452632.797,0.11775213918741435
3229,"[2009.0, 8.0, 7.0, 3.0, 40.0, 19.734]",24,B0033,354,3230,03230.csv,0.4304242256752923,145,2009-08-07 03:40:19.734,42466478.141,0.2152121128376461
3233,"[2009.0, 8.0, 7.0, 8.0, 44.0, 36.25]",24,B0033,358,3234,03234.csv,0.4643633320269643,146,2009-08-07 08:44:36.250,42484734.657,0.23218166601348217
3235,"[2009.0, 8.0, 7.0, 12.0, 32.0, 22.343]",24,B0033,360,3236,03236.csv,0.3994839380247729,147,2009-08-07 12:32:22.343,42498400.75,0.1997419690123865
3237,"[2009.0, 8.0, 7.0, 16.0, 20.0, 49.765]",24,B0033,362,3238,03238.csv,1.461469789426299,148,2009-08-07 16:20:49.765,42512108.172,0.7307348947131495
3239,"[2009.0, 8.0, 7.0, 20.0, 14.0, 10.406]",24,B0033,364,3240,03240.csv,1.4150999545382532,149,2009-08-07 20:14:10.406,42526108.813,0.7075499772691266
3241,"[2009.0, 8.0, 8.0, 0.0, 7.0, 5.125]",24,B0033,366,3242,03242.csv,1.383632373873956,150,2009-08-08 00:07:05.125,42540083.532,0.691816186936978
3245,"[2009.0, 8.0, 8.0, 5.0, 11.0, 27.593]",24,B0033,370,3246,03246.csv,1.3705402893609833,151,2009-08-08 05:11:27.593,42558346.0,0.6852701446804916
3247,"[2009.0, 8.0, 8.0, 9.0, 3.0, 54.812]",24,B0033,372,3248,03248.csv,1.3557042566115398,152,2009-08-08 09:03:54.812,42572293.219,0.6778521283057699
3249,"[2009.0, 8.0, 8.0, 12.0, 56.0, 26.703]",24,B0033,374,3250,03250.csv,1.3578385793919765,153,2009-08-08 12:56:26.703,42586245.11,0.6789192896959882
3251,"[2009.0, 8.0, 8.0, 16.0, 48.0, 44.937]",24,B0033,376,3252,03252.csv,1.3609083979571397,154,2009-08-08 16:48:44.937,42600183.344,0.6804541989785698
3253,"[2009.0, 8.0, 8.0, 20.0, 40.0, 51.687]",24,B0033,378,3254,03254.csv,1.3495626547684758,155,2009-08-08 20:40:51.687,42614110.094,0.6747813273842379
3257,"[2009.0, 8.0, 17.0, 13.0, 8.0, 30.968]",24,B0033,382,3258,03258.csv,1.1888877132486642,156,2009-08-17 13:08:30.968,43364569.375,0.5944438566243321
3261,"[2009.0, 8.0, 17.0, 18.0, 14.0, 9.375]",24,B0033,386,3262,03262.csv,1.5041493934608643,157,2009-08-17 18:14:09.375,43382907.782,0.7520746967304323
3263,"[2009.0, 8.0, 17.0, 22.0, 6.0, 54.109]",24,B0033,388,3264,03264.csv,1.4899088638712767,158,2009-08-17 22:06:54.109,43396872.516,0.7449544319356385
3265,"[2009.0, 8.0, 18.0, 2.0, 1.0, 3.312]",24,B0033,390,3266,03266.csv,1.475330178643193,159,2009-08-18 02:01:03.312,43410921.719,0.7376650893215966
3267,"[2009.0, 8.0, 18.0, 5.0, 55.0, 2.015]",24,B0033,392,3268,03268.csv,1.459830765413703,160,2009-08-18 05:55:02.015,43424960.422,0.7299153827068515
3269,"[2009.0, 8.0, 18.0, 9.0, 48.0, 49.64]",24,B0033,394,3270,03270.csv,1.4474169057725728,161,2009-08-18 09:48:49.640,43438988.047,0.7237084528862865
3273,"[2009.0, 8.0, 18.0, 14.0, 54.0, 37.937]",24,B0033,398,3274,03274.csv,1.4676323674647154,162,2009-08-18 14:54:37.937,43457336.344,0.7338161837323577
3275,"[2009.0, 8.0, 18.0, 18.0, 45.0, 24.703]",24,B0033,400,3276,03276.csv,1.441552493165527,163,2009-08-18 18:45:24.703,43471183.11,0.7207762465827635
3277,"[2009.0, 8.0, 18.0, 22.0, 39.0, 17.609]",24,B0033,402,3278,03278.csv,1.418392873584403,164,2009-08-18 22:39:17.609,43485216.016,0.7091964367922015
3279,"[2009.0, 8.0, 19.0, 2.0, 32.0, 38.625]",24,B0033,404,3280,03280.csv,1.4031824838852518,165,2009-08-19 02:32:38.625,43499217.032,0.7015912419426259
3281,"[2009.0, 8.0, 19.0, 6.0, 25.0, 55.265]",24,B0033,406,3282,03282.csv,1.3911104661211642,166,2009-08-19 06:25:55.265,43513213.672,0.6955552330605821
3285,"[2009.0, 8.0, 19.0, 11.0, 30.0, 52.687]",24,B0033,410,3286,03286.csv,1.4086019958134537,167,2009-08-19 11:30:52.687,43531511.094,0.7043009979067268
3287,"[2009.0, 8.0, 19.0, 15.0, 24.0, 12.875]",24,B0033,412,3288,03288.csv,1.413770890394895,168,2009-08-19 15:24:12.875,43545511.282,0.7068854451974473
3289,"[2009.0, 8.0, 19.0, 19.0, 17.0, 33.312]",24,B0033,414,3290,03290.csv,1.412472234540845,169,2009-08-19 19:17:33.312,43559511.719,0.7062361172704225
3291,"[2009.0, 8.0, 19.0, 23.0, 10.0, 50.875]",24,B0033,416,3292,03292.csv,1.3831900026575588,170,2009-08-19 23:10:50.875,43573509.282,0.6915950013287794
3293,"[2009.0, 8.0, 20.0, 3.0, 3.0, 46.687]",24,B0033,418,3294,03294.csv,1.3646098107432565,171,2009-08-20 03:03:46.687,43587485.094,0.6823049053716282
3297,"[2009.0, 8.0, 20.0, 8.0, 8.0, 26.703]",24,B0033,422,3298,03298.csv,1.369751365782437,172,2009-08-20 08:08:26.703,43605765.11,0.6848756828912186
3299,"[2009.0, 8.0, 20.0, 12.0, 1.0, 9.546]",24,B0033,424,3300,03300.csv,1.3867946911071662,173,2009-08-20 12:01:09.546,43619727.953,0.6933973455535832
3301,"[2009.0, 8.0, 20.0, 15.0, 51.0, 55.171]",24,B0033,426,3302,03302.csv,1.3918615875742792,174,2009-08-20 15:51:55.171,43633573.578,0.6959307937871396
3303,"[2009.0, 8.0, 20.0, 19.0, 42.0, 35.546]",24,B0033,428,3304,03304.csv,1.377162352180965,175,2009-08-20 19:42:35.546,43647413.953,0.6885811760904825
3305,"[2009.0, 8.0, 20.0, 23.0, 35.0, 23.25]",24,B0033,430,3306,03306.csv,1.3599525359390852,176,2009-08-20 23:35:23.250,43661381.657,0.6799762679695427
3309,"[2009.0, 8.0, 21.0, 17.0, 59.0, 25.484]",24,B0033,434,3310,03310.csv,1.379779043170725,177,2009-08-21 17:59:25.484,43727623.891,0.6898895215853625
3313,"[2009.0, 8.0, 21.0, 23.0, 4.0, 26.375]",24,B0033,438,3314,03314.csv,1.3631373661966442,178,2009-08-21 23:04:26.375,43745924.782,0.6815686830983221
3315,"[2009.0, 8.0, 22.0, 2.0, 57.0, 6.984]",24,B0033,440,3316,03316.csv,1.3652295228794809,179,2009-08-22 02:57:06.984,43759885.391,0.6826147614397403
3317,"[2009.0, 8.0, 22.0, 6.0, 49.0, 38.89]",24,B0033,442,3318,03318.csv,1.3498620694059131,180,2009-08-22 06:49:38.890,43773837.297,0.6749310347029565
3319,"[2009.0, 8.0, 22.0, 10.0, 41.0, 58.171]",24,B0033,444,3320,03320.csv,1.3529504172332432,181,2009-08-22 10:41:58.171,43787776.578,0.6764752086166216
3321,"[2009.0, 8.0, 22.0, 14.0, 34.0, 5.875]",24,B0033,446,3322,03322.csv,1.3535740542605128,182,2009-08-22 14:34:05.875,43801704.282,0.6767870271302564
3325,"[2009.0, 8.0, 22.0, 19.0, 38.0, 7.906]",24,B0033,450,3326,03326.csv,1.3432225183905024,183,2009-08-22 19:38:07.906,43819946.313,0.6716112591952512
3327,"[2009.0, 8.0, 22.0, 23.0, 30.0, 19.437]",24,B0033,452,3328,03328.csv,1.3412081769053426,184,2009-08-22 23:30:19.437,43833877.844,0.6706040884526714
3329,"[2009.0, 8.0, 23.0, 3.0, 22.0, 24.156]",24,B0033,454,3330,03330.csv,1.3277389969987805,185,2009-08-23 03:22:24.156,43847802.563,0.6638694984993903
3331,"[2009.0, 8.0, 23.0, 7.0, 14.0, 19.109]",24,B0033,456,3332,03332.csv,1.329778900445409,186,2009-08-23 07:14:19.109,43861717.516,0.6648894502227045
3333,"[2009.0, 8.0, 23.0, 11.0, 6.0, 6.546]",24,B0033,458,3334,03334.csv,1.3356045028702497,187,2009-08-23 11:06:06.546,43875624.953,0.6678022514351248
3337,"[2009.0, 8.0, 23.0, 16.0, 9.0, 49.296]",24,B0033,462,3338,03338.csv,1.3177489685711123,188,2009-08-23 16:09:49.296,43893847.703,0.6588744842855562
3339,"[2009.0, 8.0, 23.0, 20.0, 1.0, 32.5]",24,B0033,464,3340,03340.csv,1.317605472474197,189,2009-08-23 20:01:32.500,43907750.907,0.6588027362370985
3341,"[2009.0, 8.0, 23.0, 23.0, 53.0, 2.437]",24,B0033,466,3342,03342.csv,1.3185279522072382,190,2009-08-23 23:53:02.437,43921640.844,0.659263976103619
3343,"[2009.0, 8.0, 24.0, 3.0, 44.0, 13.046]",24,B0033,468,3344,03344.csv,1.3215397269813982,191,2009-08-24 03:44:13.046,43935511.453,0.6607698634906991
3345,"[2009.0, 8.0, 24.0, 7.0, 35.0, 22.546]",24,B0033,470,3346,03346.csv,1.3046615372928705,192,2009-08-24 07:35:22.546,43949380.953,0.6523307686464352
3349,"[2009.0, 8.0, 24.0, 12.0, 38.0, 30.39]",24,B0033,474,3350,03350.csv,1.3280324770208678,193,2009-08-24 12:38:30.390,43967568.797,0.664016238510434
3351,"[2009.0, 8.0, 24.0, 16.0, 30.0, 26.734]",24,B0033,476,3352,03352.csv,1.3634549770713926,194,2009-08-24 16:30:26.734,43981485.141,0.6817274885356963
3353,"[2009.0, 8.0, 24.0, 20.0, 22.0, 13.218]",24,B0033,478,3354,03354.csv,1.3291316747402466,195,2009-08-24 20:22:13.218,43995391.625,0.6645658373701234
3355,"[2009.0, 8.0, 25.0, 0.0, 13.0, 33.593]",24,B0033,480,3356,03356.csv,1.3124201086917682,196,2009-08-25 00:13:33.593,44009272.0,0.6562100543458841
3357,"[2009.0, 8.0, 25.0, 4.0, 4.0, 24.875]",24,B0033,482,3358,03358.csv,1.3152825503676355,197,2009-08-25 04:04:24.875,44023123.282,0.6576412751838177
3361,"[2009.0, 6.0, 19.0, 17.0, 18.0, 16.015]",24,B0034,0,3362,03362.csv,0.7459302957645664,1,2009-06-19 17:18:16.015,38281954.422,0.37296514788228324
3365,"[2009.0, 6.0, 19.0, 22.0, 2.0, 50.609]",24,B0034,4,3366,03366.csv,1.6623217152845853,2,2009-06-19 22:02:50.609,38299029.016,0.8311608576422926
3367,"[2009.0, 6.0, 20.0, 1.0, 59.0, 39.75]",24,B0034,6,3368,03368.csv,1.645087369694532,3,2009-06-20 01:59:39.750,38313238.157,0.822543684847266
3369,"[2009.0, 6.0, 20.0, 5.0, 55.0, 38.984]",24,B0034,8,3370,03370.csv,1.620729289277574,4,2009-06-20 05:55:38.984,38327397.391,0.810364644638787
3371,"[2009.0, 6.0, 20.0, 9.0, 50.0, 35.156]",24,B0034,10,3372,03372.csv,1.5967402025126003,5,2009-06-20 09:50:35.156,38341493.563,0.7983701012563001
3373,"[2009.0, 6.0, 20.0, 13.0, 47.0, 19.156]",24,B0034,12,3374,03374.csv,1.4856500618812698,6,2009-06-20 13:47:19.156,38355697.563,0.7428250309406349
3377,"[2009.0, 6.0, 20.0, 18.0, 55.0, 22.281]",24,B0034,16,3378,03378.csv,1.4866702197497013,7,2009-06-20 18:55:22.281,38374180.688,0.7433351098748505
3379,"[2009.0, 6.0, 20.0, 22.0, 51.0, 49.984]",24,B0034,18,3380,03380.csv,1.4701330958405268,8,2009-06-20 22:51:49.984,38388368.391,0.7350665479202634
3381,"[2009.0, 6.0, 21.0, 2.0, 48.0, 20.078]",24,B0034,20,3382,03382.csv,1.4565041801019636,9,2009-06-21 02:48:20.078,38402558.485,0.7282520900509817
3383,"[2009.0, 6.0, 21.0, 6.0, 44.0, 49.843]",24,B0034,22,3384,03384.csv,1.4418961035576472,10,2009-06-21 06:44:49.843,38416748.25,0.7209480517788236
3385,"[2009.0, 6.0, 21.0, 10.0, 41.0, 15.046]",24,B0034,24,3386,03386.csv,1.4370949588970292,11,2009-06-21 10:41:15.046,38430933.453,0.7185474794485145
3389,"[2009.0, 6.0, 21.0, 15.0, 49.0, 5.796]",24,B0034,28,3390,03390.csv,1.4458703624967404,12,2009-06-21 15:49:05.796,38449404.203,0.7229351812483702
3391,"[2009.0, 6.0, 21.0, 19.0, 45.0, 24.468]",24,B0034,30,3392,03392.csv,1.432104054561837,13,2009-06-21 19:45:24.468,38463582.875,0.7160520272809185
3393,"[2009.0, 6.0, 21.0, 23.0, 41.0, 43.609]",24,B0034,32,3394,03394.csv,1.426720633302465,14,2009-06-21 23:41:43.609,38477762.016,0.7133603166512325
3395,"[2009.0, 6.0, 22.0, 3.0, 37.0, 57.218]",24,B0034,34,3396,03396.csv,1.4230846885129826,15,2009-06-22 03:37:57.218,38491935.625,0.7115423442564913
3397,"[2009.0, 6.0, 22.0, 7.0, 34.0, 6.234]",24,B0034,36,3398,03398.csv,1.4409479522418909,16,2009-06-22 07:34:06.234,38506104.641,0.7204739761209454
3401,"[2009.0, 6.0, 22.0, 12.0, 41.0, 48.359]",24,B0034,40,3402,03402.csv,1.486901544051865,17,2009-06-22 12:41:48.359,38524566.766,0.7434507720259325
3403,"[2009.0, 6.0, 22.0, 16.0, 38.0, 13.281]",24,B0034,42,3404,03404.csv,1.5245313226850703,18,2009-06-22 16:38:13.281,38538751.688,0.7622656613425352
3405,"[2009.0, 6.0, 22.0, 20.0, 34.0, 46.062]",24,B0034,44,3406,03406.csv,1.4629049605190707,19,2009-06-22 20:34:46.062,38552944.469,0.7314524802595354
3407,"[2009.0, 6.0, 23.0, 0.0, 31.0, 3.375]",24,B0034,46,3408,03408.csv,1.423079450854989,20,2009-06-23 00:31:03.375,38567121.782,0.7115397254274946
3409,"[2009.0, 6.0, 23.0, 4.0, 27.0, 4.484]",24,B0034,48,3410,03410.csv,1.4051040863603437,21,2009-06-23 04:27:04.484,38581282.891,0.7025520431801717
3413,"[2009.0, 6.0, 26.0, 15.0, 29.0, 34.968]",24,B0034,52,3414,03414.csv,1.6329463925070862,22,2009-06-26 15:29:34.968,38880233.375,0.8164731962535431
3417,"[2009.0, 6.0, 26.0, 20.0, 32.0, 24.265]",24,B0034,56,3418,03418.csv,1.5687138208259117,23,2009-06-26 20:32:24.265,38898402.672,0.7843569104129559
3419,"[2009.0, 6.0, 27.0, 0.0, 28.0, 29.453]",24,B0034,58,3420,03420.csv,1.5149520966053402,24,2009-06-27 00:28:29.453,38912567.86,0.7574760483026701
3421,"[2009.0, 6.0, 27.0, 4.0, 25.0, 16.218]",24,B0034,60,3422,03422.csv,1.4855182940634626,25,2009-06-27 04:25:16.218,38926774.625,0.7427591470317313
3423,"[2009.0, 6.0, 27.0, 8.0, 21.0, 51.234]",24,B0034,62,3424,03424.csv,1.480771929049074,26,2009-06-27 08:21:51.234,38940969.641,0.740385964524537
3425,"[2009.0, 6.0, 27.0, 12.0, 18.0, 20.5]",24,B0034,64,3426,03426.csv,1.484026357317059,27,2009-06-27 12:18:20.500,38955158.907,0.7420131786585294
3429,"[2009.0, 6.0, 27.0, 17.0, 26.0, 12.718]",24,B0034,68,3430,03430.csv,1.4922153055506522,28,2009-06-27 17:26:12.718,38973631.125,0.7461076527753261
3431,"[2009.0, 6.0, 27.0, 21.0, 22.0, 21.781]",24,B0034,70,3432,03432.csv,1.473312924099279,29,2009-06-27 21:22:21.781,38987800.188,0.7366564620496395
3433,"[2009.0, 6.0, 28.0, 1.0, 18.0, 34.656]",24,B0034,72,3434,03434.csv,1.441593178980006,30,2009-06-28 01:18:34.656,39001973.063,0.720796589490003
3435,"[2009.0, 6.0, 28.0, 5.0, 14.0, 48.25]",24,B0034,74,3436,03436.csv,1.4225873198015788,31,2009-06-28 05:14:48.250,39016146.657,0.7112936599007894
3437,"[2009.0, 6.0, 28.0, 9.0, 10.0, 46.125]",24,B0034,76,3438,03438.csv,1.4266489379486664,32,2009-06-28 09:10:46.125,39030304.532,0.7133244689743333
3441,"[2009.0, 6.0, 28.0, 14.0, 18.0, 12.906]",24,B0034,80,3442,03442.csv,1.4596775560238575,33,2009-06-28 14:18:12.906,39048751.313,0.7298387780119288
3443,"[2009.0, 6.0, 28.0, 18.0, 13.0, 23.984]",24,B0034,82,3444,03444.csv,1.4396159938545154,34,2009-06-28 18:13:23.984,39062862.391,0.7198079969272577
3445,"[2009.0, 6.0, 28.0, 22.0, 7.0, 58.453]",24,B0034,84,3446,03446.csv,1.4195512657848512,35,2009-06-28 22:07:58.453,39076936.86,0.7097756328924256
3447,"[2009.0, 6.0, 29.0, 2.0, 3.0, 46.14]",24,B0034,86,3448,03448.csv,1.4118101714470452,36,2009-06-29 02:03:46.140,39091084.547,0.7059050857235226
3449,"[2009.0, 6.0, 29.0, 5.0, 59.0, 12.218]",24,B0034,88,3450,03450.csv,1.4044196701845313,37,2009-06-29 05:59:12.218,39105210.625,0.7022098350922658
3453,"[2009.0, 6.0, 29.0, 11.0, 6.0, 27.906]",24,B0034,92,3454,03454.csv,1.4735059098606866,38,2009-06-29 11:06:27.906,39123646.313,0.7367529549303433
3455,"[2009.0, 6.0, 29.0, 14.0, 59.0, 50.625]",24,B0034,94,3456,03456.csv,1.492658600645149,39,2009-06-29 14:59:50.625,39137649.032,0.7463293003225745
3457,"[2009.0, 6.0, 29.0, 18.0, 50.0, 48.062]",24,B0034,96,3458,03458.csv,1.4820260149945934,40,2009-06-29 18:50:48.062,39151506.469,0.7410130074972967
3459,"[2009.0, 6.0, 29.0, 22.0, 44.0, 42.875]",24,B0034,98,3460,03460.csv,1.423575357658995,41,2009-06-29 22:44:42.875,39165541.282,0.7117876788294974
3461,"[2009.0, 6.0, 30.0, 2.0, 36.0, 39.734]",24,B0034,100,3462,03462.csv,1.403825219724535,42,2009-06-30 02:36:39.734,39179458.141,0.7019126098622676
3465,"[2009.0, 7.0, 1.0, 11.0, 15.0, 23.875]",24,B0034,104,3466,03466.csv,1.5363173478836123,43,2009-07-01 11:15:23.875,39296982.282,0.7681586739418061
3469,"[2009.0, 7.0, 1.0, 16.0, 18.0, 18.546]",24,B0034,108,3470,03470.csv,1.5440367168176732,44,2009-07-01 16:18:18.546,39315156.953,0.7720183584088366
3471,"[2009.0, 7.0, 1.0, 20.0, 10.0, 2.437]",24,B0034,110,3472,03472.csv,1.507892155360249,45,2009-07-01 20:10:02.437,39329060.844,0.7539460776801244
3473,"[2009.0, 7.0, 14.0, 16.0, 14.0, 47.937]",24,B0034,112,3474,03474.csv,1.8203060058691087,46,2009-07-14 16:14:47.937,40438146.344,0.9101530029345544
3477,"[2009.0, 7.0, 14.0, 21.0, 23.0, 50.218]",24,B0034,116,3478,03478.csv,1.5936575758226643,47,2009-07-14 21:23:50.218,40456688.625,0.7968287879113322
3479,"[2009.0, 7.0, 15.0, 1.0, 16.0, 15.015]",24,B0034,118,3480,03480.csv,1.533070464968097,48,2009-07-15 01:16:15.015,40470633.422,0.7665352324840485
3481,"[2009.0, 7.0, 15.0, 5.0, 9.0, 4.546]",24,B0034,120,3482,03482.csv,1.4862143093107285,49,2009-07-15 05:09:04.546,40484602.953,0.7431071546553641
3483,"[2009.0, 7.0, 15.0, 9.0, 4.0, 59.109]",24,B0034,122,3484,03484.csv,1.5029318848267783,50,2009-07-15 09:04:59.109,40498757.516,0.7514659424133892
3485,"[2009.0, 7.0, 15.0, 12.0, 57.0, 49.296]",24,B0034,124,3486,03486.csv,1.5202185406928062,51,2009-07-15 12:57:49.296,40512727.703,0.7601092703464031
3489,"[2009.0, 7.0, 15.0, 18.0, 0.0, 54.64]",24,B0034,128,3490,03490.csv,1.5118194735004464,52,2009-07-15 18:00:54.640,40530913.047,0.7559097367502232
3491,"[2009.0, 7.0, 15.0, 21.0, 52.0, 48.093]",24,B0034,130,3492,03492.csv,1.464601301820905,53,2009-07-15 21:52:48.093,40544826.5,0.7323006509104525
3493,"[2009.0, 7.0, 16.0, 1.0, 44.0, 58.39]",24,B0034,132,3494,03494.csv,1.4546140961511749,54,2009-07-16 01:44:58.390,40558756.797,0.7273070480755873
3495,"[2009.0, 7.0, 16.0, 5.0, 37.0, 32.718]",24,B0034,134,3496,03496.csv,1.4333400490204142,55,2009-07-16 05:37:32.718,40572711.125,0.7166700245102071
3497,"[2009.0, 7.0, 16.0, 9.0, 29.0, 18.125]",24,B0034,136,3498,03498.csv,1.449326234639616,56,2009-07-16 09:29:18.125,40586616.532,0.7246631173198081
3501,"[2009.0, 7.0, 16.0, 14.0, 36.0, 0.453]",24,B0034,140,3502,03502.csv,1.495199821798908,57,2009-07-16 14:36:00.453,40605018.86,0.747599910899454
3503,"[2009.0, 7.0, 16.0, 18.0, 26.0, 9.14]",24,B0034,142,3504,03504.csv,1.4720590241846008,58,2009-07-16 18:26:09.140,40618827.547,0.7360295120923004
3505,"[2009.0, 7.0, 16.0, 22.0, 18.0, 31.578]",24,B0034,144,3506,03506.csv,1.4097383014648728,59,2009-07-16 22:18:31.578,40632769.985,0.7048691507324364
3507,"[2009.0, 7.0, 17.0, 2.0, 10.0, 38.265]",24,B0034,146,3508,03508.csv,1.3861944181384176,60,2009-07-17 02:10:38.265,40646696.672,0.6930972090692087
3509,"[2009.0, 7.0, 17.0, 6.0, 2.0, 31.671]",24,B0034,148,3510,03510.csv,1.3624125407550536,61,2009-07-17 06:02:31.671,40660610.078,0.6812062703775268
3513,"[2009.0, 7.0, 17.0, 11.0, 8.0, 50.734]",24,B0034,152,3514,03514.csv,1.4471377445077278,62,2009-07-17 11:08:50.734,40678989.141,0.7235688722538639
3515,"[2009.0, 7.0, 17.0, 15.0, 0.0, 0.14]",24,B0034,154,3516,03516.csv,1.4554483390450048,63,2009-07-17 15:00:00.140,40692858.547,0.7277241695225024
3517,"[2009.0, 7.0, 17.0, 18.0, 49.0, 14.75]",24,B0034,156,3518,03518.csv,1.4423952167302958,64,2009-07-17 18:49:14.750,40706613.157,0.7211976083651479
3519,"[2009.0, 7.0, 17.0, 22.0, 40.0, 36.953]",24,B0034,158,3520,03520.csv,1.377541945989605,65,2009-07-17 22:40:36.953,40720495.36,0.6887709729948025
3521,"[2009.0, 7.0, 18.0, 2.0, 32.0, 19.203]",24,B0034,160,3522,03522.csv,1.3539935892900532,66,2009-07-18 02:32:19.203,40734397.61,0.6769967946450266
3525,"[2009.0, 7.0, 23.0, 10.0, 25.0, 18.89]",24,B0034,164,3526,03526.csv,1.5509038861664448,67,2009-07-23 10:25:18.890,41194777.297,0.7754519430832224
3529,"[2009.0, 7.0, 23.0, 15.0, 28.0, 51.734]",24,B0034,168,3530,03530.csv,1.5562932697752867,68,2009-07-23 15:28:51.734,41212990.141,0.7781466348876434
3531,"[2009.0, 7.0, 23.0, 19.0, 19.0, 21.39]",24,B0034,170,3532,03532.csv,1.5067526605064707,69,2009-07-23 19:19:21.390,41226819.797,0.7533763302532354
3533,"[2009.0, 7.0, 23.0, 23.0, 11.0, 10.812]",24,B0034,172,3534,03534.csv,1.444138733302766,70,2009-07-23 23:11:10.812,41240729.219,0.722069366651383
3535,"[2009.0, 7.0, 24.0, 3.0, 2.0, 51.234]",24,B0034,174,3536,03536.csv,1.4144103811292437,71,2009-07-24 03:02:51.234,41254629.641,0.7072051905646218
3537,"[2009.0, 7.0, 24.0, 6.0, 55.0, 12.218]",24,B0034,176,3538,03538.csv,1.3897574212362729,72,2009-07-24 06:55:12.218,41268570.625,0.6948787106181364
3541,"[2009.0, 7.0, 24.0, 12.0, 1.0, 7.843]",24,B0034,180,3542,03542.csv,1.449968311475299,73,2009-07-24 12:01:07.843,41286926.25,0.7249841557376496
3543,"[2009.0, 7.0, 24.0, 15.0, 46.0, 9.421]",24,B0034,182,3544,03544.csv,1.4678653068012166,74,2009-07-24 15:46:09.421,41300427.828,0.7339326534006083
3545,"[2009.0, 7.0, 24.0, 19.0, 35.0, 49.25]",24,B0034,184,3546,03546.csv,1.4290644310445066,75,2009-07-24 19:35:49.250,41314207.657,0.7145322155222533
3547,"[2009.0, 7.0, 24.0, 23.0, 28.0, 2.156]",24,B0034,186,3548,03548.csv,1.376744834668327,76,2009-07-24 23:28:02.156,41328140.563,0.6883724173341634
3549,"[2009.0, 7.0, 25.0, 3.0, 20.0, 5.39]",24,B0034,188,3550,03550.csv,1.3515813262521057,77,2009-07-25 03:20:05.390,41342063.797,0.6757906631260527
3553,"[2009.0, 7.0, 25.0, 8.0, 26.0, 42.515]",24,B0034,192,3554,03554.csv,1.353993472828928,78,2009-07-25 08:26:42.515,41360460.922,0.676996736414464
3555,"[2009.0, 7.0, 25.0, 12.0, 19.0, 43.718]",24,B0034,194,3556,03556.csv,1.3577165116893766,79,2009-07-25 12:19:43.718,41374442.125,0.6788582558446883
3557,"[2009.0, 7.0, 25.0, 16.0, 13.0, 2.187]",24,B0034,196,3558,03558.csv,1.334169315351027,80,2009-07-25 16:13:02.187,41388440.594,0.6670846576755135
3559,"[2009.0, 7.0, 25.0, 20.0, 6.0, 55.421]",24,B0034,198,3560,03560.csv,1.3372147888783987,81,2009-07-25 20:06:55.421,41402473.828,0.6686073944391994
3561,"[2009.0, 7.0, 26.0, 0.0, 1.0, 9.546]",24,B0034,200,3562,03562.csv,1.339045224276927,82,2009-07-26 00:01:09.546,41416527.953,0.6695226121384635
3565,"[2009.0, 7.0, 26.0, 5.0, 7.0, 11.546]",24,B0034,204,3566,03566.csv,1.3439244604756322,83,2009-07-26 05:07:11.546,41434889.953,0.6719622302378161
3567,"[2009.0, 7.0, 26.0, 9.0, 1.0, 35.14]",24,B0034,206,3568,03568.csv,1.3454786192090245,84,2009-07-26 09:01:35.140,41448953.547,0.6727393096045122
3569,"[2009.0, 7.0, 26.0, 12.0, 55.0, 45.109]",24,B0034,208,3570,03570.csv,1.3482263029682544,85,2009-07-26 12:55:45.109,41463003.516,0.6741131514841272
3571,"[2009.0, 7.0, 26.0, 16.0, 49.0, 47.359]",24,B0034,210,3572,03572.csv,1.3373192299576058,86,2009-07-26 16:49:47.359,41477045.766,0.6686596149788029
3573,"[2009.0, 7.0, 26.0, 20.0, 43.0, 48.921]",24,B0034,212,3574,03574.csv,1.3402523341553034,87,2009-07-26 20:43:48.921,41491087.328,0.6701261670776517
3577,"[2009.0, 7.0, 27.0, 1.0, 50.0, 3.89]",24,B0034,216,3578,03578.csv,1.329096568237912,88,2009-07-27 01:50:03.890,41509462.297,0.664548284118956
3579,"[2009.0, 7.0, 27.0, 5.0, 43.0, 49.015]",24,B0034,218,3580,03580.csv,1.3323485655766352,89,2009-07-27 05:43:49.015,41523487.422,0.6661742827883175
3581,"[2009.0, 7.0, 27.0, 9.0, 37.0, 15.14]",24,B0034,220,3582,03582.csv,1.3501541310555516,90,2009-07-27 09:37:15.140,41537493.547,0.6750770655277758
3583,"[2009.0, 7.0, 27.0, 13.0, 29.0, 48.031]",24,B0034,222,3584,03584.csv,1.381523441054128,91,2009-07-27 13:29:48.031,41551446.438,0.690761720527064
3585,"[2009.0, 7.0, 27.0, 17.0, 21.0, 22.671]",24,B0034,224,3586,03586.csv,1.3835971952817807,92,2009-07-27 17:21:22.671,41565341.078,0.6917985976408904
3589,"[2009.0, 7.0, 27.0, 22.0, 28.0, 0.187]",24,B0034,228,3590,03590.csv,1.33011618620809,93,2009-07-27 22:28:00.187,41583738.594,0.6650580931040451
3591,"[2009.0, 7.0, 28.0, 2.0, 21.0, 28.109]",24,B0034,230,3592,03592.csv,1.3176982121703231,94,2009-07-28 02:21:28.109,41597746.516,0.6588491060851616
3593,"[2009.0, 7.0, 28.0, 6.0, 15.0, 44.125]",24,B0034,232,3594,03594.csv,1.3063657719651272,95,2009-07-28 06:15:44.125,41611802.532,0.6531828859825636
3595,"[2009.0, 7.0, 28.0, 10.0, 9.0, 52.296]",24,B0034,234,3596,03596.csv,1.3381567383793782,96,2009-07-28 10:09:52.296,41625850.703,0.6690783691896891
3597,"[2009.0, 7.0, 28.0, 14.0, 3.0, 56.171]",24,B0034,236,3598,03598.csv,1.3563258092165067,97,2009-07-28 14:03:56.171,41639894.578,0.6781629046082532
3601,"[2009.0, 7.0, 28.0, 19.0, 9.0, 29.828]",24,B0034,240,3602,03602.csv,1.3648997529550058,98,2009-07-28 19:09:29.828,41658228.235,0.6824498764775029
3603,"[2009.0, 7.0, 28.0, 23.0, 2.0, 26.656]",24,B0034,242,3604,03604.csv,1.3337639975535058,99,2009-07-28 23:02:26.656,41672205.063,0.6668819987767529
3605,"[2009.0, 7.0, 29.0, 2.0, 56.0, 24.125]",24,B0034,244,3606,03606.csv,1.3060123668658763,100,2009-07-29 02:56:24.125,41686242.532,0.6530061834329381
3607,"[2009.0, 7.0, 29.0, 6.0, 50.0, 26.906]",24,B0034,246,3608,03608.csv,1.3101868361375808,101,2009-07-29 06:50:26.906,41700285.313,0.6550934180687904
3609,"[2009.0, 7.0, 29.0, 10.0, 44.0, 27.906]",24,B0034,248,3610,03610.csv,1.3567668941696105,102,2009-07-29 10:44:27.906,41714326.313,0.6783834470848052
3613,"[2009.0, 7.0, 29.0, 15.0, 50.0, 33.843]",24,B0034,252,3614,03614.csv,1.3916857433587717,103,2009-07-29 15:50:33.843,41732692.25,0.6958428716793859
3615,"[2009.0, 7.0, 29.0, 19.0, 41.0, 4.109]",24,B0034,254,3616,03616.csv,1.3629935079344777,104,2009-07-29 19:41:04.109,41746522.516,0.6814967539672387
3617,"[2009.0, 7.0, 29.0, 23.0, 34.0, 17.859]",24,B0034,256,3618,03618.csv,1.3211711973900628,105,2009-07-29 23:34:17.859,41760516.266,0.6605855986950314
3619,"[2009.0, 7.0, 30.0, 3.0, 28.0, 18.171]",24,B0034,258,3620,03620.csv,1.3074869015593356,106,2009-07-30 03:28:18.171,41774556.578,0.6537434507796678
3621,"[2009.0, 7.0, 30.0, 7.0, 22.0, 22.187]",24,B0034,260,3622,03622.csv,1.3105881895483489,107,2009-07-30 07:22:22.187,41788600.594,0.6552940947741744
3625,"[2009.0, 7.0, 30.0, 12.0, 28.0, 5.953]",24,B0034,264,3626,03626.csv,1.376312668196664,108,2009-07-30 12:28:05.953,41806944.36,0.688156334098332
3627,"[2009.0, 7.0, 30.0, 16.0, 19.0, 5.437]",24,B0034,266,3628,03628.csv,1.391764929132287,109,2009-07-30 16:19:05.437,41820803.844,0.6958824645661436
3629,"[2009.0, 7.0, 30.0, 20.0, 9.0, 43.296]",24,B0034,268,3630,03630.csv,1.3649746353453525,110,2009-07-30 20:09:43.296,41834641.703,0.6824873176726762
3631,"[2009.0, 7.0, 31.0, 0.0, 3.0, 7.406]",24,B0034,270,3632,03632.csv,1.3219093937291897,111,2009-07-31 00:03:07.406,41848645.813,0.6609546968645948
3633,"[2009.0, 7.0, 31.0, 3.0, 56.0, 28.39]",24,B0034,272,3634,03634.csv,1.3090033888073913,112,2009-07-31 03:56:28.390,41862646.797,0.6545016944036957
3637,"[2009.0, 7.0, 31.0, 9.0, 1.0, 51.906]",24,B0034,276,3638,03638.csv,1.3327005721973733,113,2009-07-31 09:01:51.906,41880970.313,0.6663502860986867
3639,"[2009.0, 7.0, 31.0, 15.0, 42.0, 0.562]",24,B0034,278,3640,03640.csv,1.7423975189669398,114,2009-07-31 15:42:00.562,41904978.969,0.8711987594834699
3643,"[2009.0, 7.0, 31.0, 21.0, 3.0, 2.062]",24,B0034,282,3644,03644.csv,1.37734756281946,115,2009-07-31 21:03:02.062,41924240.469,0.68867378140973
3645,"[2009.0, 8.0, 1.0, 0.0, 54.0, 40.031]",24,B0034,284,3646,03646.csv,1.34875988767775,116,2009-08-01 00:54:40.031,41938138.438,0.674379943838875
3647,"[2009.0, 8.0, 1.0, 4.0, 46.0, 48.453]",24,B0034,286,3648,03648.csv,1.3501504559881146,117,2009-08-01 04:46:48.453,41952066.86,0.6750752279940574
3649,"[2009.0, 8.0, 1.0, 8.0, 40.0, 39.031]",24,B0034,288,3650,03650.csv,1.3387814875085953,118,2009-08-01 08:40:39.031,41966097.438,0.6693907437542976
3651,"[2009.0, 8.0, 1.0, 12.0, 33.0, 32.734]",24,B0034,290,3652,03652.csv,1.3253371210402685,119,2009-08-01 12:33:32.734,41980071.141,0.6626685605201342
3655,"[2009.0, 8.0, 1.0, 17.0, 38.0, 48.781]",24,B0034,294,3656,03656.csv,1.3308160596334049,120,2009-08-01 17:38:48.781,41998387.188,0.6654080298167024
3657,"[2009.0, 8.0, 1.0, 21.0, 30.0, 33.968]",24,B0034,296,3658,03658.csv,1.333083376618503,121,2009-08-01 21:30:33.968,42012292.375,0.6665416883092515
3659,"[2009.0, 8.0, 2.0, 1.0, 23.0, 21.296]",24,B0034,298,3660,03660.csv,1.3333226534895923,122,2009-08-02 01:23:21.296,42026259.703,0.6666613267447962
3661,"[2009.0, 8.0, 2.0, 5.0, 16.0, 47.781]",24,B0034,300,3662,03662.csv,1.3264281097516477,123,2009-08-02 05:16:47.781,42040266.188,0.6632140548758239
3663,"[2009.0, 8.0, 2.0, 9.0, 10.0, 15.046]",24,B0034,302,3664,03664.csv,1.323971040986857,124,2009-08-02 09:10:15.046,42054273.453,0.6619855204934285
3667,"[2009.0, 8.0, 2.0, 14.0, 15.0, 27.171]",24,B0034,306,3668,03668.csv,1.3249364225071156,125,2009-08-02 14:15:27.171,42072585.578,0.6624682112535578
3669,"[2009.0, 8.0, 2.0, 18.0, 8.0, 54.375]",24,B0034,308,3670,03670.csv,1.3283067675570923,126,2009-08-02 18:08:54.375,42086592.782,0.664153383778546
3671,"[2009.0, 8.0, 2.0, 22.0, 2.0, 10.046]",24,B0034,310,3672,03672.csv,1.314584348909226,127,2009-08-02 22:02:10.046,42100588.453,0.657292174454613
3673,"[2009.0, 8.0, 3.0, 1.0, 55.0, 22.875]",24,B0034,312,3674,03674.csv,1.3166841798543305,128,2009-08-03 01:55:22.875,42114581.282,0.6583420899271653
3675,"[2009.0, 8.0, 3.0, 5.0, 48.0, 39.625]",24,B0034,314,3676,03676.csv,1.3041727649654071,129,2009-08-03 05:48:39.625,42128578.032,0.6520863824827036
3679,"[2009.0, 8.0, 3.0, 10.0, 53.0, 34.968]",24,B0034,318,3680,03680.csv,1.3534450073572306,130,2009-08-03 10:53:34.968,42146873.375,0.6767225036786154
3681,"[2009.0, 8.0, 3.0, 14.0, 44.0, 14.312]",24,B0034,320,3682,03682.csv,1.371294082513786,131,2009-08-03 14:44:14.312,42160712.719,0.685647041256893
3683,"[2009.0, 8.0, 3.0, 18.0, 38.0, 5.89]",24,B0034,322,3684,03684.csv,1.357699321922511,132,2009-08-03 18:38:05.890,42174744.297,0.6788496609612555
3685,"[2009.0, 8.0, 3.0, 22.0, 31.0, 42.515]",24,B0034,324,3686,03686.csv,1.3286903090919502,133,2009-08-03 22:31:42.515,42188760.922,0.6643451545459752
3687,"[2009.0, 8.0, 4.0, 2.0, 24.0, 55.453]",24,B0034,326,3688,03688.csv,1.3143943268181724,134,2009-08-04 02:24:55.453,42202753.86,0.6571971634090862
3691,"[2009.0, 8.0, 5.0, 10.0, 47.0, 54.89]",24,B0034,330,3692,03692.csv,1.3866783030110723,135,2009-08-05 10:47:54.890,42319333.297,0.6933391515055363
3695,"[2009.0, 8.0, 5.0, 15.0, 53.0, 12.468]",24,B0034,334,3696,03696.csv,1.3868330458429208,136,2009-08-05 15:53:12.468,42337650.875,0.6934165229214604
3697,"[2009.0, 8.0, 5.0, 19.0, 44.0, 54.078]",24,B0034,336,3698,03698.csv,1.3548037379291014,137,2009-08-05 19:44:54.078,42351552.485,0.6774018689645507
3699,"[2009.0, 8.0, 5.0, 23.0, 38.0, 49.906]",24,B0034,338,3700,03700.csv,1.3255787669951669,138,2009-08-05 23:38:49.906,42365588.313,0.6627893834975835
3701,"[2009.0, 8.0, 6.0, 3.0, 32.0, 21.312]",24,B0034,340,3702,03702.csv,1.3119728676377551,139,2009-08-06 03:32:21.312,42379599.719,0.6559864338188776
3703,"[2009.0, 8.0, 6.0, 7.0, 22.0, 48.562]",24,B0034,342,3704,03704.csv,1.3064487948795198,140,2009-08-06 07:22:48.562,42393426.969,0.6532243974397599
3707,"[2009.0, 8.0, 6.0, 12.0, 25.0, 17.046]",24,B0034,346,3708,03708.csv,1.3418431880549024,141,2009-08-06 12:25:17.046,42411575.453,0.6709215940274512
3709,"[2009.0, 8.0, 6.0, 16.0, 13.0, 25.921]",24,B0034,348,3710,03710.csv,1.3609210170759327,142,2009-08-06 16:13:25.921,42425264.328,0.6804605085379662
3711,"[2009.0, 8.0, 6.0, 20.0, 0.0, 59.562]",24,B0034,350,3712,03712.csv,1.329960367739497,143,2009-08-06 20:00:59.562,42438917.969,0.6649801838697484
3713,"[2009.0, 8.0, 6.0, 23.0, 49.0, 34.39]",24,B0034,352,3714,03714.csv,1.299069387625936,144,2009-08-06 23:49:34.390,42452632.797,0.649534693812968
3715,"[2009.0, 8.0, 7.0, 3.0, 40.0, 19.734]",24,B0034,354,3716,03716.csv,1.2984544371955695,145,2009-08-07 03:40:19.734,42466478.141,0.6492272185977848
3719,"[2009.0, 8.0, 7.0, 8.0, 44.0, 36.25]",24,B0034,358,3720,03720.csv,1.317648609161009,146,2009-08-07 08:44:36.250,42484734.657,0.6588243045805044
3721,"[2009.0, 8.0, 7.0, 12.0, 32.0, 22.343]",24,B0034,360,3722,03722.csv,1.3360648564106594,147,2009-08-07 12:32:22.343,42498400.75,0.6680324282053297
3723,"[2009.0, 8.0, 7.0, 16.0, 20.0, 49.765]",24,B0034,362,3724,03724.csv,1.3635797361860138,148,2009-08-07 16:20:49.765,42512108.172,0.681789868093007
3725,"[2009.0, 8.0, 7.0, 20.0, 14.0, 10.406]",24,B0034,364,3726,03726.csv,1.3333112541544827,149,2009-08-07 20:14:10.406,42526108.813,0.6666556270772414
3727,"[2009.0, 8.0, 8.0, 0.0, 7.0, 5.125]",24,B0034,366,3728,03728.csv,1.3023273463118925,150,2009-08-08 00:07:05.125,42540083.532,0.6511636731559463
3731,"[2009.0, 8.0, 8.0, 5.0, 11.0, 27.593]",24,B0034,370,3732,03732.csv,1.2888728444455877,151,2009-08-08 05:11:27.593,42558346.0,0.6444364222227938
3733,"[2009.0, 8.0, 8.0, 9.0, 3.0, 54.812]",24,B0034,372,3734,03734.csv,1.2902746194203034,152,2009-08-08 09:03:54.812,42572293.219,0.6451373097101516
3735,"[2009.0, 8.0, 8.0, 12.0, 56.0, 26.703]",24,B0034,374,3736,03736.csv,1.292407565676824,153,2009-08-08 12:56:26.703,42586245.11,0.646203782838412
3737,"[2009.0, 8.0, 8.0, 16.0, 48.0, 44.937]",24,B0034,376,3738,03738.csv,1.295409150510234,154,2009-08-08 16:48:44.937,42600183.344,0.647704575255117
3739,"[2009.0, 8.0, 8.0, 20.0, 40.0, 51.687]",24,B0034,378,3740,03740.csv,1.283229881592695,155,2009-08-08 20:40:51.687,42614110.094,0.6416149407963475
3743,"[2009.0, 8.0, 17.0, 13.0, 8.0, 30.968]",24,B0034,382,3744,03744.csv,1.4557454024367815,156,2009-08-17 13:08:30.968,43364569.375,0.7278727012183908
3747,"[2009.0, 8.0, 17.0, 18.0, 14.0, 9.375]",24,B0034,386,3748,03748.csv,1.454676342673242,157,2009-08-17 18:14:09.375,43382907.782,0.727338171336621
3749,"[2009.0, 8.0, 17.0, 22.0, 6.0, 54.109]",24,B0034,388,3750,03750.csv,1.423427718198495,158,2009-08-17 22:06:54.109,43396872.516,0.7117138590992476
3751,"[2009.0, 8.0, 18.0, 2.0, 1.0, 3.312]",24,B0034,390,3752,03752.csv,1.392551210363313,159,2009-08-18 02:01:03.312,43410921.719,0.6962756051816565
3753,"[2009.0, 8.0, 18.0, 5.0, 55.0, 2.015]",24,B0034,392,3754,03754.csv,1.3765732493746907,160,2009-08-18 05:55:02.015,43424960.422,0.6882866246873454
3755,"[2009.0, 8.0, 18.0, 9.0, 48.0, 49.64]",24,B0034,394,3756,03756.csv,1.3810190828982352,161,2009-08-18 09:48:49.640,43438988.047,0.6905095414491176
3759,"[2009.0, 8.0, 18.0, 14.0, 54.0, 37.937]",24,B0034,398,3760,03760.csv,1.4007568321672863,162,2009-08-18 14:54:37.937,43457336.344,0.7003784160836432
3761,"[2009.0, 8.0, 18.0, 18.0, 45.0, 24.703]",24,B0034,400,3762,03762.csv,1.374645303479972,163,2009-08-18 18:45:24.703,43471183.11,0.687322651739986
3763,"[2009.0, 8.0, 18.0, 22.0, 39.0, 17.609]",24,B0034,402,3764,03764.csv,1.3345924114397838,164,2009-08-18 22:39:17.609,43485216.016,0.6672962057198919
3765,"[2009.0, 8.0, 19.0, 2.0, 32.0, 38.625]",24,B0034,404,3766,03766.csv,1.336396621564738,165,2009-08-19 02:32:38.625,43499217.032,0.668198310782369
3767,"[2009.0, 8.0, 19.0, 6.0, 25.0, 55.265]",24,B0034,406,3768,03768.csv,1.3069152971756248,166,2009-08-19 06:25:55.265,43513213.672,0.6534576485878124
3771,"[2009.0, 8.0, 19.0, 11.0, 30.0, 52.687]",24,B0034,410,3772,03772.csv,1.341539456674081,167,2009-08-19 11:30:52.687,43531511.094,0.6707697283370405
3773,"[2009.0, 8.0, 19.0, 15.0, 24.0, 12.875]",24,B0034,412,3774,03774.csv,1.346388970161922,168,2009-08-19 15:24:12.875,43545511.282,0.673194485080961
3775,"[2009.0, 8.0, 19.0, 19.0, 17.0, 33.312]",24,B0034,414,3776,03776.csv,1.344989807277774,169,2009-08-19 19:17:33.312,43559511.719,0.672494903638887
3777,"[2009.0, 8.0, 19.0, 23.0, 10.0, 50.875]",24,B0034,416,3778,03778.csv,1.3158760805047784,170,2009-08-19 23:10:50.875,43573509.282,0.6579380402523892
3779,"[2009.0, 8.0, 20.0, 3.0, 3.0, 46.687]",24,B0034,418,3780,03780.csv,1.2972766889740088,171,2009-08-20 03:03:46.687,43587485.094,0.6486383444870044
3783,"[2009.0, 8.0, 20.0, 8.0, 8.0, 26.703]",24,B0034,422,3784,03784.csv,1.2851255211005648,172,2009-08-20 08:08:26.703,43605765.11,0.6425627605502824
3785,"[2009.0, 8.0, 20.0, 12.0, 1.0, 9.546]",24,B0034,424,3786,03786.csv,1.3190209156530253,173,2009-08-20 12:01:09.546,43619727.953,0.6595104578265126
3787,"[2009.0, 8.0, 20.0, 15.0, 51.0, 55.171]",24,B0034,426,3788,03788.csv,1.3410097849290994,174,2009-08-20 15:51:55.171,43633573.578,0.6705048924645497
3789,"[2009.0, 8.0, 20.0, 19.0, 42.0, 35.546]",24,B0034,428,3790,03790.csv,1.326126983882746,175,2009-08-20 19:42:35.546,43647413.953,0.6630634919413729
3791,"[2009.0, 8.0, 20.0, 23.0, 35.0, 23.25]",24,B0034,430,3792,03792.csv,1.3091442679990724,176,2009-08-20 23:35:23.250,43661381.657,0.6545721339995362
3795,"[2009.0, 8.0, 21.0, 17.0, 59.0, 25.484]",24,B0034,434,3796,03796.csv,1.363001289617145,177,2009-08-21 17:59:25.484,43727623.891,0.6815006448085725
3799,"[2009.0, 8.0, 21.0, 23.0, 4.0, 26.375]",24,B0034,438,3800,03800.csv,1.329285701687194,178,2009-08-21 23:04:26.375,43745924.782,0.664642850843597
3801,"[2009.0, 8.0, 22.0, 2.0, 57.0, 6.984]",24,B0034,440,3802,03802.csv,1.2969085930621855,179,2009-08-22 02:57:06.984,43759885.391,0.6484542965310928
3803,"[2009.0, 8.0, 22.0, 6.0, 49.0, 38.89]",24,B0034,442,3804,03804.csv,1.2986285924941396,180,2009-08-22 06:49:38.890,43773837.297,0.6493142962470698
3805,"[2009.0, 8.0, 22.0, 10.0, 41.0, 58.171]",24,B0034,444,3806,03806.csv,1.2840657611821942,181,2009-08-22 10:41:58.171,43787776.578,0.6420328805910971
3807,"[2009.0, 8.0, 22.0, 14.0, 34.0, 5.875]",24,B0034,446,3808,03808.csv,1.3021015914136362,182,2009-08-22 14:34:05.875,43801704.282,0.6510507957068181
3811,"[2009.0, 8.0, 22.0, 19.0, 38.0, 7.906]",24,B0034,450,3812,03812.csv,1.3089076351731337,183,2009-08-22 19:38:07.906,43819946.313,0.6544538175865668
3813,"[2009.0, 8.0, 22.0, 23.0, 30.0, 19.437]",24,B0034,452,3814,03814.csv,1.2722519696513912,184,2009-08-22 23:30:19.437,43833877.844,0.6361259848256956
3815,"[2009.0, 8.0, 23.0, 3.0, 22.0, 24.156]",24,B0034,454,3816,03816.csv,1.276011534360331,185,2009-08-23 03:22:24.156,43847802.563,0.6380057671801656
3817,"[2009.0, 8.0, 23.0, 7.0, 14.0, 19.109]",24,B0034,456,3818,03818.csv,1.2605053003103004,186,2009-08-23 07:14:19.109,43861717.516,0.6302526501551502
3819,"[2009.0, 8.0, 23.0, 11.0, 6.0, 6.546]",24,B0034,458,3820,03820.csv,1.2660681251347117,187,2009-08-23 11:06:06.546,43875624.953,0.633034062567356
3823,"[2009.0, 8.0, 23.0, 16.0, 9.0, 49.296]",24,B0034,462,3824,03824.csv,1.265829016865281,188,2009-08-23 16:09:49.296,43893847.703,0.6329145084326405
3825,"[2009.0, 8.0, 23.0, 20.0, 1.0, 32.5]",24,B0034,464,3826,03826.csv,1.2655873898206993,189,2009-08-23 20:01:32.500,43907750.907,0.6327936949103496
3827,"[2009.0, 8.0, 23.0, 23.0, 53.0, 2.437]",24,B0034,466,3828,03828.csv,1.2663598323027554,190,2009-08-23 23:53:02.437,43921640.844,0.6331799161513777
3829,"[2009.0, 8.0, 24.0, 3.0, 44.0, 13.046]",24,B0034,468,3830,03830.csv,1.2868479432728903,191,2009-08-24 03:44:13.046,43935511.453,0.6434239716364452
3831,"[2009.0, 8.0, 24.0, 7.0, 35.0, 22.546]",24,B0034,470,3832,03832.csv,1.270026164613209,192,2009-08-24 07:35:22.546,43949380.953,0.6350130823066045
3835,"[2009.0, 8.0, 24.0, 12.0, 38.0, 30.39]",24,B0034,474,3836,03836.csv,1.34598253292492,193,2009-08-24 12:38:30.390,43967568.797,0.67299126646246
3837,"[2009.0, 8.0, 24.0, 16.0, 30.0, 26.734]",24,B0034,476,3838,03838.csv,1.3286875315413778,194,2009-08-24 16:30:26.734,43981485.141,0.6643437657706889
3839,"[2009.0, 8.0, 24.0, 20.0, 22.0, 13.218]",24,B0034,478,3840,03840.csv,1.31203071983408,195,2009-08-24 20:22:13.218,43995391.625,0.65601535991704
3841,"[2009.0, 8.0, 25.0, 0.0, 13.0, 33.593]",24,B0034,480,3842,03842.csv,1.295125492961198,196,2009-08-25 00:13:33.593,44009272.0,0.647562746480599
3843,"[2009.0, 8.0, 25.0, 4.0, 4.0, 24.875]",24,B0034,482,3844,03844.csv,1.2802601605963335,197,2009-08-25 04:04:24.875,44023123.282,0.6401300802981668
3847,"[2009.0, 6.0, 19.0, 17.0, 18.0, 16.015]",24,B0036,0,3848,03848.csv,1.001982588175331,1,2009-06-19 17:18:16.015,38281954.422,0.5009912940876655
3851,"[2009.0, 6.0, 19.0, 22.0, 2.0, 50.609]",24,B0036,4,3852,03852.csv,1.8011007566288924,2,2009-06-19 22:02:50.609,38299029.016,0.9005503783144462
3853,"[2009.0, 6.0, 20.0, 1.0, 59.0, 39.75]",24,B0036,6,3854,03854.csv,1.8044229856020628,3,2009-06-20 01:59:39.750,38313238.157,0.9022114928010312
3855,"[2009.0, 6.0, 20.0, 5.0, 55.0, 38.984]",24,B0036,8,3856,03856.csv,1.804388833772829,4,2009-06-20 05:55:38.984,38327397.391,0.9021944168864144
3857,"[2009.0, 6.0, 20.0, 9.0, 50.0, 35.156]",24,B0036,10,3858,03858.csv,1.7989248871784247,5,2009-06-20 09:50:35.156,38341493.563,0.8994624435892123
3859,"[2009.0, 6.0, 20.0, 13.0, 47.0, 19.156]",24,B0036,12,3860,03860.csv,1.792996521672392,6,2009-06-20 13:47:19.156,38355697.563,0.896498260836196
3863,"[2009.0, 6.0, 20.0, 18.0, 55.0, 22.281]",24,B0036,16,3864,03864.csv,1.7885507985621891,7,2009-06-20 18:55:22.281,38374180.688,0.8942753992810946
3865,"[2009.0, 6.0, 20.0, 22.0, 51.0, 49.984]",24,B0036,18,3866,03866.csv,1.7890856930727703,8,2009-06-20 22:51:49.984,38388368.391,0.894542846536385
3867,"[2009.0, 6.0, 21.0, 2.0, 48.0, 20.078]",24,B0036,20,3868,03868.csv,1.7893137312833287,9,2009-06-21 02:48:20.078,38402558.485,0.8946568656416644
3869,"[2009.0, 6.0, 21.0, 6.0, 44.0, 49.843]",24,B0036,22,3870,03870.csv,1.7860759459480868,10,2009-06-21 06:44:49.843,38416748.25,0.8930379729740434
3871,"[2009.0, 6.0, 21.0, 10.0, 41.0, 15.046]",24,B0036,24,3872,03872.csv,1.7836324249650817,11,2009-06-21 10:41:15.046,38430933.453,0.8918162124825408
3875,"[2009.0, 6.0, 21.0, 15.0, 49.0, 5.796]",24,B0036,28,3876,03876.csv,1.782972873807272,12,2009-06-21 15:49:05.796,38449404.203,0.8914864369036359
3877,"[2009.0, 6.0, 21.0, 19.0, 45.0, 24.468]",24,B0036,30,3878,03878.csv,1.7813775963259668,13,2009-06-21 19:45:24.468,38463582.875,0.8906887981629833
3879,"[2009.0, 6.0, 21.0, 23.0, 41.0, 43.609]",24,B0036,32,3880,03880.csv,1.7785359545932946,14,2009-06-21 23:41:43.609,38477762.016,0.8892679772966473
3881,"[2009.0, 6.0, 22.0, 3.0, 37.0, 57.218]",24,B0036,34,3882,03882.csv,1.7759043090943398,15,2009-06-22 03:37:57.218,38491935.625,0.8879521545471699
3883,"[2009.0, 6.0, 22.0, 7.0, 34.0, 6.234]",24,B0036,36,3884,03884.csv,1.7780426649905914,16,2009-06-22 07:34:06.234,38506104.641,0.8890213324952957
3887,"[2009.0, 6.0, 22.0, 12.0, 41.0, 48.359]",24,B0036,40,3888,03888.csv,1.7830029333591657,17,2009-06-22 12:41:48.359,38524566.766,0.8915014666795829
3889,"[2009.0, 6.0, 22.0, 16.0, 38.0, 13.281]",24,B0036,42,3890,03890.csv,1.7883000424613875,18,2009-06-22 16:38:13.281,38538751.688,0.8941500212306938
3891,"[2009.0, 6.0, 22.0, 20.0, 34.0, 46.062]",24,B0036,44,3892,03892.csv,1.779294712578026,19,2009-06-22 20:34:46.062,38552944.469,0.889647356289013
3893,"[2009.0, 6.0, 23.0, 0.0, 31.0, 3.375]",24,B0036,46,3894,03894.csv,1.7709235500451854,20,2009-06-23 00:31:03.375,38567121.782,0.8854617750225927
3895,"[2009.0, 6.0, 23.0, 4.0, 27.0, 4.484]",24,B0036,48,3896,03896.csv,1.7659050180801104,21,2009-06-23 04:27:04.484,38581282.891,0.8829525090400552
3899,"[2009.0, 6.0, 26.0, 15.0, 29.0, 34.968]",24,B0036,52,3900,03900.csv,1.7826929241469245,22,2009-06-26 15:29:34.968,38880233.375,0.8913464620734622
3903,"[2009.0, 6.0, 26.0, 20.0, 32.0, 24.265]",24,B0036,56,3904,03904.csv,1.7964662072920203,23,2009-06-26 20:32:24.265,38898402.672,0.8982331036460102
3905,"[2009.0, 6.0, 27.0, 0.0, 28.0, 29.453]",24,B0036,58,3906,03906.csv,1.7909083533422898,24,2009-06-27 00:28:29.453,38912567.86,0.8954541766711449
3907,"[2009.0, 6.0, 27.0, 4.0, 25.0, 16.218]",24,B0036,60,3908,03908.csv,1.78518002808874,25,2009-06-27 04:25:16.218,38926774.625,0.89259001404437
3909,"[2009.0, 6.0, 27.0, 8.0, 21.0, 51.234]",24,B0036,62,3910,03910.csv,1.7811343176546524,26,2009-06-27 08:21:51.234,38940969.641,0.8905671588273262
3911,"[2009.0, 6.0, 27.0, 12.0, 18.0, 20.5]",24,B0036,64,3912,03912.csv,1.7755577789223569,27,2009-06-27 12:18:20.500,38955158.907,0.8877788894611784
3915,"[2009.0, 6.0, 27.0, 17.0, 26.0, 12.718]",24,B0036,68,3916,03916.csv,1.776885870616115,28,2009-06-27 17:26:12.718,38973631.125,0.8884429353080576
3917,"[2009.0, 6.0, 27.0, 21.0, 22.0, 21.781]",24,B0036,70,3918,03918.csv,1.7713083410378214,29,2009-06-27 21:22:21.781,38987800.188,0.8856541705189107
3919,"[2009.0, 6.0, 28.0, 1.0, 18.0, 34.656]",24,B0036,72,3920,03920.csv,1.7713348840874137,30,2009-06-28 01:18:34.656,39001973.063,0.8856674420437067
3921,"[2009.0, 6.0, 28.0, 5.0, 14.0, 48.25]",24,B0036,74,3922,03922.csv,1.766084286640505,31,2009-06-28 05:14:48.250,39016146.657,0.8830421433202525
3923,"[2009.0, 6.0, 28.0, 9.0, 10.0, 46.125]",24,B0036,76,3924,03924.csv,1.7592793663412327,32,2009-06-28 09:10:46.125,39030304.532,0.8796396831706165
3927,"[2009.0, 6.0, 28.0, 14.0, 18.0, 12.906]",24,B0036,80,3928,03928.csv,1.7610368813762425,33,2009-06-28 14:18:12.906,39048751.313,0.8805184406881214
3929,"[2009.0, 6.0, 28.0, 18.0, 13.0, 23.984]",24,B0036,82,3930,03930.csv,1.760242767365706,34,2009-06-28 18:13:23.984,39062862.391,0.880121383682853
3931,"[2009.0, 6.0, 28.0, 22.0, 7.0, 58.453]",24,B0036,84,3932,03932.csv,1.7555899416034395,35,2009-06-28 22:07:58.453,39076936.86,0.8777949708017198
3933,"[2009.0, 6.0, 29.0, 2.0, 3.0, 46.14]",24,B0036,86,3934,03934.csv,1.7545602176655593,36,2009-06-29 02:03:46.140,39091084.547,0.8772801088327796
3935,"[2009.0, 6.0, 29.0, 5.0, 59.0, 12.218]",24,B0036,88,3936,03936.csv,1.7499108336094895,37,2009-06-29 05:59:12.218,39105210.625,0.8749554168047448
3939,"[2009.0, 6.0, 29.0, 11.0, 6.0, 27.906]",24,B0036,92,3940,03940.csv,1.7610225525303758,38,2009-06-29 11:06:27.906,39123646.313,0.8805112762651879
3941,"[2009.0, 6.0, 29.0, 14.0, 59.0, 50.625]",24,B0036,94,3942,03942.csv,1.7624094574337117,39,2009-06-29 14:59:50.625,39137649.032,0.8812047287168557
3943,"[2009.0, 6.0, 29.0, 18.0, 50.0, 48.062]",24,B0036,96,3944,03944.csv,1.7536170397120676,40,2009-06-29 18:50:48.062,39151506.469,0.8768085198560338
3945,"[2009.0, 6.0, 29.0, 22.0, 44.0, 42.875]",24,B0036,98,3946,03946.csv,1.746204477519168,41,2009-06-29 22:44:42.875,39165541.282,0.873102238759584
3947,"[2009.0, 6.0, 30.0, 2.0, 36.0, 39.734]",24,B0036,100,3948,03948.csv,1.7406176172769725,42,2009-06-30 02:36:39.734,39179458.141,0.8703088086384863
3951,"[2009.0, 7.0, 1.0, 11.0, 15.0, 23.875]",24,B0036,104,3952,03952.csv,1.750690404425682,43,2009-07-01 11:15:23.875,39296982.282,0.875345202212841
3955,"[2009.0, 7.0, 1.0, 16.0, 18.0, 18.546]",24,B0036,108,3956,03956.csv,1.765112055153915,44,2009-07-01 16:18:18.546,39315156.953,0.8825560275769575
3957,"[2009.0, 7.0, 1.0, 20.0, 10.0, 2.437]",24,B0036,110,3958,03958.csv,1.763188826756488,45,2009-07-01 20:10:02.437,39329060.844,0.8815944133782438
3959,"[2009.0, 7.0, 14.0, 16.0, 14.0, 47.937]",24,B0036,112,3960,03960.csv,1.985492952897096,46,2009-07-14 16:14:47.937,40438146.344,0.992746476448548
3963,"[2009.0, 7.0, 14.0, 21.0, 23.0, 50.218]",24,B0036,116,3964,03964.csv,1.765355730813324,47,2009-07-14 21:23:50.218,40456688.625,0.882677865406662
3965,"[2009.0, 7.0, 15.0, 1.0, 16.0, 15.015]",24,B0036,118,3966,03966.csv,1.7571880383127276,48,2009-07-15 01:16:15.015,40470633.422,0.8785940191563638
3967,"[2009.0, 7.0, 15.0, 5.0, 9.0, 4.546]",24,B0036,120,3968,03968.csv,1.7573770661844437,49,2009-07-15 05:09:04.546,40484602.953,0.8786885330922218
3969,"[2009.0, 7.0, 15.0, 9.0, 4.0, 59.109]",24,B0036,122,3970,03970.csv,1.7617376127979814,50,2009-07-15 09:04:59.109,40498757.516,0.8808688063989907
3971,"[2009.0, 7.0, 15.0, 12.0, 57.0, 49.296]",24,B0036,124,3972,03972.csv,1.7606892547636663,51,2009-07-15 12:57:49.296,40512727.703,0.8803446273818332
3975,"[2009.0, 7.0, 15.0, 18.0, 0.0, 54.64]",24,B0036,128,3976,03976.csv,1.760669562156983,52,2009-07-15 18:00:54.640,40530913.047,0.8803347810784915
3977,"[2009.0, 7.0, 15.0, 21.0, 52.0, 48.093]",24,B0036,130,3978,03978.csv,1.752963802649152,53,2009-07-15 21:52:48.093,40544826.5,0.876481901324576
3979,"[2009.0, 7.0, 16.0, 1.0, 44.0, 58.39]",24,B0036,132,3980,03980.csv,1.750535708024147,54,2009-07-16 01:44:58.390,40558756.797,0.8752678540120735
3981,"[2009.0, 7.0, 16.0, 5.0, 37.0, 32.718]",24,B0036,134,3982,03982.csv,1.7500761995337284,55,2009-07-16 05:37:32.718,40572711.125,0.8750380997668643
3983,"[2009.0, 7.0, 16.0, 9.0, 29.0, 18.125]",24,B0036,136,3984,03984.csv,1.7465957802278385,56,2009-07-16 09:29:18.125,40586616.532,0.8732978901139192
3987,"[2009.0, 7.0, 16.0, 14.0, 36.0, 0.453]",24,B0036,140,3988,03988.csv,1.753614286788707,57,2009-07-16 14:36:00.453,40605018.86,0.8768071433943535
3989,"[2009.0, 7.0, 16.0, 18.0, 26.0, 9.14]",24,B0036,142,3990,03990.csv,1.750725029920349,58,2009-07-16 18:26:09.140,40618827.547,0.8753625149601745
3991,"[2009.0, 7.0, 16.0, 22.0, 18.0, 31.578]",24,B0036,144,3992,03992.csv,1.743305349081011,59,2009-07-16 22:18:31.578,40632769.985,0.8716526745405055
3993,"[2009.0, 7.0, 17.0, 2.0, 10.0, 38.265]",24,B0036,146,3994,03994.csv,1.733662505277619,60,2009-07-17 02:10:38.265,40646696.672,0.8668312526388093
3995,"[2009.0, 7.0, 17.0, 6.0, 2.0, 31.671]",24,B0036,148,3996,03996.csv,1.7319207051538927,61,2009-07-17 06:02:31.671,40660610.078,0.8659603525769464
3999,"[2009.0, 7.0, 17.0, 11.0, 8.0, 50.734]",24,B0036,152,4000,04000.csv,1.7428604522751463,62,2009-07-17 11:08:50.734,40678989.141,0.8714302261375731
4001,"[2009.0, 7.0, 17.0, 15.0, 0.0, 0.14]",24,B0036,154,4002,04002.csv,1.743306971099712,63,2009-07-17 15:00:00.140,40692858.547,0.871653485549856
4003,"[2009.0, 7.0, 17.0, 18.0, 49.0, 14.75]",24,B0036,156,4004,04004.csv,1.738524506272696,64,2009-07-17 18:49:14.750,40706613.157,0.869262253136348
4005,"[2009.0, 7.0, 17.0, 22.0, 40.0, 36.953]",24,B0036,158,4006,04006.csv,1.7295622663746972,65,2009-07-17 22:40:36.953,40720495.36,0.8647811331873485
4007,"[2009.0, 7.0, 18.0, 2.0, 32.0, 19.203]",24,B0036,160,4008,04008.csv,1.7273036765742085,66,2009-07-18 02:32:19.203,40734397.61,0.8636518382871042
4011,"[2009.0, 7.0, 23.0, 10.0, 25.0, 18.89]",24,B0036,164,4012,04012.csv,1.7449370491071912,67,2009-07-23 10:25:18.890,41194777.297,0.8724685245535956
4015,"[2009.0, 7.0, 23.0, 15.0, 28.0, 51.734]",24,B0036,168,4016,04016.csv,1.7642432071133691,68,2009-07-23 15:28:51.734,41212990.141,0.8821216035566846
4017,"[2009.0, 7.0, 23.0, 19.0, 19.0, 21.39]",24,B0036,170,4018,04018.csv,1.7504882032049596,69,2009-07-23 19:19:21.390,41226819.797,0.8752441016024798
4019,"[2009.0, 7.0, 23.0, 23.0, 11.0, 10.812]",24,B0036,172,4020,04020.csv,1.7442710815479925,70,2009-07-23 23:11:10.812,41240729.219,0.8721355407739962
4021,"[2009.0, 7.0, 24.0, 3.0, 2.0, 51.234]",24,B0036,174,4022,04022.csv,1.7365413923373951,71,2009-07-24 03:02:51.234,41254629.641,0.8682706961686975
4023,"[2009.0, 7.0, 24.0, 6.0, 55.0, 12.218]",24,B0036,176,4024,04024.csv,1.733223093105756,72,2009-07-24 06:55:12.218,41268570.625,0.866611546552878
4027,"[2009.0, 7.0, 24.0, 12.0, 1.0, 7.843]",24,B0036,180,4028,04028.csv,1.73860622908762,73,2009-07-24 12:01:07.843,41286926.25,0.8693031145438099
4029,"[2009.0, 7.0, 24.0, 15.0, 46.0, 9.421]",24,B0036,182,4030,04030.csv,1.7432134953746192,74,2009-07-24 15:46:09.421,41300427.828,0.8716067476873096
4031,"[2009.0, 7.0, 24.0, 19.0, 35.0, 49.25]",24,B0036,184,4032,04032.csv,1.7332698214832971,75,2009-07-24 19:35:49.250,41314207.657,0.8666349107416486
4033,"[2009.0, 7.0, 24.0, 23.0, 28.0, 2.156]",24,B0036,186,4034,04034.csv,1.7298906291663272,76,2009-07-24 23:28:02.156,41328140.563,0.8649453145831636
4035,"[2009.0, 7.0, 25.0, 3.0, 20.0, 5.39]",24,B0036,188,4036,04036.csv,1.7204403348841348,77,2009-07-25 03:20:05.390,41342063.797,0.8602201674420674
4039,"[2009.0, 7.0, 25.0, 8.0, 26.0, 42.515]",24,B0036,192,4040,04040.csv,1.724420729012913,78,2009-07-25 08:26:42.515,41360460.922,0.8622103645064566
4041,"[2009.0, 7.0, 25.0, 12.0, 19.0, 43.718]",24,B0036,194,4042,04042.csv,1.7214872814061166,79,2009-07-25 12:19:43.718,41374442.125,0.8607436407030583
4043,"[2009.0, 7.0, 25.0, 16.0, 13.0, 2.187]",24,B0036,196,4044,04044.csv,1.7197448773569262,80,2009-07-25 16:13:02.187,41388440.594,0.8598724386784631
4045,"[2009.0, 7.0, 25.0, 20.0, 6.0, 55.421]",24,B0036,198,4046,04046.csv,1.7164304142145894,81,2009-07-25 20:06:55.421,41402473.828,0.8582152071072947
4047,"[2009.0, 7.0, 26.0, 0.0, 1.0, 9.546]",24,B0036,200,4048,04048.csv,1.711202925329962,82,2009-07-26 00:01:09.546,41416527.953,0.855601462664981
4051,"[2009.0, 7.0, 26.0, 5.0, 7.0, 11.546]",24,B0036,204,4052,04052.csv,1.7102343231599222,83,2009-07-26 05:07:11.546,41434889.953,0.8551171615799611
4053,"[2009.0, 7.0, 26.0, 9.0, 1.0, 35.14]",24,B0036,206,4054,04054.csv,1.713096882151029,84,2009-07-26 09:01:35.140,41448953.547,0.8565484410755145
4055,"[2009.0, 7.0, 26.0, 12.0, 55.0, 45.109]",24,B0036,208,4056,04056.csv,1.7103708617208135,85,2009-07-26 12:55:45.109,41463003.516,0.8551854308604068
4057,"[2009.0, 7.0, 26.0, 16.0, 49.0, 47.359]",24,B0036,210,4058,04058.csv,1.7064617296121434,86,2009-07-26 16:49:47.359,41477045.766,0.8532308648060717
4059,"[2009.0, 7.0, 26.0, 20.0, 43.0, 48.921]",24,B0036,212,4060,04060.csv,1.7029429979110946,87,2009-07-26 20:43:48.921,41491087.328,0.8514714989555473
4063,"[2009.0, 7.0, 27.0, 1.0, 50.0, 3.89]",24,B0036,216,4064,04064.csv,1.7072612643840062,88,2009-07-27 01:50:03.890,41509462.297,0.8536306321920031
4065,"[2009.0, 7.0, 27.0, 5.0, 43.0, 49.015]",24,B0036,218,4066,04066.csv,1.7038637196766078,89,2009-07-27 05:43:49.015,41523487.422,0.8519318598383039
4067,"[2009.0, 7.0, 27.0, 9.0, 37.0, 15.14]",24,B0036,220,4068,04068.csv,1.7079617948422274,90,2009-07-27 09:37:15.140,41537493.547,0.8539808974211137
4069,"[2009.0, 7.0, 27.0, 13.0, 29.0, 48.031]",24,B0036,222,4070,04070.csv,1.711302283362779,91,2009-07-27 13:29:48.031,41551446.438,0.8556511416813894
4071,"[2009.0, 7.0, 27.0, 17.0, 21.0, 22.671]",24,B0036,224,4072,04072.csv,1.714122057472244,92,2009-07-27 17:21:22.671,41565341.078,0.857061028736122
4075,"[2009.0, 7.0, 27.0, 22.0, 28.0, 0.187]",24,B0036,228,4076,04076.csv,1.7053324925701605,93,2009-07-27 22:28:00.187,41583738.594,0.8526662462850803
4077,"[2009.0, 7.0, 28.0, 2.0, 21.0, 28.109]",24,B0036,230,4078,04078.csv,1.6934609472531408,94,2009-07-28 02:21:28.109,41597746.516,0.8467304736265704
4079,"[2009.0, 7.0, 28.0, 6.0, 15.0, 44.125]",24,B0036,232,4080,04080.csv,1.6905244127230223,95,2009-07-28 06:15:44.125,41611802.532,0.8452622063615113
4081,"[2009.0, 7.0, 28.0, 10.0, 9.0, 52.296]",24,B0036,234,4082,04082.csv,1.7007774858498304,96,2009-07-28 10:09:52.296,41625850.703,0.8503887429249152
4083,"[2009.0, 7.0, 28.0, 14.0, 3.0, 56.171]",24,B0036,236,4084,04084.csv,1.6971104467944576,97,2009-07-28 14:03:56.171,41639894.578,0.8485552233972288
4087,"[2009.0, 7.0, 28.0, 19.0, 9.0, 29.828]",24,B0036,240,4088,04088.csv,1.6997924522951835,98,2009-07-28 19:09:29.828,41658228.235,0.8498962261475917
4089,"[2009.0, 7.0, 28.0, 23.0, 2.0, 26.656]",24,B0036,242,4090,04090.csv,1.691270477395412,99,2009-07-28 23:02:26.656,41672205.063,0.845635238697706
4091,"[2009.0, 7.0, 29.0, 2.0, 56.0, 24.125]",24,B0036,244,4092,04092.csv,1.6857127009469863,100,2009-07-29 02:56:24.125,41686242.532,0.8428563504734932
4093,"[2009.0, 7.0, 29.0, 6.0, 50.0, 26.906]",24,B0036,246,4094,04094.csv,1.6832093771286156,101,2009-07-29 06:50:26.906,41700285.313,0.8416046885643078
4095,"[2009.0, 7.0, 29.0, 10.0, 44.0, 27.906]",24,B0036,248,4096,04096.csv,1.692886364169521,102,2009-07-29 10:44:27.906,41714326.313,0.8464431820847605
4099,"[2009.0, 7.0, 29.0, 15.0, 50.0, 33.843]",24,B0036,252,4100,04100.csv,1.6984668174144633,103,2009-07-29 15:50:33.843,41732692.25,0.8492334087072316
4101,"[2009.0, 7.0, 29.0, 19.0, 41.0, 4.109]",24,B0036,254,4102,04102.csv,1.6935813413828429,104,2009-07-29 19:41:04.109,41746522.516,0.8467906706914214
4103,"[2009.0, 7.0, 29.0, 23.0, 34.0, 17.859]",24,B0036,256,4104,04104.csv,1.6830951253781283,105,2009-07-29 23:34:17.859,41760516.266,0.841547562689064
4105,"[2009.0, 7.0, 30.0, 3.0, 28.0, 18.171]",24,B0036,258,4106,04106.csv,1.6850462226942986,106,2009-07-30 03:28:18.171,41774556.578,0.8425231113471493
4107,"[2009.0, 7.0, 30.0, 7.0, 22.0, 22.187]",24,B0036,260,4108,04108.csv,1.6803098840017598,107,2009-07-30 07:22:22.187,41788600.594,0.8401549420008798
4111,"[2009.0, 7.0, 30.0, 12.0, 28.0, 5.953]",24,B0036,264,4112,04112.csv,1.6944038437227715,108,2009-07-30 12:28:05.953,41806944.36,0.8472019218613858
4113,"[2009.0, 7.0, 30.0, 16.0, 19.0, 5.437]",24,B0036,266,4114,04114.csv,1.6955686127180103,109,2009-07-30 16:19:05.437,41820803.844,0.8477843063590051
4115,"[2009.0, 7.0, 30.0, 20.0, 9.0, 43.296]",24,B0036,268,4116,04116.csv,1.6841854728350405,110,2009-07-30 20:09:43.296,41834641.703,0.8420927364175202
4117,"[2009.0, 7.0, 31.0, 0.0, 3.0, 7.406]",24,B0036,270,4118,04118.csv,1.6722180144870118,111,2009-07-31 00:03:07.406,41848645.813,0.8361090072435059
4119,"[2009.0, 7.0, 31.0, 3.0, 56.0, 28.39]",24,B0036,272,4120,04120.csv,1.6675976965747183,112,2009-07-31 03:56:28.390,41862646.797,0.8337988482873591
4123,"[2009.0, 7.0, 31.0, 9.0, 1.0, 51.906]",24,B0036,276,4124,04124.csv,1.6781873787039017,113,2009-07-31 09:01:51.906,41880970.313,0.8390936893519509
4125,"[2009.0, 7.0, 31.0, 15.0, 42.0, 0.562]",24,B0036,278,4126,04126.csv,2.444062432078656,114,2009-07-31 15:42:00.562,41904978.969,1.222031216039328
4129,"[2009.0, 7.0, 31.0, 21.0, 3.0, 2.062]",24,B0036,282,4130,04130.csv,1.6913403148932205,115,2009-07-31 21:03:02.062,41924240.469,0.8456701574466102
4131,"[2009.0, 8.0, 1.0, 0.0, 54.0, 40.031]",24,B0036,284,4132,04132.csv,1.6802787096613283,116,2009-08-01 00:54:40.031,41938138.438,0.8401393548306642
4133,"[2009.0, 8.0, 1.0, 4.0, 46.0, 48.453]",24,B0036,286,4134,04134.csv,1.673147301023026,117,2009-08-01 04:46:48.453,41952066.86,0.836573650511513
4135,"[2009.0, 8.0, 1.0, 8.0, 40.0, 39.031]",24,B0036,288,4136,04136.csv,1.6704292090032429,118,2009-08-01 08:40:39.031,41966097.438,0.8352146045016213
4137,"[2009.0, 8.0, 1.0, 12.0, 33.0, 32.734]",24,B0036,290,4138,04138.csv,1.6659903350115992,119,2009-08-01 12:33:32.734,41980071.141,0.8329951675057995
4141,"[2009.0, 8.0, 1.0, 17.0, 38.0, 48.781]",24,B0036,294,4142,04142.csv,1.664241575272447,120,2009-08-01 17:38:48.781,41998387.188,0.8321207876362235
4143,"[2009.0, 8.0, 1.0, 21.0, 30.0, 33.968]",24,B0036,296,4144,04144.csv,1.6668450767774965,121,2009-08-01 21:30:33.968,42012292.375,0.8334225383887482
4145,"[2009.0, 8.0, 2.0, 1.0, 23.0, 21.296]",24,B0036,298,4146,04146.csv,1.6594501560667536,122,2009-08-02 01:23:21.296,42026259.703,0.8297250780333768
4147,"[2009.0, 8.0, 2.0, 5.0, 16.0, 47.781]",24,B0036,300,4148,04148.csv,1.662412523067319,123,2009-08-02 05:16:47.781,42040266.188,0.8312062615336595
4149,"[2009.0, 8.0, 2.0, 9.0, 10.0, 15.046]",24,B0036,302,4150,04150.csv,1.66035260832257,124,2009-08-02 09:10:15.046,42054273.453,0.830176304161285
4153,"[2009.0, 8.0, 2.0, 14.0, 15.0, 27.171]",24,B0036,306,4154,04154.csv,1.6610231379633236,125,2009-08-02 14:15:27.171,42072585.578,0.8305115689816618
4155,"[2009.0, 8.0, 2.0, 18.0, 8.0, 54.375]",24,B0036,308,4156,04156.csv,1.6575187557321611,126,2009-08-02 18:08:54.375,42086592.782,0.8287593778660807
4157,"[2009.0, 8.0, 2.0, 22.0, 2.0, 10.046]",24,B0036,310,4158,04158.csv,1.6507877959674548,127,2009-08-02 22:02:10.046,42100588.453,0.8253938979837274
4159,"[2009.0, 8.0, 3.0, 1.0, 55.0, 22.875]",24,B0036,312,4160,04160.csv,1.653257006211014,128,2009-08-03 01:55:22.875,42114581.282,0.826628503105507
4161,"[2009.0, 8.0, 3.0, 5.0, 48.0, 39.625]",24,B0036,314,4162,04162.csv,1.6494214846772686,129,2009-08-03 05:48:39.625,42128578.032,0.8247107423386343
4165,"[2009.0, 8.0, 3.0, 10.0, 53.0, 34.968]",24,B0036,318,4166,04166.csv,1.6678591915666705,130,2009-08-03 10:53:34.968,42146873.375,0.8339295957833354
4167,"[2009.0, 8.0, 3.0, 14.0, 44.0, 14.312]",24,B0036,320,4168,04168.csv,1.670862764324967,131,2009-08-03 14:44:14.312,42160712.719,0.8354313821624835
4169,"[2009.0, 8.0, 3.0, 18.0, 38.0, 5.89]",24,B0036,322,4170,04170.csv,1.6658118164053368,132,2009-08-03 18:38:05.890,42174744.297,0.8329059082026684
4171,"[2009.0, 8.0, 3.0, 22.0, 31.0, 42.515]",24,B0036,324,4172,04172.csv,1.6532998517617,133,2009-08-03 22:31:42.515,42188760.922,0.82664992588085
4173,"[2009.0, 8.0, 4.0, 2.0, 24.0, 55.453]",24,B0036,326,4174,04174.csv,1.6468787023528522,134,2009-08-04 02:24:55.453,42202753.86,0.823439351176426
4177,"[2009.0, 8.0, 5.0, 10.0, 47.0, 54.89]",24,B0036,330,4178,04178.csv,1.6718953249703756,135,2009-08-05 10:47:54.890,42319333.297,0.8359476624851878
4181,"[2009.0, 8.0, 5.0, 15.0, 53.0, 12.468]",24,B0036,334,4182,04182.csv,1.6807743463585727,136,2009-08-05 15:53:12.468,42337650.875,0.8403871731792862
4183,"[2009.0, 8.0, 5.0, 19.0, 44.0, 54.078]",24,B0036,336,4184,04184.csv,1.6737717086703074,137,2009-08-05 19:44:54.078,42351552.485,0.8368858543351537
4185,"[2009.0, 8.0, 5.0, 23.0, 38.0, 49.906]",24,B0036,338,4186,04186.csv,1.6605773762487392,138,2009-08-05 23:38:49.906,42365588.313,0.8302886881243697
4187,"[2009.0, 8.0, 6.0, 3.0, 32.0, 21.312]",24,B0036,340,4188,04188.csv,1.655987781146086,139,2009-08-06 03:32:21.312,42379599.719,0.827993890573043
4189,"[2009.0, 8.0, 6.0, 7.0, 22.0, 48.562]",24,B0036,342,4190,04190.csv,1.646862318389844,140,2009-08-06 07:22:48.562,42393426.969,0.823431159194922
4193,"[2009.0, 8.0, 6.0, 12.0, 25.0, 17.046]",24,B0036,346,4194,04194.csv,1.6574621175432849,141,2009-08-06 12:25:17.046,42411575.453,0.8287310587716425
4195,"[2009.0, 8.0, 6.0, 16.0, 13.0, 25.921]",24,B0036,348,4196,04196.csv,1.6603991175216894,142,2009-08-06 16:13:25.921,42425264.328,0.8301995587608446
4197,"[2009.0, 8.0, 6.0, 20.0, 0.0, 59.562]",24,B0036,350,4198,04198.csv,1.6460789092837111,143,2009-08-06 20:00:59.562,42438917.969,0.8230394546418556
4199,"[2009.0, 8.0, 6.0, 23.0, 49.0, 34.39]",24,B0036,352,4200,04200.csv,1.6408366462659327,144,2009-08-06 23:49:34.390,42452632.797,0.8204183231329664
4201,"[2009.0, 8.0, 7.0, 3.0, 40.0, 19.734]",24,B0036,354,4202,04202.csv,1.63444089202816,145,2009-08-07 03:40:19.734,42466478.141,0.8172204460140801
4205,"[2009.0, 8.0, 7.0, 8.0, 44.0, 36.25]",24,B0036,358,4206,04206.csv,1.6374039186504212,146,2009-08-07 08:44:36.250,42484734.657,0.8187019593252106
4207,"[2009.0, 8.0, 7.0, 12.0, 32.0, 22.343]",24,B0036,360,4208,04208.csv,1.64738207540524,147,2009-08-07 12:32:22.343,42498400.75,0.82369103770262
4209,"[2009.0, 8.0, 7.0, 16.0, 20.0, 49.765]",24,B0036,362,4210,04210.csv,1.6545646441622357,148,2009-08-07 16:20:49.765,42512108.172,0.827282322081118
4211,"[2009.0, 8.0, 7.0, 20.0, 14.0, 10.406]",24,B0036,364,4212,04212.csv,1.640896560729935,149,2009-08-07 20:14:10.406,42526108.813,0.8204482803649675
4213,"[2009.0, 8.0, 8.0, 0.0, 7.0, 5.125]",24,B0036,366,4214,04214.csv,1.6265229979339637,150,2009-08-08 00:07:05.125,42540083.532,0.8132614989669819
4217,"[2009.0, 8.0, 8.0, 5.0, 11.0, 27.593]",24,B0036,370,4218,04218.csv,1.6217349144630455,151,2009-08-08 05:11:27.593,42558346.0,0.8108674572315228
4219,"[2009.0, 8.0, 8.0, 9.0, 3.0, 54.812]",24,B0036,372,4220,04220.csv,1.6248200059639546,152,2009-08-08 09:03:54.812,42572293.219,0.8124100029819773
4221,"[2009.0, 8.0, 8.0, 12.0, 56.0, 26.703]",24,B0036,374,4222,04222.csv,1.61880119736137,153,2009-08-08 12:56:26.703,42586245.11,0.809400598680685
4223,"[2009.0, 8.0, 8.0, 16.0, 48.0, 44.937]",24,B0036,376,4224,04224.csv,1.6137350490334217,154,2009-08-08 16:48:44.937,42600183.344,0.8068675245167108
4225,"[2009.0, 8.0, 8.0, 20.0, 40.0, 51.687]",24,B0036,378,4226,04226.csv,1.612012823654141,155,2009-08-08 20:40:51.687,42614110.094,0.8060064118270706
4229,"[2009.0, 8.0, 17.0, 13.0, 8.0, 30.968]",24,B0036,382,4230,04230.csv,1.6671032556887178,156,2009-08-17 13:08:30.968,43364569.375,0.8335516278443589
4233,"[2009.0, 8.0, 17.0, 18.0, 14.0, 9.375]",24,B0036,386,4234,04234.csv,1.6850133383886254,157,2009-08-17 18:14:09.375,43382907.782,0.8425066691943127
4235,"[2009.0, 8.0, 17.0, 22.0, 6.0, 54.109]",24,B0036,388,4236,04236.csv,1.6786654987614698,158,2009-08-17 22:06:54.109,43396872.516,0.8393327493807348
4237,"[2009.0, 8.0, 18.0, 2.0, 1.0, 3.312]",24,B0036,390,4238,04238.csv,1.6729763502191373,159,2009-08-18 02:01:03.312,43410921.719,0.8364881751095686
4239,"[2009.0, 8.0, 18.0, 5.0, 55.0, 2.015]",24,B0036,392,4240,04240.csv,1.666489034299654,160,2009-08-18 05:55:02.015,43424960.422,0.8332445171498271
4241,"[2009.0, 8.0, 18.0, 9.0, 48.0, 49.64]",24,B0036,394,4242,04242.csv,1.6698420840710908,161,2009-08-18 09:48:49.640,43438988.047,0.8349210420355455
4245,"[2009.0, 8.0, 18.0, 14.0, 54.0, 37.937]",24,B0036,398,4246,04246.csv,1.6746744228027035,162,2009-08-18 14:54:37.937,43457336.344,0.8373372114013518
4247,"[2009.0, 8.0, 18.0, 18.0, 45.0, 24.703]",24,B0036,400,4248,04248.csv,1.6665045335145643,163,2009-08-18 18:45:24.703,43471183.11,0.8332522667572821
4249,"[2009.0, 8.0, 18.0, 22.0, 39.0, 17.609]",24,B0036,402,4250,04250.csv,1.652222084834727,164,2009-08-18 22:39:17.609,43485216.016,0.8261110424173636
4251,"[2009.0, 8.0, 19.0, 2.0, 32.0, 38.625]",24,B0036,404,4252,04252.csv,1.6462718275099526,165,2009-08-19 02:32:38.625,43499217.032,0.8231359137549762
4253,"[2009.0, 8.0, 19.0, 6.0, 25.0, 55.265]",24,B0036,406,4254,04254.csv,1.642399234692521,166,2009-08-19 06:25:55.265,43513213.672,0.8211996173462605
4257,"[2009.0, 8.0, 19.0, 11.0, 30.0, 52.687]",24,B0036,410,4258,04258.csv,1.651178607099992,167,2009-08-19 11:30:52.687,43531511.094,0.825589303549996
4259,"[2009.0, 8.0, 19.0, 15.0, 24.0, 12.875]",24,B0036,412,4260,04260.csv,1.6481683120281931,168,2009-08-19 15:24:12.875,43545511.282,0.8240841560140966
4261,"[2009.0, 8.0, 19.0, 19.0, 17.0, 33.312]",24,B0036,414,4262,04262.csv,1.6478887725428395,169,2009-08-19 19:17:33.312,43559511.719,0.8239443862714197
4263,"[2009.0, 8.0, 19.0, 23.0, 10.0, 50.875]",24,B0036,416,4264,04264.csv,1.635843650915682,170,2009-08-19 23:10:50.875,43573509.282,0.817921825457841
4265,"[2009.0, 8.0, 20.0, 3.0, 3.0, 46.687]",24,B0036,418,4266,04266.csv,1.6332362811945516,171,2009-08-20 03:03:46.687,43587485.094,0.8166181405972758
4269,"[2009.0, 8.0, 20.0, 8.0, 8.0, 26.703]",24,B0036,422,4270,04270.csv,1.629926467682987,172,2009-08-20 08:08:26.703,43605765.11,0.8149632338414935
4271,"[2009.0, 8.0, 20.0, 12.0, 1.0, 9.546]",24,B0036,424,4272,04272.csv,1.6387862629287224,173,2009-08-20 12:01:09.546,43619727.953,0.8193931314643612
4273,"[2009.0, 8.0, 20.0, 15.0, 51.0, 55.171]",24,B0036,426,4274,04274.csv,1.6359654863840771,174,2009-08-20 15:51:55.171,43633573.578,0.8179827431920386
4275,"[2009.0, 8.0, 20.0, 19.0, 42.0, 35.546]",24,B0036,428,4276,04276.csv,1.631137043967566,175,2009-08-20 19:42:35.546,43647413.953,0.815568521983783
4277,"[2009.0, 8.0, 20.0, 23.0, 35.0, 23.25]",24,B0036,430,4278,04278.csv,1.6220189720888465,176,2009-08-20 23:35:23.250,43661381.657,0.8110094860444232
4281,"[2009.0, 8.0, 21.0, 17.0, 59.0, 25.484]",24,B0036,434,4282,04282.csv,1.6416044978422155,177,2009-08-21 17:59:25.484,43727623.891,0.8208022489211078
4285,"[2009.0, 8.0, 21.0, 23.0, 4.0, 26.375]",24,B0036,438,4286,04286.csv,1.6253090231457803,178,2009-08-21 23:04:26.375,43745924.782,0.8126545115728903
4287,"[2009.0, 8.0, 22.0, 2.0, 57.0, 6.984]",24,B0036,440,4288,04288.csv,1.6196134522239485,179,2009-08-22 02:57:06.984,43759885.391,0.8098067261119742
4289,"[2009.0, 8.0, 22.0, 6.0, 49.0, 38.89]",24,B0036,442,4290,04290.csv,1.6124236174774371,180,2009-08-22 06:49:38.890,43773837.297,0.8062118087387184
4291,"[2009.0, 8.0, 22.0, 10.0, 41.0, 58.171]",24,B0036,444,4292,04292.csv,1.6077701029913394,181,2009-08-22 10:41:58.171,43787776.578,0.8038850514956697
4293,"[2009.0, 8.0, 22.0, 14.0, 34.0, 5.875]",24,B0036,446,4294,04294.csv,1.6088077531981582,182,2009-08-22 14:34:05.875,43801704.282,0.8044038765990791
4297,"[2009.0, 8.0, 22.0, 19.0, 38.0, 7.906]",24,B0036,450,4298,04298.csv,1.6083556258734268,183,2009-08-22 19:38:07.906,43819946.313,0.8041778129367134
4299,"[2009.0, 8.0, 22.0, 23.0, 30.0, 19.437]",24,B0036,452,4300,04300.csv,1.606820251901154,184,2009-08-22 23:30:19.437,43833877.844,0.803410125950577
4301,"[2009.0, 8.0, 23.0, 3.0, 22.0, 24.156]",24,B0036,454,4302,04302.csv,1.601770977206713,185,2009-08-23 03:22:24.156,43847802.563,0.8008854886033565
4303,"[2009.0, 8.0, 23.0, 7.0, 14.0, 19.109]",24,B0036,456,4304,04304.csv,1.594911734692208,186,2009-08-23 07:14:19.109,43861717.516,0.797455867346104
4305,"[2009.0, 8.0, 23.0, 11.0, 6.0, 6.546]",24,B0036,458,4306,04306.csv,1.5938139125387372,187,2009-08-23 11:06:06.546,43875624.953,0.7969069562693686
4309,"[2009.0, 8.0, 23.0, 16.0, 9.0, 49.296]",24,B0036,462,4310,04310.csv,1.5920273129504596,188,2009-08-23 16:09:49.296,43893847.703,0.7960136564752298
4311,"[2009.0, 8.0, 23.0, 20.0, 1.0, 32.5]",24,B0036,464,4312,04312.csv,1.5847361549778751,189,2009-08-23 20:01:32.500,43907750.907,0.7923680774889376
4313,"[2009.0, 8.0, 23.0, 23.0, 53.0, 2.437]",24,B0036,466,4314,04314.csv,1.5763429363936798,190,2009-08-23 23:53:02.437,43921640.844,0.78817146819684
4315,"[2009.0, 8.0, 24.0, 3.0, 44.0, 13.046]",24,B0036,468,4316,04316.csv,1.5720229174642286,191,2009-08-24 03:44:13.046,43935511.453,0.7860114587321143
4317,"[2009.0, 8.0, 24.0, 7.0, 35.0, 22.546]",24,B0036,470,4318,04318.csv,1.5729874285512353,192,2009-08-24 07:35:22.546,43949380.953,0.7864937142756177
4321,"[2009.0, 8.0, 24.0, 12.0, 38.0, 30.39]",24,B0036,474,4322,04322.csv,1.596985400389019,193,2009-08-24 12:38:30.390,43967568.797,0.7984927001945095
4323,"[2009.0, 8.0, 24.0, 16.0, 30.0, 26.734]",24,B0036,476,4324,04324.csv,1.595726023703856,194,2009-08-24 16:30:26.734,43981485.141,0.797863011851928
4325,"[2009.0, 8.0, 24.0, 20.0, 22.0, 13.218]",24,B0036,478,4326,04326.csv,1.579500338340559,195,2009-08-24 20:22:13.218,43995391.625,0.7897501691702796
4327,"[2009.0, 8.0, 25.0, 0.0, 13.0, 33.593]",24,B0036,480,4328,04328.csv,1.5629469877520186,196,2009-08-25 00:13:33.593,44009272.0,0.7814734938760093
4329,"[2009.0, 8.0, 25.0, 4.0, 4.0, 24.875]",24,B0036,482,4330,04330.csv,1.5591129431541175,197,2009-08-25 04:04:24.875,44023123.282,0.7795564715770589
4333,"[2010.0, 4.0, 14.0, 16.0, 43.0, 39.921]",24,B0038,0,4334,04334.csv,0.8980573709676724,1,2010-04-14 16:43:39.921,64113478.328,0.4490286854838362
4337,"[2010.0, 4.0, 14.0, 21.0, 10.0, 11.125]",24,B0038,4,4338,04338.csv,1.1026236331914077,2,2010-04-14 21:10:11.125,64129469.532,0.5513118165957038
4339,"[2010.0, 4.0, 15.0, 0.0, 37.0, 31.546]",24,B0038,6,4340,04340.csv,1.0885801879473431,3,2010-04-15 00:37:31.546,64141909.953,0.5442900939736716
4341,"[2010.0, 4.0, 15.0, 4.0, 4.0, 41.296]",24,B0038,8,4342,04342.csv,1.0613249847591086,4,2010-04-15 04:04:41.296,64154339.703,0.5306624923795543
4343,"[2010.0, 4.0, 15.0, 7.0, 31.0, 40.14]",24,B0038,10,4344,04344.csv,1.0347062057983545,5,2010-04-15 07:31:40.140,64166758.547,0.5173531028991772
4345,"[2010.0, 4.0, 15.0, 10.0, 58.0, 27.5]",24,B0038,12,4346,04346.csv,1.0269978594353013,6,2010-04-15 10:58:27.500,64179165.907,0.5134989297176507
4349,"[2010.0, 4.0, 16.0, 12.0, 15.0, 0.281]",24,B0038,16,4350,04350.csv,1.078501971098942,7,2010-04-16 12:15:00.281,64270158.688,0.5392509855494712
4353,"[2010.0, 4.0, 16.0, 16.0, 48.0, 31.734]",24,B0038,20,4354,04354.csv,1.0638897478802845,8,2010-04-16 16:48:31.734,64286570.141,0.5319448739401422
4355,"[2010.0, 4.0, 16.0, 20.0, 15.0, 0.406]",24,B0038,22,4356,04356.csv,1.0366551223324425,9,2010-04-16 20:15:00.406,64298958.813,0.5183275611662213
4357,"[2010.0, 4.0, 16.0, 23.0, 41.0, 13.937]",24,B0038,24,4358,04358.csv,1.030941327482094,10,2010-04-16 23:41:13.937,64311332.344,0.515470663741047
4359,"[2010.0, 4.0, 17.0, 3.0, 7.0, 6.64]",24,B0038,26,4360,04360.csv,1.0140084541034655,11,2010-04-17 03:07:06.640,64323685.047,0.5070042270517328
4361,"[2010.0, 4.0, 17.0, 6.0, 32.0, 52.968]",24,B0038,28,4362,04362.csv,1.008516095994519,12,2010-04-17 06:32:52.968,64336031.375,0.5042580479972595
4365,"[2010.0, 4.0, 21.0, 13.0, 51.0, 46.531]",44,B0038,32,4366,04366.csv,1.7419245088095905,13,2010-04-21 13:51:46.531,64707964.938,0.8709622544047952
4369,"[2010.0, 4.0, 21.0, 19.0, 29.0, 11.0]",44,B0038,36,4370,04370.csv,1.779741859708433,14,2010-04-21 19:29:11.000,64728209.407,0.8898709298542165
4371,"[2010.0, 4.0, 21.0, 23.0, 57.0, 8.859]",44,B0038,38,4372,04372.csv,1.7815666306452766,15,2010-04-21 23:57:08.859,64744287.266,0.8907833153226383
4373,"[2010.0, 4.0, 22.0, 4.0, 30.0, 34.312]",44,B0038,40,4374,04374.csv,1.7834859577156017,16,2010-04-22 04:30:34.312,64760692.719,0.8917429788578007
4375,"[2010.0, 4.0, 22.0, 8.0, 59.0, 11.468]",44,B0038,42,4376,04376.csv,1.7864411650415677,17,2010-04-22 08:59:11.468,64776809.875,0.8932205825207837
4377,"[2010.0, 4.0, 22.0, 13.0, 28.0, 29.546]",44,B0038,44,4378,04378.csv,1.7859997608067948,18,2010-04-22 13:28:29.546,64792967.953,0.8929998804033974
4381,"[2010.0, 4.0, 23.0, 16.0, 52.0, 59.406]",44,B0038,48,4382,04382.csv,1.7769523773001608,19,2010-04-23 16:52:59.406,64891637.813,0.8884761886500805
4385,"[2010.0, 4.0, 23.0, 22.0, 31.0, 1.0]",44,B0038,52,4386,04386.csv,1.781428917321899,20,2010-04-23 22:31:01.000,64911919.407,0.8907144586609494
4387,"[2010.0, 4.0, 24.0, 2.0, 58.0, 55.031]",44,B0038,54,4388,04388.csv,1.7859452772697195,21,2010-04-24 02:58:55.031,64927993.438,0.8929726386348598
4389,"[2010.0, 4.0, 24.0, 7.0, 27.0, 28.203]",44,B0038,56,4390,04390.csv,1.785208429691551,22,2010-04-24 07:27:28.203,64944106.61,0.8926042148457755
4391,"[2010.0, 4.0, 24.0, 11.0, 56.0, 33.14]",44,B0038,58,4392,04392.csv,1.783596609584544,23,2010-04-24 11:56:33.140,64960251.547,0.891798304792272
4393,"[2010.0, 4.0, 24.0, 16.0, 24.0, 41.656]",44,B0038,60,4394,04394.csv,1.7796783152744713,24,2010-04-24 16:24:41.656,64976340.063,0.8898391576372355
4397,"[2010.0, 4.0, 24.0, 22.0, 5.0, 41.156]",44,B0038,64,4398,04398.csv,1.7841102592788645,25,2010-04-24 22:05:41.156,64996799.563,0.8920551296394322
4399,"[2010.0, 4.0, 25.0, 2.0, 33.0, 59.171]",44,B0038,66,4400,04400.csv,1.7833032331592191,26,2010-04-25 02:33:59.171,65012897.578,0.8916516165796096
4401,"[2010.0, 4.0, 25.0, 7.0, 2.0, 26.234]",44,B0038,68,4402,04402.csv,1.7796186141356956,27,2010-04-25 07:02:26.234,65029004.641,0.8898093070678478
4403,"[2010.0, 4.0, 25.0, 11.0, 31.0, 4.593]",44,B0038,70,4404,04404.csv,1.7816592334352586,28,2010-04-25 11:31:04.593,65045123.0,0.8908296167176293
4405,"[2010.0, 4.0, 25.0, 16.0, 0.0, 19.781]",44,B0038,72,4406,04406.csv,1.7775911304124037,29,2010-04-25 16:00:19.781,65061278.188,0.8887955652062018
4409,"[2010.0, 4.0, 25.0, 21.0, 41.0, 58.937]",44,B0038,76,4410,04410.csv,1.777701881971679,30,2010-04-25 21:41:58.937,65081777.344,0.8888509409858395
4411,"[2010.0, 4.0, 26.0, 2.0, 19.0, 22.218]",44,B0038,78,4412,04412.csv,1.7789547618270618,31,2010-04-26 02:19:22.218,65098420.625,0.8894773809135309
4413,"[2010.0, 4.0, 26.0, 6.0, 50.0, 42.203]",44,B0038,80,4414,04414.csv,1.7807753731135043,32,2010-04-26 06:50:42.203,65114700.61,0.8903876865567522
4415,"[2010.0, 4.0, 26.0, 11.0, 20.0, 44.75]",44,B0038,82,4416,04416.csv,1.778415319026661,33,2010-04-26 11:20:44.750,65130903.157,0.8892076595133305
4417,"[2010.0, 4.0, 26.0, 15.0, 51.0, 7.953]",44,B0038,84,4418,04418.csv,1.7789773899108463,34,2010-04-26 15:51:07.953,65147126.36,0.8894886949554232
4421,"[2010.0, 4.0, 26.0, 21.0, 35.0, 15.343]",44,B0038,88,4422,04422.csv,1.7792479347236043,35,2010-04-26 21:35:15.343,65167773.75,0.889623967361802
4423,"[2010.0, 4.0, 27.0, 2.0, 5.0, 41.234]",44,B0038,90,4424,04424.csv,1.777920457368508,36,2010-04-27 02:05:41.234,65183999.641,0.888960228684254
4425,"[2010.0, 4.0, 27.0, 6.0, 36.0, 5.468]",44,B0038,92,4426,04426.csv,1.779227040224144,37,2010-04-27 06:36:05.468,65200223.875,0.889613520112072
4427,"[2010.0, 4.0, 27.0, 11.0, 7.0, 40.968]",44,B0038,94,4428,04428.csv,1.7760634320079352,38,2010-04-27 11:07:40.968,65216519.375,0.8880317160039675
4429,"[2010.0, 4.0, 27.0, 15.0, 43.0, 29.625]",44,B0038,96,4430,04430.csv,1.775103937963957,39,2010-04-27 15:43:29.625,65233068.032,0.8875519689819785
4433,"[2010.0, 4.0, 28.0, 13.0, 22.0, 57.656]",44,B0038,100,4434,04434.csv,1.733064100138742,40,2010-04-28 13:22:57.656,65311036.063,0.866532050069371
4437,"[2010.0, 4.0, 28.0, 18.0, 5.0, 58.859]",44,B0038,104,4438,04438.csv,1.7394892806215223,41,2010-04-28 18:05:58.859,65328017.266,0.8697446403107612
4439,"[2010.0, 4.0, 28.0, 21.0, 37.0, 16.375]",44,B0038,106,4440,04440.csv,1.7378064360392924,42,2010-04-28 21:37:16.375,65340694.782,0.8689032180196462
4441,"[2010.0, 4.0, 29.0, 1.0, 8.0, 33.5]",44,B0038,108,4442,04442.csv,1.730028145799833,43,2010-04-29 01:08:33.500,65353371.907,0.8650140728999165
4443,"[2010.0, 4.0, 29.0, 4.0, 39.0, 21.156]",44,B0038,110,4444,04444.csv,1.7290404566542985,44,2010-04-29 04:39:21.156,65366019.563,0.8645202283271494
4445,"[2010.0, 4.0, 29.0, 8.0, 11.0, 8.671]",44,B0038,112,4446,04446.csv,1.7286072907068817,45,2010-04-29 08:11:08.671,65378727.078,0.8643036453534408
4449,"[2010.0, 5.0, 4.0, 13.0, 22.0, 1.921]",44,B0038,116,4450,04450.csv,1.52573884649634,46,2010-05-04 13:22:01.921,65829380.328,0.7628694232481699
4453,"[2010.0, 5.0, 4.0, 17.0, 26.0, 38.953]",44,B0038,120,4454,04454.csv,1.5301475534434217,47,2010-05-04 17:26:38.953,65844057.36,0.7650737767217108
4455,"[2010.0, 4.0, 14.0, 16.0, 43.0, 39.921]",24,B0039,0,4456,04456.csv,0.1190383185934176,1,2010-04-14 16:43:39.921,64113478.328,0.059519159296708805
4459,"[2010.0, 4.0, 14.0, 21.0, 10.0, 11.125]",24,B0039,4,4460,04460.csv,0.4729861500927512,2,2010-04-14 21:10:11.125,64129469.532,0.2364930750463756
4461,"[2010.0, 4.0, 15.0, 0.0, 37.0, 31.546]",24,B0039,6,4462,04462.csv,0.1628079382920206,3,2010-04-15 00:37:31.546,64141909.953,0.08140396914601028
4463,"[2010.0, 4.0, 15.0, 4.0, 4.0, 41.296]",24,B0039,8,4464,04464.csv,0.4787632853388766,4,2010-04-15 04:04:41.296,64154339.703,0.2393816426694383
4465,"[2010.0, 4.0, 15.0, 7.0, 31.0, 40.14]",24,B0039,10,4466,04466.csv,0.4711383364607152,5,2010-04-15 07:31:40.140,64166758.547,0.2355691682303576
4467,"[2010.0, 4.0, 15.0, 10.0, 58.0, 27.5]",24,B0039,12,4468,04468.csv,0.4668172561120673,6,2010-04-15 10:58:27.500,64179165.907,0.23340862805603366
4471,"[2010.0, 4.0, 16.0, 12.0, 15.0, 0.281]",24,B0039,16,4472,04472.csv,0.4699932676625547,7,2010-04-16 12:15:00.281,64270158.688,0.23499663383127736
4475,"[2010.0, 4.0, 16.0, 16.0, 48.0, 31.734]",24,B0039,20,4476,04476.csv,0.4627052684317185,8,2010-04-16 16:48:31.734,64286570.141,0.23135263421585925
4477,"[2010.0, 4.0, 16.0, 20.0, 15.0, 0.406]",24,B0039,22,4478,04478.csv,0.4604944782656097,9,2010-04-16 20:15:00.406,64298958.813,0.2302472391328049
4479,"[2010.0, 4.0, 16.0, 23.0, 41.0, 13.937]",24,B0039,24,4480,04480.csv,0.4412227248835694,10,2010-04-16 23:41:13.937,64311332.344,0.2206113624417847
4481,"[2010.0, 4.0, 17.0, 3.0, 7.0, 6.64]",24,B0039,26,4482,04482.csv,0.4435442194396584,11,2010-04-17 03:07:06.640,64323685.047,0.2217721097198292
4483,"[2010.0, 4.0, 17.0, 6.0, 32.0, 52.968]",24,B0039,28,4484,04484.csv,0.4126655541164234,12,2010-04-17 06:32:52.968,64336031.375,0.20633277705821168
4487,"[2010.0, 4.0, 21.0, 13.0, 51.0, 46.531]",44,B0039,32,4488,04488.csv,1.7461791006389626,13,2010-04-21 13:51:46.531,64707964.938,0.8730895503194813
4491,"[2010.0, 4.0, 21.0, 19.0, 29.0, 11.0]",44,B0039,36,4492,04492.csv,1.7695250734505363,14,2010-04-21 19:29:11.000,64728209.407,0.8847625367252683
4493,"[2010.0, 4.0, 21.0, 23.0, 57.0, 8.859]",44,B0039,38,4494,04494.csv,1.7715391419501945,15,2010-04-21 23:57:08.859,64744287.266,0.8857695709750972
4495,"[2010.0, 4.0, 22.0, 4.0, 30.0, 34.312]",44,B0039,40,4496,04496.csv,1.770625483958279,16,2010-04-22 04:30:34.312,64760692.719,0.8853127419791395
4497,"[2010.0, 4.0, 22.0, 8.0, 59.0, 11.468]",44,B0039,42,4498,04498.csv,1.7704040639447296,17,2010-04-22 08:59:11.468,64776809.875,0.8852020319723648
4499,"[2010.0, 4.0, 22.0, 13.0, 28.0, 29.546]",44,B0039,44,4500,04500.csv,1.769508178880176,18,2010-04-22 13:28:29.546,64792967.953,0.884754089440088
4503,"[2010.0, 4.0, 23.0, 16.0, 52.0, 59.406]",44,B0039,48,4504,04504.csv,1.7638356274269416,19,2010-04-23 16:52:59.406,64891637.813,0.8819178137134708
4507,"[2010.0, 4.0, 23.0, 22.0, 31.0, 1.0]",44,B0039,52,4508,04508.csv,1.7715725869786123,20,2010-04-23 22:31:01.000,64911919.407,0.8857862934893062
4509,"[2010.0, 4.0, 24.0, 2.0, 58.0, 55.031]",44,B0039,54,4510,04510.csv,1.7701196454489685,21,2010-04-24 02:58:55.031,64927993.438,0.8850598227244842
4511,"[2010.0, 4.0, 24.0, 7.0, 27.0, 28.203]",44,B0039,56,4512,04512.csv,1.766756975286052,22,2010-04-24 07:27:28.203,64944106.61,0.883378487643026
4513,"[2010.0, 4.0, 24.0, 11.0, 56.0, 33.14]",44,B0039,58,4514,04514.csv,1.7648743629092642,23,2010-04-24 11:56:33.140,64960251.547,0.8824371814546322
4515,"[2010.0, 4.0, 24.0, 16.0, 24.0, 41.656]",44,B0039,60,4516,04516.csv,1.763838685943225,24,2010-04-24 16:24:41.656,64976340.063,0.8819193429716123
4519,"[2010.0, 4.0, 24.0, 22.0, 5.0, 41.156]",44,B0039,64,4520,04520.csv,1.7657225752056789,25,2010-04-24 22:05:41.156,64996799.563,0.8828612876028394
4521,"[2010.0, 4.0, 25.0, 2.0, 33.0, 59.171]",44,B0039,66,4522,04522.csv,1.7645632809383045,26,2010-04-25 02:33:59.171,65012897.578,0.8822816404691523
4523,"[2010.0, 4.0, 25.0, 7.0, 2.0, 26.234]",44,B0039,68,4524,04524.csv,1.7608991948479125,27,2010-04-25 07:02:26.234,65029004.641,0.8804495974239562
4525,"[2010.0, 4.0, 25.0, 11.0, 31.0, 4.593]",44,B0039,70,4526,04526.csv,1.7598362095817717,28,2010-04-25 11:31:04.593,65045123.0,0.8799181047908858
4527,"[2010.0, 4.0, 25.0, 16.0, 0.0, 19.781]",44,B0039,72,4528,04528.csv,1.7590955400143164,29,2010-04-25 16:00:19.781,65061278.188,0.8795477700071582
4531,"[2010.0, 4.0, 25.0, 21.0, 41.0, 58.937]",44,B0039,76,4532,04532.csv,1.7560495443976525,30,2010-04-25 21:41:58.937,65081777.344,0.8780247721988261
4533,"[2010.0, 4.0, 26.0, 2.0, 19.0, 22.218]",44,B0039,78,4534,04534.csv,1.7571677199949287,31,2010-04-26 02:19:22.218,65098420.625,0.8785838599974644
4535,"[2010.0, 4.0, 26.0, 6.0, 50.0, 42.203]",44,B0039,80,4536,04536.csv,1.7558911269459976,32,2010-04-26 06:50:42.203,65114700.61,0.8779455634729988
4537,"[2010.0, 4.0, 26.0, 11.0, 20.0, 44.75]",44,B0039,82,4538,04538.csv,1.7533419072229914,33,2010-04-26 11:20:44.750,65130903.157,0.8766709536114958
4539,"[2010.0, 4.0, 26.0, 15.0, 51.0, 7.953]",44,B0039,84,4540,04540.csv,1.7506673845335168,34,2010-04-26 15:51:07.953,65147126.36,0.8753336922667585
4543,"[2010.0, 4.0, 26.0, 21.0, 35.0, 15.343]",44,B0039,88,4544,04544.csv,1.7510006664162403,35,2010-04-26 21:35:15.343,65167773.75,0.8755003332081202
4545,"[2010.0, 4.0, 27.0, 2.0, 5.0, 41.234]",44,B0039,90,4546,04546.csv,1.7496058853847871,36,2010-04-27 02:05:41.234,65183999.641,0.8748029426923936
4547,"[2010.0, 4.0, 27.0, 6.0, 36.0, 5.468]",44,B0039,92,4548,04548.csv,1.7477359172183355,37,2010-04-27 06:36:05.468,65200223.875,0.8738679586091678
4549,"[2010.0, 4.0, 27.0, 11.0, 7.0, 40.968]",44,B0039,94,4550,04550.csv,1.7444225468099093,38,2010-04-27 11:07:40.968,65216519.375,0.8722112734049545
4551,"[2010.0, 4.0, 27.0, 15.0, 43.0, 29.625]",44,B0039,96,4552,04552.csv,1.743308366083936,39,2010-04-27 15:43:29.625,65233068.032,0.871654183041968
4555,"[2010.0, 4.0, 28.0, 13.0, 22.0, 57.656]",44,B0039,100,4556,04556.csv,1.6556691733888471,40,2010-04-28 13:22:57.656,65311036.063,0.8278345866944236
4559,"[2010.0, 4.0, 28.0, 18.0, 5.0, 58.859]",44,B0039,104,4560,04560.csv,1.64297669457593,41,2010-04-28 18:05:58.859,65328017.266,0.821488347287965
4561,"[2010.0, 4.0, 28.0, 21.0, 37.0, 16.375]",44,B0039,106,4562,04562.csv,1.6343822729361266,42,2010-04-28 21:37:16.375,65340694.782,0.8171911364680633
4563,"[2010.0, 4.0, 29.0, 1.0, 8.0, 33.5]",44,B0039,108,4564,04564.csv,1.62650670621656,43,2010-04-29 01:08:33.500,65353371.907,0.81325335310828
4565,"[2010.0, 4.0, 29.0, 4.0, 39.0, 21.156]",44,B0039,110,4566,04566.csv,1.618865991735961,44,2010-04-29 04:39:21.156,65366019.563,0.8094329958679805
4567,"[2010.0, 4.0, 29.0, 8.0, 11.0, 8.671]",44,B0039,112,4568,04568.csv,1.6114968339209264,45,2010-04-29 08:11:08.671,65378727.078,0.8057484169604632
4571,"[2010.0, 5.0, 4.0, 13.0, 22.0, 1.921]",44,B0039,116,4572,04572.csv,1.3240805773461226,46,2010-05-04 13:22:01.921,65829380.328,0.6620402886730613
4575,"[2010.0, 5.0, 4.0, 17.0, 26.0, 38.953]",44,B0039,120,4576,04576.csv,1.3153386221697692,47,2010-05-04 17:26:38.953,65844057.36,0.6576693110848847
4577,"[2010.0, 4.0, 14.0, 16.0, 43.0, 39.921]",24,B0040,0,4578,04578.csv,0.6734628137095633,1,2010-04-14 16:43:39.921,64113478.328,0.33673140685478165
4581,"[2010.0, 4.0, 14.0, 21.0, 10.0, 11.125]",24,B0040,4,4582,04582.csv,0.7913062105760345,2,2010-04-14 21:10:11.125,64129469.532,0.39565310528801734
4583,"[2010.0, 4.0, 15.0, 0.0, 37.0, 31.546]",24,B0040,6,4584,04584.csv,0.7865824034601745,3,2010-04-15 00:37:31.546,64141909.953,0.39329120173008725
4585,"[2010.0, 4.0, 15.0, 4.0, 4.0, 41.296]",24,B0040,8,4586,04586.csv,0.7795871426061582,4,2010-04-15 04:04:41.296,64154339.703,0.3897935713030791
4587,"[2010.0, 4.0, 15.0, 7.0, 31.0, 40.14]",24,B0040,10,4588,04588.csv,0.7628241523125163,5,2010-04-15 07:31:40.140,64166758.547,0.38141207615625816
4589,"[2010.0, 4.0, 15.0, 10.0, 58.0, 27.5]",24,B0040,12,4590,04590.csv,0.7405021514606399,6,2010-04-15 10:58:27.500,64179165.907,0.37025107573032
4593,"[2010.0, 4.0, 16.0, 12.0, 15.0, 0.281]",24,B0040,16,4594,04594.csv,0.7783970881100656,7,2010-04-16 12:15:00.281,64270158.688,0.3891985440550328
4597,"[2010.0, 4.0, 16.0, 16.0, 48.0, 31.734]",24,B0040,20,4598,04598.csv,0.7733165409025605,8,2010-04-16 16:48:31.734,64286570.141,0.38665827045128026
4599,"[2010.0, 4.0, 16.0, 20.0, 15.0, 0.406]",24,B0040,22,4600,04600.csv,0.7589575236409498,9,2010-04-16 20:15:00.406,64298958.813,0.37947876182047485
4601,"[2010.0, 4.0, 16.0, 23.0, 41.0, 13.937]",24,B0040,24,4602,04602.csv,0.7407399462256391,10,2010-04-16 23:41:13.937,64311332.344,0.3703699731128196
4603,"[2010.0, 4.0, 17.0, 3.0, 7.0, 6.64]",24,B0040,26,4604,04604.csv,0.7446218752617147,11,2010-04-17 03:07:06.640,64323685.047,0.3723109376308574
4605,"[2010.0, 4.0, 17.0, 6.0, 32.0, 52.968]",24,B0040,28,4606,04606.csv,0.7149875629820736,12,2010-04-17 06:32:52.968,64336031.375,0.3574937814910368
4609,"[2010.0, 4.0, 21.0, 13.0, 51.0, 46.531]",44,B0040,32,4610,04610.csv,1.7075144448533202,13,2010-04-21 13:51:46.531,64707964.938,0.85375722242666
4613,"[2010.0, 4.0, 21.0, 19.0, 29.0, 11.0]",44,B0040,36,4614,04614.csv,1.730880859428193,14,2010-04-21 19:29:11.000,64728209.407,0.8654404297140965
4615,"[2010.0, 4.0, 21.0, 23.0, 57.0, 8.859]",44,B0040,38,4616,04616.csv,1.7328212845233328,15,2010-04-21 23:57:08.859,64744287.266,0.8664106422616665
4617,"[2010.0, 4.0, 22.0, 4.0, 30.0, 34.312]",44,B0040,40,4618,04618.csv,1.7317734323431513,16,2010-04-22 04:30:34.312,64760692.719,0.8658867161715755
4619,"[2010.0, 4.0, 22.0, 8.0, 59.0, 11.468]",44,B0040,42,4620,04620.csv,1.7341296392350067,17,2010-04-22 08:59:11.468,64776809.875,0.8670648196175034
4621,"[2010.0, 4.0, 22.0, 13.0, 28.0, 29.546]",44,B0040,44,4622,04622.csv,1.7334756929990074,18,2010-04-22 13:28:29.546,64792967.953,0.8667378464995036
4625,"[2010.0, 4.0, 23.0, 16.0, 52.0, 59.406]",44,B0040,48,4626,04626.csv,1.7243057179457877,19,2010-04-23 16:52:59.406,64891637.813,0.862152858972894
4629,"[2010.0, 4.0, 23.0, 22.0, 31.0, 1.0]",44,B0040,52,4630,04630.csv,1.7318975861687205,20,2010-04-23 22:31:01.000,64911919.407,0.8659487930843602
4631,"[2010.0, 4.0, 24.0, 2.0, 58.0, 55.031]",44,B0040,54,4632,04632.csv,1.7333691208377455,21,2010-04-24 02:58:55.031,64927993.438,0.8666845604188729
4633,"[2010.0, 4.0, 24.0, 7.0, 27.0, 28.203]",44,B0040,56,4634,04634.csv,1.732175650153278,22,2010-04-24 07:27:28.203,64944106.61,0.8660878250766388
4635,"[2010.0, 4.0, 24.0, 11.0, 56.0, 33.14]",44,B0040,58,4636,04636.csv,1.7334832776102866,23,2010-04-24 11:56:33.140,64960251.547,0.8667416388051433
4637,"[2010.0, 4.0, 24.0, 16.0, 24.0, 41.656]",44,B0040,60,4638,04638.csv,1.732372495746513,24,2010-04-24 16:24:41.656,64976340.063,0.8661862478732565
4641,"[2010.0, 4.0, 24.0, 22.0, 5.0, 41.156]",44,B0040,64,4642,04642.csv,1.7338175297202416,25,2010-04-24 22:05:41.156,64996799.563,0.8669087648601209
4643,"[2010.0, 4.0, 25.0, 2.0, 33.0, 59.171]",44,B0040,66,4644,04644.csv,1.7329630786357868,26,2010-04-25 02:33:59.171,65012897.578,0.8664815393178934
4645,"[2010.0, 4.0, 25.0, 7.0, 2.0, 26.234]",44,B0040,68,4646,04646.csv,1.731883908457334,27,2010-04-25 07:02:26.234,65029004.641,0.865941954228667
4647,"[2010.0, 4.0, 25.0, 11.0, 31.0, 4.593]",44,B0040,70,4648,04648.csv,1.7306960059812662,28,2010-04-25 11:31:04.593,65045123.0,0.8653480029906331
4649,"[2010.0, 4.0, 25.0, 16.0, 0.0, 19.781]",44,B0040,72,4650,04650.csv,1.7296011601947467,29,2010-04-25 16:00:19.781,65061278.188,0.8648005800973734
4653,"[2010.0, 4.0, 25.0, 21.0, 41.0, 58.937]",44,B0040,76,4654,04654.csv,1.7296187381064656,30,2010-04-25 21:41:58.937,65081777.344,0.8648093690532328
4655,"[2010.0, 4.0, 26.0, 2.0, 19.0, 22.218]",44,B0040,78,4656,04656.csv,1.7307198617163877,31,2010-04-26 02:19:22.218,65098420.625,0.8653599308581938
4657,"[2010.0, 4.0, 26.0, 6.0, 50.0, 42.203]",44,B0040,80,4658,04658.csv,1.729274556175907,32,2010-04-26 06:50:42.203,65114700.61,0.8646372780879535
4659,"[2010.0, 4.0, 26.0, 11.0, 20.0, 44.75]",44,B0040,82,4660,04660.csv,1.7297962212599596,33,2010-04-26 11:20:44.750,65130903.157,0.8648981106299797
4661,"[2010.0, 4.0, 26.0, 15.0, 51.0, 7.953]",44,B0040,84,4662,04662.csv,1.7268942069037494,34,2010-04-26 15:51:07.953,65147126.36,0.8634471034518747
4665,"[2010.0, 4.0, 26.0, 21.0, 35.0, 15.343]",44,B0040,88,4666,04666.csv,1.7272191689306016,35,2010-04-26 21:35:15.343,65167773.75,0.8636095844653008
4667,"[2010.0, 4.0, 27.0, 2.0, 5.0, 41.234]",44,B0040,90,4668,04668.csv,1.7285674981160106,36,2010-04-27 02:05:41.234,65183999.641,0.8642837490580052
4669,"[2010.0, 4.0, 27.0, 6.0, 36.0, 5.468]",44,B0040,92,4670,04670.csv,1.726636381605547,37,2010-04-27 06:36:05.468,65200223.875,0.8633181908027736
4671,"[2010.0, 4.0, 27.0, 11.0, 7.0, 40.968]",44,B0040,94,4672,04672.csv,1.7262424141835069,38,2010-04-27 11:07:40.968,65216519.375,0.8631212070917534
4673,"[2010.0, 4.0, 27.0, 15.0, 43.0, 29.625]",44,B0040,96,4674,04674.csv,1.72527259276029,39,2010-04-27 15:43:29.625,65233068.032,0.862636296380145
4677,"[2010.0, 4.0, 28.0, 13.0, 22.0, 57.656]",44,B0040,100,4678,04678.csv,1.666802687745505,40,2010-04-28 13:22:57.656,65311036.063,0.8334013438727526
4681,"[2010.0, 4.0, 28.0, 18.0, 5.0, 58.859]",44,B0040,104,4682,04682.csv,1.666754853762041,41,2010-04-28 18:05:58.859,65328017.266,0.8333774268810203
4683,"[2010.0, 4.0, 28.0, 21.0, 37.0, 16.375]",44,B0040,106,4684,04684.csv,1.6583274448761054,42,2010-04-28 21:37:16.375,65340694.782,0.8291637224380527
4685,"[2010.0, 4.0, 29.0, 1.0, 8.0, 33.5]",44,B0040,108,4686,04686.csv,1.65032263550715,43,2010-04-29 01:08:33.500,65353371.907,0.825161317753575
4687,"[2010.0, 4.0, 29.0, 4.0, 39.0, 21.156]",44,B0040,110,4688,04688.csv,1.6493406341242296,44,2010-04-29 04:39:21.156,65366019.563,0.8246703170621149
4689,"[2010.0, 4.0, 29.0, 8.0, 11.0, 8.671]",44,B0040,112,4690,04690.csv,1.641919055037739,45,2010-04-29 08:11:08.671,65378727.078,0.8209595275188694
4693,"[2010.0, 5.0, 4.0, 13.0, 22.0, 1.921]",44,B0040,116,4694,04694.csv,0.425812451177779,46,2010-05-04 13:22:01.921,65829380.328,0.2129062255888895
4697,"[2010.0, 5.0, 4.0, 17.0, 26.0, 38.953]",44,B0040,120,4698,04698.csv,0.5569902643736575,47,2010-05-04 17:26:38.953,65844057.36,0.2784951321868288
4699,"[2010.0, 6.0, 16.0, 10.0, 39.0, 50.39]",4,B0041,0,4700,04700.csv,0.055620243768194,1,2010-06-16 10:39:50.390,69534848.797,0.027810121884096997
4702,"[2010.0, 6.0, 16.0, 14.0, 46.0, 51.593]",4,B0041,3,4703,04703.csv,0.0556974726122768,2,2010-06-16 14:46:51.593,69549670.0,0.0278487363061384
4704,"[2010.0, 6.0, 16.0, 18.0, 7.0, 22.875]",4,B0041,5,4705,04705.csv,0.0558390162918539,3,2010-06-16 18:07:22.875,69561701.282,0.02791950814592695
4706,"[2010.0, 6.0, 16.0, 21.0, 27.0, 32.859]",4,B0041,7,4707,04707.csv,0.056148059974053,4,2010-06-16 21:27:32.859,69573711.266,0.028074029987026503
4708,"[2010.0, 6.0, 17.0, 0.0, 47.0, 36.281]",4,B0041,9,4709,04709.csv,0.056470531599139,5,2010-06-17 00:47:36.281,69585714.688,0.028235265799569496
4710,"[2010.0, 6.0, 17.0, 3.0, 38.0, 47.796]",4,B0041,11,4711,04711.csv,0.0440922918408019,6,2010-06-17 03:38:47.796,69595986.203,0.02204614592040095
4714,"[2010.0, 6.0, 17.0, 8.0, 10.0, 30.89]",4,B0041,15,4715,04715.csv,0.0567719130814178,7,2010-06-17 08:10:30.890,69612289.297,0.0283859565407089
4716,"[2010.0, 6.0, 17.0, 11.0, 30.0, 34.546]",4,B0041,17,4717,04717.csv,0.0569383765007572,8,2010-06-17 11:30:34.546,69624292.953,0.0284691882503786
4718,"[2010.0, 6.0, 17.0, 14.0, 50.0, 30.921]",4,B0041,19,4719,04719.csv,0.0444014841131225,9,2010-06-17 14:50:30.921,69636289.328,0.022200742056561255
4720,"[2010.0, 6.0, 17.0, 18.0, 10.0, 6.218]",4,B0041,21,4721,04721.csv,0.0446343581849161,10,2010-06-17 18:10:06.218,69648264.625,0.02231717909245805
4722,"[2010.0, 6.0, 17.0, 21.0, 29.0, 54.875]",4,B0041,23,4723,04723.csv,0.0447987224365748,11,2010-06-17 21:29:54.875,69660253.282,0.0223993612182874
4726,"[2010.0, 6.0, 18.0, 2.0, 1.0, 11.046]",4,B0041,27,4727,04727.csv,0.0467089878078547,12,2010-06-18 02:01:11.046,69676529.453,0.02335449390392735
4728,"[2010.0, 6.0, 18.0, 5.0, 20.0, 59.203]",4,B0041,29,4729,04729.csv,0.0449537153308952,13,2010-06-18 05:20:59.203,69688517.61,0.0224768576654476
4730,"[2010.0, 6.0, 18.0, 8.0, 40.0, 33.875]",4,B0041,31,4731,04731.csv,0.0452193290195426,14,2010-06-18 08:40:33.875,69700492.282,0.0226096645097713
4732,"[2010.0, 6.0, 18.0, 12.0, 0.0, 2.609]",4,B0041,33,4733,04733.csv,0.0454022241469497,15,2010-06-18 12:00:02.609,69712461.016,0.02270111207347485
4734,"[2010.0, 6.0, 18.0, 15.0, 19.0, 35.359]",4,B0041,35,4735,04735.csv,0.0456790122497417,16,2010-06-18 15:19:35.359,69724433.766,0.02283950612487085
4738,"[2010.0, 6.0, 18.0, 19.0, 50.0, 33.234]",4,B0041,39,4739,04739.csv,0.0455208025703398,17,2010-06-18 19:50:33.234,69740691.641,0.0227604012851699
4740,"[2010.0, 6.0, 18.0, 23.0, 9.0, 59.0]",4,B0041,41,4741,04741.csv,0.0457285414602425,18,2010-06-18 23:09:59.000,69752657.407,0.02286427073012125
4742,"[2010.0, 6.0, 19.0, 2.0, 29.0, 16.281]",4,B0041,43,4743,04743.csv,0.045860512192502,19,2010-06-19 02:29:16.281,69764614.688,0.022930256096251
4744,"[2010.0, 6.0, 19.0, 5.0, 42.0, 11.468]",4,B0041,45,4745,04745.csv,0.045983556030275,20,2010-06-19 05:42:11.468,69776189.875,0.0229917780151375
4746,"[2010.0, 6.0, 19.0, 8.0, 49.0, 37.406]",4,B0041,47,4747,04747.csv,0.046128762966734,21,2010-06-19 08:49:37.406,69787435.813,0.023064381483366998
4750,"[2010.0, 6.0, 21.0, 15.0, 19.0, 37.906]",4,B0041,51,4751,04751.csv,0.0463714545530443,22,2010-06-21 15:19:37.906,69983636.313,0.02318572727652215
4754,"[2010.0, 6.0, 21.0, 19.0, 51.0, 35.109]",4,B0041,55,4755,04755.csv,0.0464238542531432,23,2010-06-21 19:51:35.109,69999953.516,0.023211927126571597
4756,"[2010.0, 6.0, 21.0, 23.0, 11.0, 45.359]",4,B0041,57,4757,04757.csv,0.0465794695305646,24,2010-06-21 23:11:45.359,70011963.766,0.0232897347652823
4758,"[2010.0, 6.0, 22.0, 2.0, 31.0, 35.687]",4,B0041,59,4759,04759.csv,0.0467260089483965,25,2010-06-22 02:31:35.687,70023954.094,0.023363004474198246
4760,"[2010.0, 6.0, 22.0, 5.0, 44.0, 45.062]",4,B0041,61,4761,04761.csv,0.0468634724324437,26,2010-06-22 05:44:45.062,70035543.469,0.02343173621622185
4762,"[2010.0, 6.0, 22.0, 9.0, 4.0, 54.281]",4,B0041,63,4763,04763.csv,0.0471230704848885,27,2010-06-22 09:04:54.281,70047552.688,0.02356153524244425
4766,"[2010.0, 6.0, 22.0, 13.0, 36.0, 7.203]",4,B0041,67,4767,04767.csv,0.047089685801538,28,2010-06-22 13:36:07.203,70063825.61,0.023544842900769
4768,"[2010.0, 6.0, 22.0, 16.0, 55.0, 44.609]",4,B0041,69,4769,04769.csv,0.0471681699068244,29,2010-06-22 16:55:44.609,70075803.016,0.0235840849534122
4770,"[2010.0, 6.0, 22.0, 20.0, 15.0, 9.718]",4,B0041,71,4771,04771.csv,0.0474166233958466,30,2010-06-22 20:15:09.718,70087768.125,0.0237083116979233
4772,"[2010.0, 6.0, 22.0, 23.0, 34.0, 40.078]",4,B0041,73,4773,04773.csv,0.0474736581861432,31,2010-06-22 23:34:40.078,70099738.485,0.0237368290930716
4774,"[2010.0, 6.0, 23.0, 2.0, 54.0, 2.359]",4,B0041,75,4775,04775.csv,0.047671071688296,32,2010-06-23 02:54:02.359,70111700.766,0.023835535844148003
4778,"[2010.0, 6.0, 23.0, 7.0, 24.0, 51.046]",4,B0041,79,4779,04779.csv,0.0477561486679362,33,2010-06-23 07:24:51.046,70127949.453,0.0238780743339681
4780,"[2010.0, 6.0, 23.0, 10.0, 44.0, 16.39]",4,B0041,81,4781,04781.csv,0.0478336905290522,34,2010-06-23 10:44:16.390,70139914.797,0.0239168452645261
4782,"[2010.0, 6.0, 23.0, 14.0, 3.0, 18.14]",4,B0041,83,4783,04783.csv,0.0479228171589379,35,2010-06-23 14:03:18.140,70151856.547,0.02396140857946895
4784,"[2010.0, 6.0, 23.0, 17.0, 19.0, 43.093]",4,B0041,85,4785,04785.csv,0.0481080249716144,36,2010-06-23 17:19:43.093,70163641.5,0.0240540124858072
4786,"[2010.0, 6.0, 23.0, 20.0, 32.0, 31.953]",4,B0041,87,4787,04787.csv,0.0480878273582587,37,2010-06-23 20:32:31.953,70175210.36,0.02404391367912935
4790,"[2010.0, 6.0, 23.0, 23.0, 10.0, 5.078]",4,B0041,91,4791,04791.csv,0.0484226192632661,38,2010-06-23 23:10:05.078,70184663.485,0.02421130963163305
4792,"[2010.0, 6.0, 24.0, 0.0, 22.0, 53.234]",4,B0041,93,4793,04793.csv,0.0479864952546282,39,2010-06-24 00:22:53.234,70189031.641,0.0239932476273141
4794,"[2010.0, 6.0, 24.0, 1.0, 18.0, 4.437]",4,B0041,95,4795,04795.csv,0.0482217520049512,40,2010-06-24 01:18:04.437,70192342.844,0.0241108760024756
4796,"[2010.0, 6.0, 24.0, 2.0, 17.0, 42.484]",4,B0041,97,4797,04797.csv,0.0478773156676534,41,2010-06-24 02:17:42.484,70195920.891,0.0239386578338267
4798,"[2010.0, 6.0, 24.0, 3.0, 12.0, 12.5]",4,B0041,99,4799,04799.csv,0.0482903205557941,42,2010-06-24 03:12:12.500,70199190.907,0.02414516027789705
4802,"[2010.0, 6.0, 25.0, 18.0, 45.0, 5.406]",4,B0041,103,4803,04803.csv,1.2156494086360898,43,2010-06-25 18:45:05.406,70341563.813,0.6078247043180449
4806,"[2010.0, 6.0, 26.0, 0.0, 33.0, 10.328]",4,B0041,107,4807,04807.csv,1.1476416320946563,44,2010-06-26 00:33:10.328,70362448.735,0.5738208160473282
4808,"[2010.0, 6.0, 26.0, 5.0, 11.0, 6.265]",4,B0041,109,4809,04809.csv,1.1194574527298191,45,2010-06-26 05:11:06.265,70379124.672,0.5597287263649097
4810,"[2010.0, 6.0, 26.0, 9.0, 48.0, 28.984]",4,B0041,111,4811,04811.csv,1.0841325641850128,46,2010-06-26 09:48:28.984,70395767.391,0.5420662820925064
4812,"[2010.0, 6.0, 26.0, 14.0, 25.0, 15.64]",4,B0041,113,4813,04813.csv,1.0607784232892656,47,2010-06-26 14:25:15.640,70412374.047,0.5303892116446328
4814,"[2010.0, 6.0, 26.0, 19.0, 1.0, 10.906]",4,B0041,115,4815,04815.csv,1.0170312865626592,48,2010-06-26 19:01:10.906,70428929.313,0.5085156432813296
4818,"[2010.0, 6.0, 27.0, 0.0, 48.0, 32.265]",4,B0041,119,4819,04819.csv,1.0000374999808574,49,2010-06-27 00:48:32.265,70449770.672,0.5000187499904287
4820,"[2010.0, 6.0, 27.0, 5.0, 23.0, 33.859]",4,B0041,121,4821,04821.csv,0.991506494786248,50,2010-06-27 05:23:33.859,70466272.266,0.495753247393124
4822,"[2010.0, 6.0, 27.0, 9.0, 58.0, 20.953]",4,B0041,123,4823,04823.csv,0.9655644425371016,51,2010-06-27 09:58:20.953,70482759.36,0.48278222126855075
4824,"[2010.0, 6.0, 27.0, 14.0, 32.0, 41.171]",4,B0041,125,4825,04825.csv,0.9383311962439672,52,2010-06-27 14:32:41.171,70499219.578,0.46916559812198355
4826,"[2010.0, 6.0, 27.0, 19.0, 6.0, 37.984]",4,B0041,127,4827,04827.csv,0.9298903389240268,53,2010-06-27 19:06:37.984,70515656.391,0.4649451694620134
4830,"[2010.0, 6.0, 28.0, 0.0, 51.0, 57.734]",4,B0041,131,4831,04831.csv,0.9072117399448598,54,2010-06-28 00:51:57.734,70536376.141,0.4536058699724299
4832,"[2010.0, 6.0, 28.0, 5.0, 24.0, 57.14]",4,B0041,133,4833,04833.csv,0.9176870676937324,55,2010-06-28 05:24:57.140,70552755.547,0.4588435338468662
4834,"[2010.0, 6.0, 28.0, 9.0, 57.0, 41.468]",4,B0041,135,4835,04835.csv,0.9157430721963028,56,2010-06-28 09:57:41.468,70569119.875,0.4578715360981514
4836,"[2010.0, 6.0, 28.0, 14.0, 29.0, 46.171]",4,B0041,137,4837,04837.csv,0.9111662690050432,57,2010-06-28 14:29:46.171,70585444.578,0.4555831345025216
4838,"[2010.0, 6.0, 28.0, 19.0, 1.0, 9.578]",4,B0041,139,4839,04839.csv,0.8968901443572698,58,2010-06-28 19:01:09.578,70601727.985,0.4484450721786349
4842,"[2010.0, 6.0, 29.0, 0.0, 44.0, 0.078]",4,B0041,143,4843,04843.csv,0.8862133472800153,59,2010-06-29 00:44:00.078,70622298.485,0.4431066736400077
4844,"[2010.0, 6.0, 29.0, 5.0, 14.0, 48.968]",4,B0041,145,4845,04845.csv,0.8931124136187014,60,2010-06-29 05:14:48.968,70638547.375,0.4465562068093507
4846,"[2010.0, 6.0, 29.0, 9.0, 44.0, 58.609]",4,B0041,147,4847,04847.csv,0.880898507091054,61,2010-06-29 09:44:58.609,70654757.016,0.44044925354552705
4848,"[2010.0, 6.0, 29.0, 14.0, 14.0, 43.546]",4,B0041,149,4849,04849.csv,0.8798879382023741,62,2010-06-29 14:14:43.546,70670941.953,0.43994396910118705
4850,"[2010.0, 6.0, 29.0, 18.0, 44.0, 1.531]",4,B0041,151,4851,04851.csv,0.8682347537115443,63,2010-06-29 18:44:01.531,70687099.938,0.4341173768557722
4854,"[2010.0, 6.0, 30.0, 0.0, 24.0, 32.875]",4,B0041,155,4855,04855.csv,0.8443569490395516,64,2010-06-30 00:24:32.875,70707531.282,0.42217847451977586
4856,"[2010.0, 6.0, 30.0, 4.0, 53.0, 18.5]",4,B0041,157,4857,04857.csv,0.8657093203148538,65,2010-06-30 04:53:18.500,70723656.907,0.4328546601574269
4858,"[2010.0, 6.0, 30.0, 9.0, 21.0, 28.343]",4,B0041,159,4859,04859.csv,0.848696904019178,66,2010-06-30 09:21:28.343,70739746.75,0.424348452009589
4860,"[2010.0, 6.0, 30.0, 13.0, 49.0, 7.171]",4,B0041,161,4861,04861.csv,0.8364948433646345,67,2010-06-30 13:49:07.171,70755805.578,0.4182474216823173
4864,"[2010.0, 6.0, 3.0, 20.0, 31.0, 2.968]",22,B0042,2,4865,04865.csv,1.7287126633755356,1,2010-06-03 20:31:02.968,68447121.375,0.8643563316877677
4866,"[2010.0, 6.0, 4.0, 0.0, 29.0, 30.921]",22,B0042,4,4867,04867.csv,1.7314706281853145,2,2010-06-04 00:29:30.921,68461429.328,0.8657353140926572
4868,"[2010.0, 6.0, 4.0, 4.0, 26.0, 46.875]",22,B0042,6,4869,04869.csv,1.7282350363146088,3,2010-06-04 04:26:46.875,68475665.282,0.8641175181573044
4870,"[2010.0, 6.0, 4.0, 8.0, 23.0, 18.5]",22,B0042,8,4871,04871.csv,1.720344742291621,4,2010-06-04 08:23:18.500,68489856.907,0.8601723711458105
4872,"[2010.0, 6.0, 4.0, 12.0, 19.0, 17.125]",22,B0042,10,4873,04873.csv,1.7221734367707635,5,2010-06-04 12:19:17.125,68504015.532,0.8610867183853818
4876,"[2010.0, 6.0, 4.0, 17.0, 26.0, 7.75]",22,B0042,14,4877,04877.csv,0.0,6,2010-06-04 17:26:07.750,68522426.157,0.0
4878,"[2010.0, 6.0, 4.0, 21.0, 8.0, 0.437]",22,B0042,16,4879,04879.csv,1.708669577331945,7,2010-06-04 21:08:00.437,68535738.844,0.8543347886659725
4880,"[2010.0, 6.0, 5.0, 1.0, 2.0, 33.453]",22,B0042,18,4881,04881.csv,1.7036476485918646,8,2010-06-05 01:02:33.453,68549811.86,0.8518238242959323
4882,"[2010.0, 6.0, 5.0, 4.0, 56.0, 47.468]",22,B0042,20,4883,04883.csv,1.6958375743577971,9,2010-06-05 04:56:47.468,68563865.875,0.8479187871788986
4884,"[2010.0, 6.0, 5.0, 8.0, 50.0, 47.75]",22,B0042,22,4885,04885.csv,1.6949064846676911,10,2010-06-05 08:50:47.750,68577906.157,0.8474532423338456
4888,"[2010.0, 6.0, 5.0, 13.0, 56.0, 3.921]",22,B0042,26,4889,04889.csv,1.6874768094352457,11,2010-06-05 13:56:03.921,68596222.328,0.8437384047176227
4890,"[2010.0, 6.0, 5.0, 17.0, 49.0, 52.625]",22,B0042,28,4891,04891.csv,1.685989172917945,12,2010-06-05 17:49:52.625,68610251.032,0.8429945864589725
4892,"[2010.0, 6.0, 5.0, 21.0, 43.0, 27.734]",22,B0042,30,4893,04893.csv,1.6782864747774933,13,2010-06-05 21:43:27.734,68624266.141,0.8391432373887465
4894,"[2010.0, 6.0, 6.0, 1.0, 36.0, 58.156]",22,B0042,32,4895,04895.csv,1.6739647640901527,14,2010-06-06 01:36:58.156,68638276.563,0.8369823820450764
4896,"[2010.0, 6.0, 6.0, 5.0, 30.0, 11.906]",22,B0042,34,4897,04897.csv,1.6722378801237066,15,2010-06-06 05:30:11.906,68652270.313,0.8361189400618533
4900,"[2010.0, 6.0, 6.0, 10.0, 34.0, 53.031]",22,B0042,38,4901,04901.csv,1.675989790049197,16,2010-06-06 10:34:53.031,68670551.438,0.8379948950245985
4902,"[2010.0, 6.0, 6.0, 14.0, 28.0, 10.546]",22,B0042,40,4903,04903.csv,1.6618247672847988,17,2010-06-06 14:28:10.546,68684548.953,0.8309123836423994
4904,"[2010.0, 6.0, 6.0, 18.0, 21.0, 14.171]",22,B0042,42,4905,04905.csv,1.6606710352566112,18,2010-06-06 18:21:14.171,68698532.578,0.8303355176283056
4906,"[2010.0, 6.0, 6.0, 22.0, 14.0, 8.156]",22,B0042,44,4907,04907.csv,1.6530644874507203,19,2010-06-06 22:14:08.156,68712506.563,0.8265322437253602
4908,"[2010.0, 6.0, 7.0, 2.0, 6.0, 57.64]",22,B0042,46,4909,04909.csv,1.649953986270456,20,2010-06-07 02:06:57.640,68726476.047,0.824976993135228
4912,"[2010.0, 6.0, 7.0, 13.0, 57.0, 40.859]",22,B0042,50,4913,04913.csv,1.681297805444492,21,2010-06-07 13:57:40.859,68769119.266,0.840648902722246
4916,"[2010.0, 6.0, 7.0, 19.0, 2.0, 43.281]",22,B0042,54,4917,04917.csv,1.6700520424481298,22,2010-06-07 19:02:43.281,68787421.688,0.8350260212240649
4918,"[2010.0, 6.0, 7.0, 22.0, 55.0, 54.203]",22,B0042,56,4919,04919.csv,1.667181860354792,23,2010-06-07 22:55:54.203,68801412.61,0.833590930177396
4920,"[2010.0, 6.0, 8.0, 2.0, 49.0, 1.156]",22,B0042,58,4921,04921.csv,1.6568865613275168,24,2010-06-08 02:49:01.156,68815399.563,0.8284432806637584
4922,"[2010.0, 6.0, 8.0, 6.0, 41.0, 51.625]",22,B0042,60,4923,04923.csv,1.6449819446579936,25,2010-06-08 06:41:51.625,68829370.032,0.8224909723289968
4924,"[2010.0, 6.0, 8.0, 10.0, 34.0, 18.5]",22,B0042,62,4925,04925.csv,1.639214585000014,26,2010-06-08 10:34:18.500,68843316.907,0.819607292500007
4928,"[2010.0, 6.0, 8.0, 15.0, 38.0, 9.593]",22,B0042,66,4929,04929.csv,1.6410599890208055,27,2010-06-08 15:38:09.593,68861548.0,0.8205299945104028
4930,"[2010.0, 6.0, 8.0, 19.0, 30.0, 45.25]",22,B0042,68,4931,04931.csv,1.643269651219848,28,2010-06-08 19:30:45.250,68875503.657,0.821634825609924
4932,"[2010.0, 6.0, 8.0, 23.0, 23.0, 11.562]",22,B0042,70,4933,04933.csv,1.6298673102402297,29,2010-06-08 23:23:11.562,68889449.969,0.8149336551201148
4934,"[2010.0, 6.0, 9.0, 3.0, 15.0, 28.281]",22,B0042,72,4935,04935.csv,1.6238536344658807,30,2010-06-09 03:15:28.281,68903386.688,0.8119268172329402
4936,"[2010.0, 6.0, 9.0, 7.0, 7.0, 20.406]",22,B0042,74,4937,04937.csv,1.6186308887044174,31,2010-06-09 07:07:20.406,68917298.813,0.8093154443522087
4940,"[2010.0, 6.0, 9.0, 12.0, 10.0, 47.421]",22,B0042,78,4941,04941.csv,1.6193418112441196,32,2010-06-09 12:10:47.421,68935505.828,0.8096709056220598
4942,"[2010.0, 6.0, 9.0, 16.0, 2.0, 47.125]",22,B0042,80,4943,04943.csv,1.614593271326993,33,2010-06-09 16:02:47.125,68949425.532,0.8072966356634965
4944,"[2010.0, 6.0, 9.0, 19.0, 54.0, 38.39]",22,B0042,82,4945,04945.csv,1.6072040891927848,34,2010-06-09 19:54:38.390,68963336.797,0.8036020445963924
4946,"[2010.0, 6.0, 9.0, 23.0, 46.0, 17.078]",22,B0042,84,4947,04947.csv,1.6012663590062357,35,2010-06-09 23:46:17.078,68977235.485,0.8006331795031179
4948,"[2010.0, 6.0, 10.0, 3.0, 37.0, 32.5]",22,B0042,86,4949,04949.csv,1.594040741063104,36,2010-06-10 03:37:32.500,68991110.907,0.797020370531552
4952,"[2010.0, 6.0, 10.0, 8.0, 40.0, 12.437]",22,B0042,90,4953,04953.csv,1.5946888289374477,37,2010-06-10 08:40:12.437,69009270.844,0.7973444144687238
4954,"[2010.0, 6.0, 10.0, 12.0, 31.0, 31.375]",22,B0042,92,4955,04955.csv,1.5882100957302596,38,2010-06-10 12:31:31.375,69023149.782,0.7941050478651299
4956,"[2010.0, 6.0, 10.0, 16.0, 22.0, 38.906]",22,B0042,94,4957,04957.csv,1.587985558077698,39,2010-06-10 16:22:38.906,69037017.313,0.7939927790388491
4958,"[2010.0, 6.0, 10.0, 20.0, 13.0, 46.031]",22,B0042,96,4959,04959.csv,1.5799165406650344,40,2010-06-10 20:13:46.031,69050884.438,0.7899582703325172
4960,"[2010.0, 6.0, 11.0, 0.0, 4.0, 38.656]",22,B0042,98,4961,04961.csv,1.5655946193652834,41,2010-06-11 00:04:38.656,69064737.063,0.7827973096826417
4964,"[2010.0, 6.0, 11.0, 12.0, 17.0, 20.515]",4,B0042,102,4965,04965.csv,0.0707012773734017,42,2010-06-11 12:17:20.515,69108698.922,0.03535063868670085
4968,"[2010.0, 6.0, 11.0, 16.0, 49.0, 19.671]",4,B0042,106,4969,04969.csv,0.0841687853013907,43,2010-06-11 16:49:19.671,69125018.078,0.04208439265069534
4970,"[2010.0, 6.0, 11.0, 20.0, 8.0, 56.89]",4,B0042,108,4971,04971.csv,0.0844378562146582,44,2010-06-11 20:08:56.890,69136995.297,0.0422189281073291
4972,"[2010.0, 6.0, 11.0, 23.0, 28.0, 14.921]",4,B0042,110,4973,04973.csv,0.0847891906059033,45,2010-06-11 23:28:14.921,69148953.328,0.04239459530295165
4974,"[2010.0, 6.0, 16.0, 10.0, 39.0, 50.39]",4,B0042,112,4975,04975.csv,0.0933425818344258,46,2010-06-16 10:39:50.390,69534848.797,0.0466712909172129
4977,"[2010.0, 6.0, 16.0, 14.0, 46.0, 51.593]",4,B0042,115,4978,04978.csv,0.1060318013139778,47,2010-06-16 14:46:51.593,69549670.0,0.0530159006569889
4979,"[2010.0, 6.0, 16.0, 18.0, 7.0, 22.875]",4,B0042,117,4980,04980.csv,0.106505866207118,48,2010-06-16 18:07:22.875,69561701.282,0.053252933103559004
4981,"[2010.0, 6.0, 16.0, 21.0, 27.0, 32.859]",4,B0042,119,4982,04982.csv,0.0943911158551295,49,2010-06-16 21:27:32.859,69573711.266,0.04719555792756475
4983,"[2010.0, 6.0, 17.0, 0.0, 47.0, 36.281]",4,B0042,121,4984,04984.csv,0.0945059592738711,50,2010-06-17 00:47:36.281,69585714.688,0.04725297963693556
4985,"[2010.0, 6.0, 17.0, 3.0, 38.0, 47.796]",4,B0042,123,4986,04986.csv,0.0821145610821562,51,2010-06-17 03:38:47.796,69595986.203,0.0410572805410781
4989,"[2010.0, 6.0, 17.0, 8.0, 10.0, 30.89]",4,B0042,127,4990,04990.csv,0.0951847063194674,52,2010-06-17 08:10:30.890,69612289.297,0.0475923531597337
4991,"[2010.0, 6.0, 17.0, 11.0, 30.0, 34.546]",4,B0042,129,4992,04992.csv,0.0953912999865905,53,2010-06-17 11:30:34.546,69624292.953,0.04769564999329525
4993,"[2010.0, 6.0, 17.0, 14.0, 50.0, 30.921]",4,B0042,131,4994,04994.csv,0.0828966456585456,54,2010-06-17 14:50:30.921,69636289.328,0.0414483228292728
4995,"[2010.0, 6.0, 17.0, 18.0, 10.0, 6.218]",4,B0042,133,4996,04996.csv,0.083431990364526,55,2010-06-17 18:10:06.218,69648264.625,0.04171599518226301
4997,"[2010.0, 6.0, 17.0, 21.0, 29.0, 54.875]",4,B0042,135,4998,04998.csv,0.0962477215649569,56,2010-06-17 21:29:54.875,69660253.282,0.04812386078247845
5001,"[2010.0, 6.0, 18.0, 2.0, 1.0, 11.046]",4,B0042,139,5002,05002.csv,0.0871279249656989,57,2010-06-18 02:01:11.046,69676529.453,0.04356396248284946
5003,"[2010.0, 6.0, 18.0, 5.0, 20.0, 59.203]",4,B0042,141,5004,05004.csv,0.0968191218275757,58,2010-06-18 05:20:59.203,69688517.61,0.04840956091378785
5005,"[2010.0, 6.0, 18.0, 8.0, 40.0, 33.875]",4,B0042,143,5006,05006.csv,0.084400548913451,59,2010-06-18 08:40:33.875,69700492.282,0.0422002744567255
5007,"[2010.0, 6.0, 18.0, 12.0, 0.0, 2.609]",4,B0042,145,5008,05008.csv,0.0977012171667452,60,2010-06-18 12:00:02.609,69712461.016,0.048850608583372604
5009,"[2010.0, 6.0, 18.0, 15.0, 19.0, 35.359]",4,B0042,147,5010,05010.csv,0.0851742647657266,61,2010-06-18 15:19:35.359,69724433.766,0.0425871323828633
5013,"[2010.0, 6.0, 18.0, 19.0, 50.0, 33.234]",4,B0042,151,5014,05014.csv,0.0847199354487912,62,2010-06-18 19:50:33.234,69740691.641,0.042359967724395604
5015,"[2010.0, 6.0, 18.0, 23.0, 9.0, 59.0]",4,B0042,153,5016,05016.csv,0.0854883696989364,63,2010-06-18 23:09:59.000,69752657.407,0.0427441848494682
5017,"[2010.0, 6.0, 19.0, 2.0, 29.0, 16.281]",4,B0042,155,5018,05018.csv,0.085777499334335,64,2010-06-19 02:29:16.281,69764614.688,0.0428887496671675
5019,"[2010.0, 6.0, 19.0, 5.0, 42.0, 11.468]",4,B0042,157,5020,05020.csv,0.0859555325524583,65,2010-06-19 05:42:11.468,69776189.875,0.04297776627622915
5021,"[2010.0, 6.0, 19.0, 8.0, 49.0, 37.406]",4,B0042,159,5022,05022.csv,0.0861479697965832,66,2010-06-19 08:49:37.406,69787435.813,0.043073984898291603
5025,"[2010.0, 6.0, 21.0, 15.0, 19.0, 37.906]",4,B0042,163,5026,05026.csv,0.0865245080899333,67,2010-06-21 15:19:37.906,69983636.313,0.04326225404496665
5029,"[2010.0, 6.0, 21.0, 19.0, 51.0, 35.109]",4,B0042,167,5030,05030.csv,0.0867603642868573,68,2010-06-21 19:51:35.109,69999953.516,0.043380182143428654
5031,"[2010.0, 6.0, 21.0, 23.0, 11.0, 45.359]",4,B0042,169,5032,05032.csv,0.0866202538937107,69,2010-06-21 23:11:45.359,70011963.766,0.04331012694685535
5033,"[2010.0, 6.0, 22.0, 2.0, 31.0, 35.687]",4,B0042,171,5034,05034.csv,0.0869802394927499,70,2010-06-22 02:31:35.687,70023954.094,0.04349011974637495
5035,"[2010.0, 6.0, 22.0, 5.0, 44.0, 45.062]",4,B0042,173,5036,05036.csv,0.0738778711347396,71,2010-06-22 05:44:45.062,70035543.469,0.0369389355673698
5037,"[2010.0, 6.0, 22.0, 9.0, 4.0, 54.281]",4,B0042,175,5038,05038.csv,0.0877586570223188,72,2010-06-22 09:04:54.281,70047552.688,0.04387932851115941
5041,"[2010.0, 6.0, 22.0, 13.0, 36.0, 7.203]",4,B0042,179,5042,05042.csv,0.0879057630027299,73,2010-06-22 13:36:07.203,70063825.61,0.04395288150136495
5043,"[2010.0, 6.0, 22.0, 16.0, 55.0, 44.609]",4,B0042,181,5044,05044.csv,0.0880878488220017,74,2010-06-22 16:55:44.609,70075803.016,0.04404392441100085
5045,"[2010.0, 6.0, 22.0, 20.0, 15.0, 9.718]",4,B0042,183,5046,05046.csv,0.0883425026815871,75,2010-06-22 20:15:09.718,70087768.125,0.044171251340793555
5047,"[2010.0, 6.0, 22.0, 23.0, 34.0, 40.078]",4,B0042,185,5048,05048.csv,0.0746305533274507,76,2010-06-22 23:34:40.078,70099738.485,0.037315276663725354
5049,"[2010.0, 6.0, 23.0, 2.0, 54.0, 2.359]",4,B0042,187,5050,05050.csv,0.0748569866512269,77,2010-06-23 02:54:02.359,70111700.766,0.03742849332561345
5053,"[2010.0, 6.0, 23.0, 7.0, 24.0, 51.046]",4,B0042,191,5054,05054.csv,0.0752757364314176,78,2010-06-23 07:24:51.046,70127949.453,0.037637868215708796
5055,"[2010.0, 6.0, 23.0, 10.0, 44.0, 16.39]",4,B0042,193,5056,05056.csv,0.0753235186048872,79,2010-06-23 10:44:16.390,70139914.797,0.0376617593024436
5057,"[2010.0, 6.0, 23.0, 14.0, 3.0, 18.14]",4,B0042,195,5058,05058.csv,0.0755376530236719,80,2010-06-23 14:03:18.140,70151856.547,0.03776882651183594
5059,"[2010.0, 6.0, 23.0, 17.0, 19.0, 43.093]",4,B0042,197,5060,05060.csv,0.0758428560612825,81,2010-06-23 17:19:43.093,70163641.5,0.03792142803064125
5061,"[2010.0, 6.0, 23.0, 20.0, 32.0, 31.953]",4,B0042,199,5062,05062.csv,0.0759921803489148,82,2010-06-23 20:32:31.953,70175210.36,0.0379960901744574
5065,"[2010.0, 6.0, 23.0, 23.0, 10.0, 5.078]",4,B0042,203,5066,05066.csv,0.0762165260959199,83,2010-06-23 23:10:05.078,70184663.485,0.03810826304795995
5067,"[2010.0, 6.0, 24.0, 0.0, 22.0, 53.234]",4,B0042,205,5068,05068.csv,0.0621692314155252,84,2010-06-24 00:22:53.234,70189031.641,0.0310846157077626
5069,"[2010.0, 6.0, 24.0, 1.0, 18.0, 4.437]",4,B0042,207,5070,05070.csv,0.0759822277461493,85,2010-06-24 01:18:04.437,70192342.844,0.03799111387307465
5071,"[2010.0, 6.0, 24.0, 2.0, 17.0, 42.484]",4,B0042,209,5072,05072.csv,0.0622701354894356,86,2010-06-24 02:17:42.484,70195920.891,0.0311350677447178
5073,"[2010.0, 6.0, 24.0, 3.0, 12.0, 12.5]",4,B0042,211,5074,05074.csv,0.0625944660879844,87,2010-06-24 03:12:12.500,70199190.907,0.0312972330439922
5077,"[2010.0, 6.0, 25.0, 18.0, 45.0, 5.406]",4,B0042,215,5078,05078.csv,1.4377344766079456,88,2010-06-25 18:45:05.406,70341563.813,0.7188672383039729
5081,"[2010.0, 6.0, 26.0, 0.0, 33.0, 10.328]",4,B0042,219,5082,05082.csv,1.5246019289244055,89,2010-06-26 00:33:10.328,70362448.735,0.7623009644622027
5083,"[2010.0, 6.0, 26.0, 5.0, 11.0, 6.265]",4,B0042,221,5084,05084.csv,1.5215273965539478,90,2010-06-26 05:11:06.265,70379124.672,0.7607636982769739
5085,"[2010.0, 6.0, 26.0, 9.0, 48.0, 28.984]",4,B0042,223,5086,05086.csv,1.5155323631175952,91,2010-06-26 09:48:28.984,70395767.391,0.7577661815587976
5087,"[2010.0, 6.0, 26.0, 14.0, 25.0, 15.64]",4,B0042,225,5088,05088.csv,1.5044249661534554,92,2010-06-26 14:25:15.640,70412374.047,0.7522124830767276
5089,"[2010.0, 6.0, 26.0, 19.0, 1.0, 10.906]",4,B0042,227,5090,05090.csv,1.5001507149498807,93,2010-06-26 19:01:10.906,70428929.313,0.7500753574749404
5093,"[2010.0, 6.0, 27.0, 0.0, 48.0, 32.265]",4,B0042,231,5094,05094.csv,1.489011227320312,94,2010-06-27 00:48:32.265,70449770.672,0.7445056136601561
5095,"[2010.0, 6.0, 27.0, 5.0, 23.0, 33.859]",4,B0042,233,5096,05096.csv,1.4810149357562843,95,2010-06-27 05:23:33.859,70466272.266,0.7405074678781421
5097,"[2010.0, 6.0, 27.0, 9.0, 58.0, 20.953]",4,B0042,235,5098,05098.csv,1.476262027748574,96,2010-06-27 09:58:20.953,70482759.36,0.738131013874287
5099,"[2010.0, 6.0, 27.0, 14.0, 32.0, 41.171]",4,B0042,237,5100,05100.csv,1.466255102543896,97,2010-06-27 14:32:41.171,70499219.578,0.733127551271948
5101,"[2010.0, 6.0, 27.0, 19.0, 6.0, 37.984]",4,B0042,239,5102,05102.csv,1.459328259381702,98,2010-06-27 19:06:37.984,70515656.391,0.729664129690851
5105,"[2010.0, 6.0, 28.0, 0.0, 51.0, 57.734]",4,B0042,243,5106,05106.csv,1.445704157754381,99,2010-06-28 00:51:57.734,70536376.141,0.7228520788771905
5107,"[2010.0, 6.0, 28.0, 5.0, 24.0, 57.14]",4,B0042,245,5108,05108.csv,1.4400686089389023,100,2010-06-28 05:24:57.140,70552755.547,0.7200343044694512
5109,"[2010.0, 6.0, 28.0, 9.0, 57.0, 41.468]",4,B0042,247,5110,05110.csv,1.4290313659547842,101,2010-06-28 09:57:41.468,70569119.875,0.7145156829773921
5111,"[2010.0, 6.0, 28.0, 14.0, 29.0, 46.171]",4,B0042,249,5112,05112.csv,1.414172188151386,102,2010-06-28 14:29:46.171,70585444.578,0.707086094075693
5113,"[2010.0, 6.0, 28.0, 19.0, 1.0, 9.578]",4,B0042,251,5114,05114.csv,1.415603079129078,103,2010-06-28 19:01:09.578,70601727.985,0.7078015395645391
5117,"[2010.0, 6.0, 29.0, 0.0, 44.0, 0.078]",4,B0042,255,5118,05118.csv,1.3994410223300702,104,2010-06-29 00:44:00.078,70622298.485,0.6997205111650351
5119,"[2010.0, 6.0, 29.0, 5.0, 14.0, 48.968]",4,B0042,257,5120,05120.csv,1.395963528579491,105,2010-06-29 05:14:48.968,70638547.375,0.6979817642897455
5121,"[2010.0, 6.0, 29.0, 9.0, 44.0, 58.609]",4,B0042,259,5122,05122.csv,1.3929784652630588,106,2010-06-29 09:44:58.609,70654757.016,0.6964892326315294
5123,"[2010.0, 6.0, 29.0, 14.0, 14.0, 43.546]",4,B0042,261,5124,05124.csv,1.3740772023800918,107,2010-06-29 14:14:43.546,70670941.953,0.6870386011900459
5125,"[2010.0, 6.0, 29.0, 18.0, 44.0, 1.531]",4,B0042,263,5126,05126.csv,1.3752493030002435,108,2010-06-29 18:44:01.531,70687099.938,0.6876246515001218
5129,"[2010.0, 6.0, 30.0, 0.0, 24.0, 32.875]",4,B0042,267,5130,05130.csv,1.3671966130854505,109,2010-06-30 00:24:32.875,70707531.282,0.6835983065427252
5131,"[2010.0, 6.0, 30.0, 4.0, 53.0, 18.5]",4,B0042,269,5132,05132.csv,1.356887600783644,110,2010-06-30 04:53:18.500,70723656.907,0.678443800391822
5133,"[2010.0, 6.0, 30.0, 9.0, 21.0, 28.343]",4,B0042,271,5134,05134.csv,1.3449320225969348,111,2010-06-30 09:21:28.343,70739746.75,0.6724660112984674
5135,"[2010.0, 6.0, 30.0, 13.0, 49.0, 7.171]",4,B0042,273,5136,05136.csv,1.3374691704584258,112,2010-06-30 13:49:07.171,70755805.578,0.6687345852292129
5139,"[2010.0, 6.0, 3.0, 20.0, 31.0, 2.968]",22,B0043,2,5140,05140.csv,1.713782642126885,1,2010-06-03 20:31:02.968,68447121.375,0.8568913210634425
5141,"[2010.0, 6.0, 4.0, 0.0, 29.0, 30.921]",22,B0043,4,5142,05142.csv,1.6955681658647108,2,2010-06-04 00:29:30.921,68461429.328,0.8477840829323554
5143,"[2010.0, 6.0, 4.0, 4.0, 26.0, 46.875]",22,B0043,6,5144,05144.csv,1.6814906372051954,3,2010-06-04 04:26:46.875,68475665.282,0.8407453186025977
5145,"[2010.0, 6.0, 4.0, 8.0, 23.0, 18.5]",22,B0043,8,5146,05146.csv,1.6786372409532953,4,2010-06-04 08:23:18.500,68489856.907,0.8393186204766476
5147,"[2010.0, 6.0, 4.0, 12.0, 19.0, 17.125]",22,B0043,10,5148,05148.csv,1.6694168550864992,5,2010-06-04 12:19:17.125,68504015.532,0.8347084275432496
5151,"[2010.0, 6.0, 4.0, 17.0, 26.0, 7.75]",22,B0043,14,5152,05152.csv,0.0,6,2010-06-04 17:26:07.750,68522426.157,0.0
5153,"[2010.0, 6.0, 4.0, 21.0, 8.0, 0.437]",22,B0043,16,5154,05154.csv,1.6611938521224778,7,2010-06-04 21:08:00.437,68535738.844,0.8305969260612389
5155,"[2010.0, 6.0, 5.0, 1.0, 2.0, 33.453]",22,B0043,18,5156,05156.csv,1.6506423382064332,8,2010-06-05 01:02:33.453,68549811.86,0.8253211691032166
5157,"[2010.0, 6.0, 5.0, 4.0, 56.0, 47.468]",22,B0043,20,5158,05158.csv,1.6424273190907783,9,2010-06-05 04:56:47.468,68563865.875,0.8212136595453892
5159,"[2010.0, 6.0, 5.0, 8.0, 50.0, 47.75]",22,B0043,22,5160,05160.csv,1.6353664801041328,10,2010-06-05 08:50:47.750,68577906.157,0.8176832400520664
5163,"[2010.0, 6.0, 5.0, 13.0, 56.0, 3.921]",22,B0043,26,5164,05164.csv,1.633232875930849,11,2010-06-05 13:56:03.921,68596222.328,0.8166164379654245
5165,"[2010.0, 6.0, 5.0, 17.0, 49.0, 52.625]",22,B0043,28,5166,05166.csv,1.6258840554387932,12,2010-06-05 17:49:52.625,68610251.032,0.8129420277193966
5167,"[2010.0, 6.0, 5.0, 21.0, 43.0, 27.734]",22,B0043,30,5168,05168.csv,1.617976174654771,13,2010-06-05 21:43:27.734,68624266.141,0.8089880873273855
5169,"[2010.0, 6.0, 6.0, 1.0, 36.0, 58.156]",22,B0043,32,5170,05170.csv,1.6136652707273988,14,2010-06-06 01:36:58.156,68638276.563,0.8068326353636993
5171,"[2010.0, 6.0, 6.0, 5.0, 30.0, 11.906]",22,B0043,34,5172,05172.csv,1.605821026619692,15,2010-06-06 05:30:11.906,68652270.313,0.802910513309846
5175,"[2010.0, 6.0, 6.0, 10.0, 34.0, 53.031]",22,B0043,38,5176,05176.csv,1.6033527961961531,16,2010-06-06 10:34:53.031,68670551.438,0.8016763980980766
5177,"[2010.0, 6.0, 6.0, 14.0, 28.0, 10.546]",22,B0043,40,5178,05178.csv,1.5951342406182645,17,2010-06-06 14:28:10.546,68684548.953,0.7975671203091322
5179,"[2010.0, 6.0, 6.0, 18.0, 21.0, 14.171]",22,B0043,42,5180,05180.csv,1.5878135544728509,18,2010-06-06 18:21:14.171,68698532.578,0.7939067772364254
5181,"[2010.0, 6.0, 6.0, 22.0, 14.0, 8.156]",22,B0043,44,5182,05182.csv,1.5800601969084245,19,2010-06-06 22:14:08.156,68712506.563,0.7900300984542121
5183,"[2010.0, 6.0, 7.0, 2.0, 6.0, 57.64]",22,B0043,46,5184,05184.csv,1.575565087879128,20,2010-06-07 02:06:57.640,68726476.047,0.787782543939564
5187,"[2010.0, 6.0, 7.0, 13.0, 57.0, 40.859]",22,B0043,50,5188,05188.csv,1.5950169012164208,21,2010-06-07 13:57:40.859,68769119.266,0.7975084506082104
5191,"[2010.0, 6.0, 7.0, 19.0, 2.0, 43.281]",22,B0043,54,5192,05192.csv,1.5898075522577595,22,2010-06-07 19:02:43.281,68787421.688,0.7949037761288796
5193,"[2010.0, 6.0, 7.0, 22.0, 55.0, 54.203]",22,B0043,56,5194,05194.csv,1.5807953202097411,23,2010-06-07 22:55:54.203,68801412.61,0.7903976601048706
5195,"[2010.0, 6.0, 8.0, 2.0, 49.0, 1.156]",22,B0043,58,5196,05196.csv,1.5704333289187615,24,2010-06-08 02:49:01.156,68815399.563,0.7852166644593808
5197,"[2010.0, 6.0, 8.0, 6.0, 41.0, 51.625]",22,B0043,60,5198,05198.csv,1.5643368431897875,25,2010-06-08 06:41:51.625,68829370.032,0.7821684215948937
5199,"[2010.0, 6.0, 8.0, 10.0, 34.0, 18.5]",22,B0043,62,5200,05200.csv,1.558307017802491,26,2010-06-08 10:34:18.500,68843316.907,0.7791535089012455
5203,"[2010.0, 6.0, 8.0, 15.0, 38.0, 9.593]",22,B0043,66,5204,05204.csv,1.5537149289772467,27,2010-06-08 15:38:09.593,68861548.0,0.7768574644886234
5205,"[2010.0, 6.0, 8.0, 19.0, 30.0, 45.25]",22,B0043,68,5206,05206.csv,1.549528250585513,28,2010-06-08 19:30:45.250,68875503.657,0.7747641252927565
5207,"[2010.0, 6.0, 8.0, 23.0, 23.0, 11.562]",22,B0043,70,5208,05208.csv,1.5424430535161062,29,2010-06-08 23:23:11.562,68889449.969,0.7712215267580531
5209,"[2010.0, 6.0, 9.0, 3.0, 15.0, 28.281]",22,B0043,72,5210,05210.csv,1.54256227031715,30,2010-06-09 03:15:28.281,68903386.688,0.7712811351585749
5211,"[2010.0, 6.0, 9.0, 7.0, 7.0, 20.406]",22,B0043,74,5212,05212.csv,1.5309356452520158,31,2010-06-09 07:07:20.406,68917298.813,0.7654678226260079
5215,"[2010.0, 6.0, 9.0, 12.0, 10.0, 47.421]",22,B0043,78,5216,05216.csv,1.5247733176952427,32,2010-06-09 12:10:47.421,68935505.828,0.7623866588476215
5217,"[2010.0, 6.0, 9.0, 16.0, 2.0, 47.125]",22,B0043,80,5218,05218.csv,1.5196742408779502,33,2010-06-09 16:02:47.125,68949425.532,0.7598371204389751
5219,"[2010.0, 6.0, 9.0, 19.0, 54.0, 38.39]",22,B0043,82,5220,05220.csv,1.5123696925788683,34,2010-06-09 19:54:38.390,68963336.797,0.7561848462894342
5221,"[2010.0, 6.0, 9.0, 23.0, 46.0, 17.078]",22,B0043,84,5222,05222.csv,1.499914486202397,35,2010-06-09 23:46:17.078,68977235.485,0.7499572431011985
5223,"[2010.0, 6.0, 10.0, 3.0, 37.0, 32.5]",22,B0043,86,5224,05224.csv,1.492410627118825,36,2010-06-10 03:37:32.500,68991110.907,0.7462053135594126
5227,"[2010.0, 6.0, 10.0, 8.0, 40.0, 12.437]",22,B0043,90,5228,05228.csv,1.492624987952706,37,2010-06-10 08:40:12.437,69009270.844,0.746312493976353
5229,"[2010.0, 6.0, 10.0, 12.0, 31.0, 31.375]",22,B0043,92,5230,05230.csv,1.4924024018806028,38,2010-06-10 12:31:31.375,69023149.782,0.7462012009403014
5231,"[2010.0, 6.0, 10.0, 16.0, 22.0, 38.906]",22,B0043,94,5232,05232.csv,1.4853020201751674,39,2010-06-10 16:22:38.906,69037017.313,0.7426510100875838
5233,"[2010.0, 6.0, 10.0, 20.0, 13.0, 46.031]",22,B0043,96,5234,05234.csv,1.477208127101587,40,2010-06-10 20:13:46.031,69050884.438,0.7386040635507937
5235,"[2010.0, 6.0, 11.0, 0.0, 4.0, 38.656]",22,B0043,98,5236,05236.csv,1.4694738525181406,41,2010-06-11 00:04:38.656,69064737.063,0.7347369262590704
5239,"[2010.0, 6.0, 11.0, 12.0, 17.0, 20.515]",4,B0043,102,5240,05240.csv,0.0570343910426537,42,2010-06-11 12:17:20.515,69108698.922,0.028517195521326852
5243,"[2010.0, 6.0, 11.0, 16.0, 49.0, 19.671]",4,B0043,106,5244,05244.csv,0.0571536334895882,43,2010-06-11 16:49:19.671,69125018.078,0.0285768167447941
5245,"[2010.0, 6.0, 11.0, 20.0, 8.0, 56.89]",4,B0043,108,5246,05246.csv,0.0572936600593766,44,2010-06-11 20:08:56.890,69136995.297,0.0286468300296883
5247,"[2010.0, 6.0, 11.0, 23.0, 28.0, 14.921]",4,B0043,110,5248,05248.csv,0.0574420318527805,45,2010-06-11 23:28:14.921,69148953.328,0.02872101592639025
5249,"[2010.0, 6.0, 16.0, 10.0, 39.0, 50.39]",4,B0043,112,5250,05250.csv,0.0671306210772112,46,2010-06-16 10:39:50.390,69534848.797,0.0335653105386056
5252,"[2010.0, 6.0, 16.0, 14.0, 46.0, 51.593]",4,B0043,115,5253,05253.csv,0.0671478192023473,47,2010-06-16 14:46:51.593,69549670.0,0.03357390960117365
5254,"[2010.0, 6.0, 16.0, 18.0, 7.0, 22.875]",4,B0043,117,5255,05255.csv,0.0673200121169029,48,2010-06-16 18:07:22.875,69561701.282,0.03366000605845145
5256,"[2010.0, 6.0, 16.0, 21.0, 27.0, 32.859]",4,B0043,119,5257,05257.csv,0.0678403805161331,49,2010-06-16 21:27:32.859,69573711.266,0.03392019025806655
5258,"[2010.0, 6.0, 17.0, 0.0, 47.0, 36.281]",4,B0043,121,5259,05259.csv,0.0679960492721063,50,2010-06-17 00:47:36.281,69585714.688,0.03399802463605315
5260,"[2010.0, 6.0, 17.0, 3.0, 38.0, 47.796]",4,B0043,123,5261,05261.csv,0.0682801114788655,51,2010-06-17 03:38:47.796,69595986.203,0.03414005573943274
5264,"[2010.0, 6.0, 17.0, 8.0, 10.0, 30.89]",4,B0043,127,5265,05265.csv,0.0684463294312597,52,2010-06-17 08:10:30.890,69612289.297,0.03422316471562985
5266,"[2010.0, 6.0, 17.0, 11.0, 30.0, 34.546]",4,B0043,129,5267,05267.csv,0.0685136191478808,53,2010-06-17 11:30:34.546,69624292.953,0.0342568095739404
5268,"[2010.0, 6.0, 17.0, 14.0, 50.0, 30.921]",4,B0043,131,5269,05269.csv,0.0688740243561668,54,2010-06-17 14:50:30.921,69636289.328,0.0344370121780834
5270,"[2010.0, 6.0, 17.0, 18.0, 10.0, 6.218]",4,B0043,133,5271,05271.csv,0.0565443893216957,55,2010-06-17 18:10:06.218,69648264.625,0.02827219466084785
5272,"[2010.0, 6.0, 17.0, 21.0, 29.0, 54.875]",4,B0043,135,5273,05273.csv,0.0691835316418984,56,2010-06-17 21:29:54.875,69660253.282,0.0345917658209492
5276,"[2010.0, 6.0, 18.0, 2.0, 1.0, 11.046]",4,B0043,139,5277,05277.csv,0.0591220864554366,57,2010-06-18 02:01:11.046,69676529.453,0.0295610432277183
5278,"[2010.0, 6.0, 18.0, 5.0, 20.0, 59.203]",4,B0043,141,5279,05279.csv,0.0695612008414022,58,2010-06-18 05:20:59.203,69688517.61,0.0347806004207011
5280,"[2010.0, 6.0, 18.0, 8.0, 40.0, 33.875]",4,B0043,143,5281,05281.csv,0.0701789780437661,59,2010-06-18 08:40:33.875,69700492.282,0.03508948902188305
5282,"[2010.0, 6.0, 18.0, 12.0, 0.0, 2.609]",4,B0043,145,5283,05283.csv,0.0702814818386252,60,2010-06-18 12:00:02.609,69712461.016,0.0351407409193126
5284,"[2010.0, 6.0, 18.0, 15.0, 19.0, 35.359]",4,B0043,147,5285,05285.csv,0.0578736420287837,61,2010-06-18 15:19:35.359,69724433.766,0.02893682101439185
5288,"[2010.0, 6.0, 18.0, 19.0, 50.0, 33.234]",4,B0043,151,5289,05289.csv,0.0705661855429337,62,2010-06-18 19:50:33.234,69740691.641,0.03528309277146685
5290,"[2010.0, 6.0, 18.0, 23.0, 9.0, 59.0]",4,B0043,153,5291,05291.csv,0.057989410208958,63,2010-06-18 23:09:59.000,69752657.407,0.028994705104479
5292,"[2010.0, 6.0, 19.0, 2.0, 29.0, 16.281]",4,B0043,155,5293,05293.csv,0.0712926644680078,64,2010-06-19 02:29:16.281,69764614.688,0.0356463322340039
5294,"[2010.0, 6.0, 19.0, 5.0, 42.0, 11.468]",4,B0043,157,5295,05295.csv,0.0714654655766428,65,2010-06-19 05:42:11.468,69776189.875,0.0357327327883214
5296,"[2010.0, 6.0, 19.0, 8.0, 49.0, 37.406]",4,B0043,159,5297,05297.csv,0.0716254973792324,66,2010-06-19 08:49:37.406,69787435.813,0.0358127486896162
5300,"[2010.0, 6.0, 21.0, 15.0, 19.0, 37.906]",4,B0043,163,5301,05301.csv,0.0719259635627201,67,2010-06-21 15:19:37.906,69983636.313,0.03596298178136005
5304,"[2010.0, 6.0, 21.0, 19.0, 51.0, 35.109]",4,B0043,167,5305,05305.csv,0.0588400951113647,68,2010-06-21 19:51:35.109,69999953.516,0.02942004755568235
5306,"[2010.0, 6.0, 21.0, 23.0, 11.0, 45.359]",4,B0043,169,5307,05307.csv,0.0721385348010396,69,2010-06-21 23:11:45.359,70011963.766,0.0360692674005198
5308,"[2010.0, 6.0, 22.0, 2.0, 31.0, 35.687]",4,B0043,171,5309,05309.csv,0.0723183571187791,70,2010-06-22 02:31:35.687,70023954.094,0.03615917855938955
5310,"[2010.0, 6.0, 22.0, 5.0, 44.0, 45.062]",4,B0043,173,5311,05311.csv,0.0593817062666809,71,2010-06-22 05:44:45.062,70035543.469,0.029690853133340453
5312,"[2010.0, 6.0, 22.0, 9.0, 4.0, 54.281]",4,B0043,175,5313,05313.csv,0.0729448848562527,72,2010-06-22 09:04:54.281,70047552.688,0.03647244242812635
5316,"[2010.0, 6.0, 22.0, 13.0, 36.0, 7.203]",4,B0043,179,5317,05317.csv,0.0730691773407958,73,2010-06-22 13:36:07.203,70063825.61,0.0365345886703979
5318,"[2010.0, 6.0, 22.0, 16.0, 55.0, 44.609]",4,B0043,181,5319,05319.csv,0.0731705412812827,74,2010-06-22 16:55:44.609,70075803.016,0.03658527064064135
5320,"[2010.0, 6.0, 22.0, 20.0, 15.0, 9.718]",4,B0043,183,5321,05321.csv,0.0734743029330489,75,2010-06-22 20:15:09.718,70087768.125,0.03673715146652445
5322,"[2010.0, 6.0, 22.0, 23.0, 34.0, 40.078]",4,B0043,185,5323,05323.csv,0.0601069759183187,76,2010-06-22 23:34:40.078,70099738.485,0.03005348795915935
5324,"[2010.0, 6.0, 23.0, 2.0, 54.0, 2.359]",4,B0043,187,5325,05325.csv,0.0738316250995573,77,2010-06-23 02:54:02.359,70111700.766,0.036915812549778645
5328,"[2010.0, 6.0, 23.0, 7.0, 24.0, 51.046]",4,B0043,191,5329,05329.csv,0.0604952153074282,78,2010-06-23 07:24:51.046,70127949.453,0.0302476076537141
5330,"[2010.0, 6.0, 23.0, 10.0, 44.0, 16.39]",4,B0043,193,5331,05331.csv,0.0606040102376181,79,2010-06-23 10:44:16.390,70139914.797,0.03030200511880905
5332,"[2010.0, 6.0, 23.0, 14.0, 3.0, 18.14]",4,B0043,195,5333,05333.csv,0.0607343843223521,80,2010-06-23 14:03:18.140,70151856.547,0.03036719216117605
5334,"[2010.0, 6.0, 23.0, 17.0, 19.0, 43.093]",4,B0043,197,5335,05335.csv,0.0609965304823779,81,2010-06-23 17:19:43.093,70163641.5,0.030498265241188947
5336,"[2010.0, 6.0, 23.0, 20.0, 32.0, 31.953]",4,B0043,199,5337,05337.csv,0.0611304592598731,82,2010-06-23 20:32:31.953,70175210.36,0.030565229629936554
5340,"[2010.0, 6.0, 23.0, 23.0, 10.0, 5.078]",4,B0043,203,5341,05341.csv,0.0612912441098759,83,2010-06-23 23:10:05.078,70184663.485,0.030645622054937947
5342,"[2010.0, 6.0, 24.0, 0.0, 22.0, 53.234]",4,B0043,205,5343,05343.csv,0.0613032906580409,84,2010-06-24 00:22:53.234,70189031.641,0.030651645329020448
5344,"[2010.0, 6.0, 24.0, 1.0, 18.0, 4.437]",4,B0043,207,5345,05345.csv,0.0611516615740909,85,2010-06-24 01:18:04.437,70192342.844,0.03057583078704545
5346,"[2010.0, 6.0, 24.0, 2.0, 17.0, 42.484]",4,B0043,209,5347,05347.csv,0.0614053871920573,86,2010-06-24 02:17:42.484,70195920.891,0.03070269359602865
5348,"[2010.0, 6.0, 24.0, 3.0, 12.0, 12.5]",4,B0043,211,5349,05349.csv,0.0617578076594285,87,2010-06-24 03:12:12.500,70199190.907,0.03087890382971425
5352,"[2010.0, 6.0, 25.0, 18.0, 45.0, 5.406]",4,B0043,215,5353,05353.csv,1.5250840516518187,88,2010-06-25 18:45:05.406,70341563.813,0.7625420258259094
5356,"[2010.0, 6.0, 26.0, 0.0, 33.0, 10.328]",4,B0043,219,5357,05357.csv,1.552568811301301,89,2010-06-26 00:33:10.328,70362448.735,0.7762844056506505
5358,"[2010.0, 6.0, 26.0, 5.0, 11.0, 6.265]",4,B0043,221,5359,05359.csv,1.5427752626774387,90,2010-06-26 05:11:06.265,70379124.672,0.7713876313387193
5360,"[2010.0, 6.0, 26.0, 9.0, 48.0, 28.984]",4,B0043,223,5361,05361.csv,1.533193283126468,91,2010-06-26 09:48:28.984,70395767.391,0.766596641563234
5362,"[2010.0, 6.0, 26.0, 14.0, 25.0, 15.64]",4,B0043,225,5363,05363.csv,1.515272194917202,92,2010-06-26 14:25:15.640,70412374.047,0.757636097458601
5364,"[2010.0, 6.0, 26.0, 19.0, 1.0, 10.906]",4,B0043,227,5365,05365.csv,1.5074989761997712,93,2010-06-26 19:01:10.906,70428929.313,0.7537494880998856
5368,"[2010.0, 6.0, 27.0, 0.0, 48.0, 32.265]",4,B0043,231,5369,05369.csv,1.4896288908647644,94,2010-06-27 00:48:32.265,70449770.672,0.7448144454323821
5370,"[2010.0, 6.0, 27.0, 5.0, 23.0, 33.859]",4,B0043,233,5371,05371.csv,1.4780778852088083,95,2010-06-27 05:23:33.859,70466272.266,0.7390389426044041
5372,"[2010.0, 6.0, 27.0, 9.0, 58.0, 20.953]",4,B0043,235,5373,05373.csv,1.4700035345334466,96,2010-06-27 09:58:20.953,70482759.36,0.7350017672667232
5374,"[2010.0, 6.0, 27.0, 14.0, 32.0, 41.171]",4,B0043,237,5375,05375.csv,1.4565623180137075,97,2010-06-27 14:32:41.171,70499219.578,0.7282811590068538
5376,"[2010.0, 6.0, 27.0, 19.0, 6.0, 37.984]",4,B0043,239,5377,05377.csv,1.445976962830235,98,2010-06-27 19:06:37.984,70515656.391,0.7229884814151175
5380,"[2010.0, 6.0, 28.0, 0.0, 51.0, 57.734]",4,B0043,243,5381,05381.csv,1.4325855992469252,99,2010-06-28 00:51:57.734,70536376.141,0.7162927996234626
5382,"[2010.0, 6.0, 28.0, 5.0, 24.0, 57.14]",4,B0043,245,5383,05383.csv,1.4197344854662963,100,2010-06-28 05:24:57.140,70552755.547,0.7098672427331482
5384,"[2010.0, 6.0, 28.0, 9.0, 57.0, 41.468]",4,B0043,247,5385,05385.csv,1.401262575071573,101,2010-06-28 09:57:41.468,70569119.875,0.7006312875357865
5386,"[2010.0, 6.0, 28.0, 14.0, 29.0, 46.171]",4,B0043,249,5387,05387.csv,1.3862945308535968,102,2010-06-28 14:29:46.171,70585444.578,0.6931472654267984
5388,"[2010.0, 6.0, 28.0, 19.0, 1.0, 9.578]",4,B0043,251,5389,05389.csv,1.384130256052478,103,2010-06-28 19:01:09.578,70601727.985,0.6920651280262391
5392,"[2010.0, 6.0, 29.0, 0.0, 44.0, 0.078]",4,B0043,255,5393,05393.csv,1.3651743201871416,104,2010-06-29 00:44:00.078,70622298.485,0.6825871600935707
5394,"[2010.0, 6.0, 29.0, 5.0, 14.0, 48.968]",4,B0043,257,5395,05395.csv,1.361508332192898,105,2010-06-29 05:14:48.968,70638547.375,0.680754166096449
5396,"[2010.0, 6.0, 29.0, 9.0, 44.0, 58.609]",4,B0043,259,5397,05397.csv,1.351001663879717,106,2010-06-29 09:44:58.609,70654757.016,0.6755008319398585
5398,"[2010.0, 6.0, 29.0, 14.0, 14.0, 43.546]",4,B0043,261,5399,05399.csv,1.3282588067265129,107,2010-06-29 14:14:43.546,70670941.953,0.6641294033632564
5400,"[2010.0, 6.0, 29.0, 18.0, 44.0, 1.531]",4,B0043,263,5401,05401.csv,1.3257206687421472,108,2010-06-29 18:44:01.531,70687099.938,0.6628603343710736
5404,"[2010.0, 6.0, 30.0, 0.0, 24.0, 32.875]",4,B0043,267,5405,05405.csv,1.314290971597844,109,2010-06-30 00:24:32.875,70707531.282,0.657145485798922
5406,"[2010.0, 6.0, 30.0, 4.0, 53.0, 18.5]",4,B0043,269,5407,05407.csv,1.300326009481109,110,2010-06-30 04:53:18.500,70723656.907,0.6501630047405546
5408,"[2010.0, 6.0, 30.0, 9.0, 21.0, 28.343]",4,B0043,271,5409,05409.csv,1.2881071401556836,111,2010-06-30 09:21:28.343,70739746.75,0.6440535700778418
5410,"[2010.0, 6.0, 30.0, 13.0, 49.0, 7.171]",4,B0043,273,5411,05411.csv,1.2767801501201566,112,2010-06-30 13:49:07.171,70755805.578,0.6383900750600783
5414,"[2010.0, 6.0, 3.0, 20.0, 31.0, 2.968]",22,B0044,2,5415,05415.csv,1.686525555152074,1,2010-06-03 20:31:02.968,68447121.375,0.843262777576037
5416,"[2010.0, 6.0, 4.0, 0.0, 29.0, 30.921]",22,B0044,4,5417,05417.csv,1.6624606531639186,2,2010-06-04 00:29:30.921,68461429.328,0.8312303265819593
5418,"[2010.0, 6.0, 4.0, 4.0, 26.0, 46.875]",22,B0044,6,5419,05419.csv,1.6534010755700512,3,2010-06-04 04:26:46.875,68475665.282,0.8267005377850256
5420,"[2010.0, 6.0, 4.0, 8.0, 23.0, 18.5]",22,B0044,8,5421,05421.csv,1.6452145903490936,4,2010-06-04 08:23:18.500,68489856.907,0.8226072951745468
5422,"[2010.0, 6.0, 4.0, 12.0, 19.0, 17.125]",22,B0044,10,5423,05423.csv,1.635664062367341,5,2010-06-04 12:19:17.125,68504015.532,0.8178320311836705
5426,"[2010.0, 6.0, 4.0, 17.0, 26.0, 7.75]",22,B0044,14,5427,05427.csv,0.0,6,2010-06-04 17:26:07.750,68522426.157,0.0
5428,"[2010.0, 6.0, 4.0, 21.0, 8.0, 0.437]",22,B0044,16,5429,05429.csv,1.6267769765146465,7,2010-06-04 21:08:00.437,68535738.844,0.8133884882573232
5430,"[2010.0, 6.0, 5.0, 1.0, 2.0, 33.453]",22,B0044,18,5431,05431.csv,1.6159715504743064,8,2010-06-05 01:02:33.453,68549811.86,0.8079857752371532
5432,"[2010.0, 6.0, 5.0, 4.0, 56.0, 47.468]",22,B0044,20,5433,05433.csv,1.6076028386649623,9,2010-06-05 04:56:47.468,68563865.875,0.8038014193324812
5434,"[2010.0, 6.0, 5.0, 8.0, 50.0, 47.75]",22,B0044,22,5435,05435.csv,1.6003360401431612,10,2010-06-05 08:50:47.750,68577906.157,0.8001680200715806
5438,"[2010.0, 6.0, 5.0, 13.0, 56.0, 3.921]",22,B0044,26,5439,05439.csv,1.5978700914991917,11,2010-06-05 13:56:03.921,68596222.328,0.7989350457495958
5440,"[2010.0, 6.0, 5.0, 17.0, 49.0, 52.625]",22,B0044,28,5441,05441.csv,1.5900310265163515,12,2010-06-05 17:49:52.625,68610251.032,0.7950155132581758
5442,"[2010.0, 6.0, 5.0, 21.0, 43.0, 27.734]",22,B0044,30,5443,05443.csv,1.5816311155652092,13,2010-06-05 21:43:27.734,68624266.141,0.7908155577826047
5444,"[2010.0, 6.0, 6.0, 1.0, 36.0, 58.156]",22,B0044,32,5445,05445.csv,1.5714556311034702,14,2010-06-06 01:36:58.156,68638276.563,0.7857278155517351
5446,"[2010.0, 6.0, 6.0, 5.0, 30.0, 11.906]",22,B0044,34,5447,05447.csv,1.563220798569978,15,2010-06-06 05:30:11.906,68652270.313,0.781610399284989
5450,"[2010.0, 6.0, 6.0, 10.0, 34.0, 53.031]",22,B0044,38,5451,05451.csv,1.5606775388245586,16,2010-06-06 10:34:53.031,68670551.438,0.7803387694122793
5452,"[2010.0, 6.0, 6.0, 14.0, 28.0, 10.546]",22,B0044,40,5453,05453.csv,1.5523886011314287,17,2010-06-06 14:28:10.546,68684548.953,0.7761943005657144
5454,"[2010.0, 6.0, 6.0, 18.0, 21.0, 14.171]",22,B0044,42,5455,05455.csv,1.5444592876561969,18,2010-06-06 18:21:14.171,68698532.578,0.7722296438280984
5456,"[2010.0, 6.0, 6.0, 22.0, 14.0, 8.156]",22,B0044,44,5457,05457.csv,1.536558134180655,19,2010-06-06 22:14:08.156,68712506.563,0.7682790670903274
5458,"[2010.0, 6.0, 7.0, 2.0, 6.0, 57.64]",22,B0044,46,5459,05459.csv,1.5307255867941072,20,2010-06-07 02:06:57.640,68726476.047,0.7653627933970536
5462,"[2010.0, 6.0, 7.0, 13.0, 57.0, 40.859]",22,B0044,50,5463,05463.csv,1.545242808242328,21,2010-06-07 13:57:40.859,68769119.266,0.772621404121164
5466,"[2010.0, 6.0, 7.0, 19.0, 2.0, 43.281]",22,B0044,54,5467,05467.csv,1.5397144491816253,22,2010-06-07 19:02:43.281,68787421.688,0.7698572245908126
5468,"[2010.0, 6.0, 7.0, 22.0, 55.0, 54.203]",22,B0044,56,5469,05469.csv,1.5305357077773765,23,2010-06-07 22:55:54.203,68801412.61,0.7652678538886881
5470,"[2010.0, 6.0, 8.0, 2.0, 49.0, 1.156]",22,B0044,58,5471,05471.csv,1.5199735224097084,24,2010-06-08 02:49:01.156,68815399.563,0.7599867612048541
5472,"[2010.0, 6.0, 8.0, 6.0, 41.0, 51.625]",22,B0044,60,5473,05473.csv,1.5136629526844203,25,2010-06-08 06:41:51.625,68829370.032,0.7568314763422102
5474,"[2010.0, 6.0, 8.0, 10.0, 34.0, 18.5]",22,B0044,62,5475,05475.csv,1.501287000699295,26,2010-06-08 10:34:18.500,68843316.907,0.7506435003496477
5478,"[2010.0, 6.0, 8.0, 15.0, 38.0, 9.593]",22,B0044,66,5479,05479.csv,1.5023814734911674,27,2010-06-08 15:38:09.593,68861548.0,0.7511907367455837
5480,"[2010.0, 6.0, 8.0, 19.0, 30.0, 45.25]",22,B0044,68,5481,05481.csv,1.4980955154277502,28,2010-06-08 19:30:45.250,68875503.657,0.7490477577138751
5482,"[2010.0, 6.0, 8.0, 23.0, 23.0, 11.562]",22,B0044,70,5483,05483.csv,1.4906542391377111,29,2010-06-08 23:23:11.562,68889449.969,0.7453271195688554
5484,"[2010.0, 6.0, 9.0, 3.0, 15.0, 28.281]",22,B0044,72,5485,05485.csv,1.484397163943621,30,2010-06-09 03:15:28.281,68903386.688,0.7421985819718105
5486,"[2010.0, 6.0, 9.0, 7.0, 7.0, 20.406]",22,B0044,74,5487,05487.csv,1.4725321936230114,31,2010-06-09 07:07:20.406,68917298.813,0.7362660968115057
5490,"[2010.0, 6.0, 9.0, 12.0, 10.0, 47.421]",22,B0044,78,5491,05491.csv,1.4663149382113208,32,2010-06-09 12:10:47.421,68935505.828,0.7331574691056604
5492,"[2010.0, 6.0, 9.0, 16.0, 2.0, 47.125]",22,B0044,80,5493,05493.csv,1.4671298468877776,33,2010-06-09 16:02:47.125,68949425.532,0.7335649234438888
5494,"[2010.0, 6.0, 9.0, 19.0, 54.0, 38.39]",22,B0044,82,5495,05495.csv,1.4593858997633138,34,2010-06-09 19:54:38.390,68963336.797,0.7296929498816569
5496,"[2010.0, 6.0, 9.0, 23.0, 46.0, 17.078]",22,B0044,84,5497,05497.csv,1.4467901368505207,35,2010-06-09 23:46:17.078,68977235.485,0.7233950684252604
5498,"[2010.0, 6.0, 10.0, 3.0, 37.0, 32.5]",22,B0044,86,5499,05499.csv,1.4390669859638228,36,2010-06-10 03:37:32.500,68991110.907,0.7195334929819114
5502,"[2010.0, 6.0, 10.0, 8.0, 40.0, 12.437]",22,B0044,90,5503,05503.csv,1.4389892550462602,37,2010-06-10 08:40:12.437,69009270.844,0.7194946275231301
5504,"[2010.0, 6.0, 10.0, 12.0, 31.0, 31.375]",22,B0044,92,5505,05505.csv,1.4386198779578576,38,2010-06-10 12:31:31.375,69023149.782,0.7193099389789288
5506,"[2010.0, 6.0, 10.0, 16.0, 22.0, 38.906]",22,B0044,94,5507,05507.csv,1.4313412096653504,39,2010-06-10 16:22:38.906,69037017.313,0.7156706048326753
5508,"[2010.0, 6.0, 10.0, 20.0, 13.0, 46.031]",22,B0044,96,5509,05509.csv,1.422973037663468,40,2010-06-10 20:13:46.031,69050884.438,0.711486518831734
5510,"[2010.0, 6.0, 11.0, 0.0, 4.0, 38.656]",22,B0044,98,5511,05511.csv,1.4150153099745095,41,2010-06-11 00:04:38.656,69064737.063,0.7075076549872548
5514,"[2010.0, 6.0, 11.0, 12.0, 17.0, 20.515]",4,B0044,102,5515,05515.csv,0.0572172710622218,42,2010-06-11 12:17:20.515,69108698.922,0.0286086355311109
5518,"[2010.0, 6.0, 11.0, 16.0, 49.0, 19.671]",4,B0044,106,5519,05519.csv,0.0573587470253984,43,2010-06-11 16:49:19.671,69125018.078,0.028679373512699204
5520,"[2010.0, 6.0, 11.0, 20.0, 8.0, 56.89]",4,B0044,108,5521,05521.csv,0.0574968754544523,44,2010-06-11 20:08:56.890,69136995.297,0.02874843772722615
5522,"[2010.0, 6.0, 11.0, 23.0, 28.0, 14.921]",4,B0044,110,5523,05523.csv,0.0576308880988852,45,2010-06-11 23:28:14.921,69148953.328,0.0288154440494426
5524,"[2010.0, 6.0, 16.0, 10.0, 39.0, 50.39]",4,B0044,112,5525,05525.csv,0.0551169133397871,46,2010-06-16 10:39:50.390,69534848.797,0.02755845666989355
5527,"[2010.0, 6.0, 16.0, 14.0, 46.0, 51.593]",4,B0044,115,5528,05528.csv,0.0674075526574801,47,2010-06-16 14:46:51.593,69549670.0,0.03370377632874005
5529,"[2010.0, 6.0, 16.0, 18.0, 7.0, 22.875]",4,B0044,117,5530,05530.csv,0.0675676530317139,48,2010-06-16 18:07:22.875,69561701.282,0.03378382651585695
5531,"[2010.0, 6.0, 16.0, 21.0, 27.0, 32.859]",4,B0044,119,5532,05532.csv,0.0556373104491564,49,2010-06-16 21:27:32.859,69573711.266,0.0278186552245782
5533,"[2010.0, 6.0, 17.0, 0.0, 47.0, 36.281]",4,B0044,121,5534,05534.csv,0.0682243327610682,50,2010-06-17 00:47:36.281,69585714.688,0.0341121663805341
5535,"[2010.0, 6.0, 17.0, 3.0, 38.0, 47.796]",4,B0044,123,5536,05536.csv,0.0560524534315144,51,2010-06-17 03:38:47.796,69595986.203,0.028026226715757205
5539,"[2010.0, 6.0, 17.0, 8.0, 10.0, 30.89]",4,B0044,127,5540,05540.csv,0.0686822013010505,52,2010-06-17 08:10:30.890,69612289.297,0.03434110065052525
5541,"[2010.0, 6.0, 17.0, 11.0, 30.0, 34.546]",4,B0044,129,5542,05542.csv,0.0687475535334652,53,2010-06-17 11:30:34.546,69624292.953,0.0343737767667326
5543,"[2010.0, 6.0, 17.0, 14.0, 50.0, 30.921]",4,B0044,131,5544,05544.csv,0.0565143989134748,54,2010-06-17 14:50:30.921,69636289.328,0.0282571994567374
5545,"[2010.0, 6.0, 17.0, 18.0, 10.0, 6.218]",4,B0044,133,5546,05546.csv,0.0567330718538736,55,2010-06-17 18:10:06.218,69648264.625,0.0283665359269368
5547,"[2010.0, 6.0, 17.0, 21.0, 29.0, 54.875]",4,B0044,135,5548,05548.csv,0.0694133756360175,56,2010-06-17 21:29:54.875,69660253.282,0.03470668781800875
5551,"[2010.0, 6.0, 18.0, 2.0, 1.0, 11.046]",4,B0044,139,5552,05552.csv,0.0593176644466495,57,2010-06-18 02:01:11.046,69676529.453,0.02965883222332475
5553,"[2010.0, 6.0, 18.0, 5.0, 20.0, 59.203]",4,B0044,141,5554,05554.csv,0.0698170725362273,58,2010-06-18 05:20:59.203,69688517.61,0.03490853626811365
5555,"[2010.0, 6.0, 18.0, 8.0, 40.0, 33.875]",4,B0044,143,5556,05556.csv,0.0574643508969407,59,2010-06-18 08:40:33.875,69700492.282,0.02873217544847035
5557,"[2010.0, 6.0, 18.0, 12.0, 0.0, 2.609]",4,B0044,145,5558,05558.csv,0.0705377438399369,60,2010-06-18 12:00:02.609,69712461.016,0.03526887191996845
5559,"[2010.0, 6.0, 18.0, 15.0, 19.0, 35.359]",4,B0044,147,5560,05560.csv,0.0580546605234449,61,2010-06-18 15:19:35.359,69724433.766,0.02902733026172245
5563,"[2010.0, 6.0, 18.0, 19.0, 50.0, 33.234]",4,B0044,151,5564,05564.csv,0.0708399201529106,62,2010-06-18 19:50:33.234,69740691.641,0.0354199600764553
5565,"[2010.0, 6.0, 18.0, 23.0, 9.0, 59.0]",4,B0044,153,5566,05566.csv,0.0581718361305258,63,2010-06-18 23:09:59.000,69752657.407,0.0290859180652629
5567,"[2010.0, 6.0, 19.0, 2.0, 29.0, 16.281]",4,B0044,155,5568,05568.csv,0.0583051571279828,64,2010-06-19 02:29:16.281,69764614.688,0.0291525785639914
5569,"[2010.0, 6.0, 19.0, 5.0, 42.0, 11.468]",4,B0044,157,5570,05570.csv,0.0584559266936776,65,2010-06-19 05:42:11.468,69776189.875,0.0292279633468388
5571,"[2010.0, 6.0, 19.0, 8.0, 49.0, 37.406]",4,B0044,159,5572,05572.csv,0.058629861106387,66,2010-06-19 08:49:37.406,69787435.813,0.0293149305531935
5575,"[2010.0, 6.0, 21.0, 15.0, 19.0, 37.906]",4,B0044,163,5576,05576.csv,0.0589003321838338,67,2010-06-21 15:19:37.906,69983636.313,0.029450166091916904
5579,"[2010.0, 6.0, 21.0, 19.0, 51.0, 35.109]",4,B0044,167,5580,05580.csv,0.0590646770201104,68,2010-06-21 19:51:35.109,69999953.516,0.0295323385100552
5581,"[2010.0, 6.0, 21.0, 23.0, 11.0, 45.359]",4,B0044,169,5582,05582.csv,0.0724057998284407,69,2010-06-21 23:11:45.359,70011963.766,0.03620289991422035
5583,"[2010.0, 6.0, 22.0, 2.0, 31.0, 35.687]",4,B0044,171,5584,05584.csv,0.0725563284689165,70,2010-06-22 02:31:35.687,70023954.094,0.036278164234458246
5585,"[2010.0, 6.0, 22.0, 5.0, 44.0, 45.062]",4,B0044,173,5586,05586.csv,0.0595922298890959,71,2010-06-22 05:44:45.062,70035543.469,0.029796114944547945
5587,"[2010.0, 6.0, 22.0, 9.0, 4.0, 54.281]",4,B0044,175,5588,05588.csv,0.0732170902276858,72,2010-06-22 09:04:54.281,70047552.688,0.0366085451138429
5591,"[2010.0, 6.0, 22.0, 13.0, 36.0, 7.203]",4,B0044,179,5592,05592.csv,0.0598410084998697,73,2010-06-22 13:36:07.203,70063825.61,0.02992050424993485
5593,"[2010.0, 6.0, 22.0, 16.0, 55.0, 44.609]",4,B0044,181,5594,05594.csv,0.0734434705697157,74,2010-06-22 16:55:44.609,70075803.016,0.03672173528485785
5595,"[2010.0, 6.0, 22.0, 20.0, 15.0, 9.718]",4,B0044,183,5596,05596.csv,0.0737373960592326,75,2010-06-22 20:15:09.718,70087768.125,0.0368686980296163
5597,"[2010.0, 6.0, 22.0, 23.0, 34.0, 40.078]",4,B0044,185,5598,05598.csv,0.0603231248972743,76,2010-06-22 23:34:40.078,70099738.485,0.03016156244863715
5599,"[2010.0, 6.0, 23.0, 2.0, 54.0, 2.359]",4,B0044,187,5600,05600.csv,0.0740961197823434,77,2010-06-23 02:54:02.359,70111700.766,0.0370480598911717
5603,"[2010.0, 6.0, 23.0, 7.0, 24.0, 51.046]",4,B0044,191,5604,05604.csv,0.0607171505329549,78,2010-06-23 07:24:51.046,70127949.453,0.03035857526647745
5605,"[2010.0, 6.0, 23.0, 10.0, 44.0, 16.39]",4,B0044,193,5606,05606.csv,0.0608284422939796,79,2010-06-23 10:44:16.390,70139914.797,0.0304142211469898
5607,"[2010.0, 6.0, 23.0, 14.0, 3.0, 18.14]",4,B0044,195,5608,05608.csv,0.0609288444479822,80,2010-06-23 14:03:18.140,70151856.547,0.0304644222239911
5609,"[2010.0, 6.0, 23.0, 17.0, 19.0, 43.093]",4,B0044,197,5610,05610.csv,0.0612203873656202,81,2010-06-23 17:19:43.093,70163641.5,0.0306101936828101
5611,"[2010.0, 6.0, 23.0, 20.0, 32.0, 31.953]",4,B0044,199,5612,05612.csv,0.061336775826916,82,2010-06-23 20:32:31.953,70175210.36,0.030668387913458002
5615,"[2010.0, 6.0, 23.0, 23.0, 10.0, 5.078]",4,B0044,203,5616,05616.csv,0.0615021959933087,83,2010-06-23 23:10:05.078,70184663.485,0.03075109799665435
5617,"[2010.0, 6.0, 24.0, 0.0, 22.0, 53.234]",4,B0044,205,5618,05618.csv,0.0615436456229027,84,2010-06-24 00:22:53.234,70189031.641,0.030771822811451358
5619,"[2010.0, 6.0, 24.0, 1.0, 18.0, 4.437]",4,B0044,207,5620,05620.csv,0.0613682829819075,85,2010-06-24 01:18:04.437,70192342.844,0.03068414149095376
5621,"[2010.0, 6.0, 24.0, 2.0, 17.0, 42.484]",4,B0044,209,5622,05622.csv,0.0616335088887399,86,2010-06-24 02:17:42.484,70195920.891,0.03081675444436995
5623,"[2010.0, 6.0, 24.0, 3.0, 12.0, 12.5]",4,B0044,211,5624,05624.csv,0.0619810308759487,87,2010-06-24 03:12:12.500,70199190.907,0.030990515437974358
5627,"[2010.0, 6.0, 25.0, 18.0, 45.0, 5.406]",4,B0044,215,5628,05628.csv,1.4779954511171076,88,2010-06-25 18:45:05.406,70341563.813,0.7389977255585538
5631,"[2010.0, 6.0, 26.0, 0.0, 33.0, 10.328]",4,B0044,219,5632,05632.csv,1.494119871447679,89,2010-06-26 00:33:10.328,70362448.735,0.7470599357238396
5633,"[2010.0, 6.0, 26.0, 5.0, 11.0, 6.265]",4,B0044,221,5634,05634.csv,1.488007820113173,90,2010-06-26 05:11:06.265,70379124.672,0.7440039100565865
5635,"[2010.0, 6.0, 26.0, 9.0, 48.0, 28.984]",4,B0044,223,5636,05636.csv,1.4748338592717107,91,2010-06-26 09:48:28.984,70395767.391,0.7374169296358554
5637,"[2010.0, 6.0, 26.0, 14.0, 25.0, 15.64]",4,B0044,225,5638,05638.csv,1.4604378044785566,92,2010-06-26 14:25:15.640,70412374.047,0.7302189022392782
5639,"[2010.0, 6.0, 26.0, 19.0, 1.0, 10.906]",4,B0044,227,5640,05640.csv,1.452380841576719,93,2010-06-26 19:01:10.906,70428929.313,0.7261904207883595
5643,"[2010.0, 6.0, 27.0, 0.0, 48.0, 32.265]",4,B0044,231,5644,05644.csv,1.441102888364986,94,2010-06-27 00:48:32.265,70449770.672,0.720551444182493
5645,"[2010.0, 6.0, 27.0, 5.0, 23.0, 33.859]",4,B0044,233,5646,05646.csv,1.4300355978410688,95,2010-06-27 05:23:33.859,70466272.266,0.7150177989205343
5647,"[2010.0, 6.0, 27.0, 9.0, 58.0, 20.953]",4,B0044,235,5648,05648.csv,1.413943296719903,96,2010-06-27 09:58:20.953,70482759.36,0.7069716483599515
5649,"[2010.0, 6.0, 27.0, 14.0, 32.0, 41.171]",4,B0044,237,5650,05650.csv,1.3972667497450315,97,2010-06-27 14:32:41.171,70499219.578,0.6986333748725158
5651,"[2010.0, 6.0, 27.0, 19.0, 6.0, 37.984]",4,B0044,239,5652,05652.csv,1.3865375876825874,98,2010-06-27 19:06:37.984,70515656.391,0.6932687938412937
5655,"[2010.0, 6.0, 28.0, 0.0, 51.0, 57.734]",4,B0044,243,5656,05656.csv,1.3724753685724698,99,2010-06-28 00:51:57.734,70536376.141,0.6862376842862349
5657,"[2010.0, 6.0, 28.0, 5.0, 24.0, 57.14]",4,B0044,245,5658,05658.csv,1.3598593948812812,100,2010-06-28 05:24:57.140,70552755.547,0.6799296974406406
5659,"[2010.0, 6.0, 28.0, 9.0, 57.0, 41.468]",4,B0044,247,5660,05660.csv,1.3486733410392264,101,2010-06-28 09:57:41.468,70569119.875,0.6743366705196132
5661,"[2010.0, 6.0, 28.0, 14.0, 29.0, 46.171]",4,B0044,249,5662,05662.csv,1.3334258933205057,102,2010-06-28 14:29:46.171,70585444.578,0.6667129466602529
5663,"[2010.0, 6.0, 28.0, 19.0, 1.0, 9.578]",4,B0044,251,5664,05664.csv,1.3387793081075827,103,2010-06-28 19:01:09.578,70601727.985,0.6693896540537914
5667,"[2010.0, 6.0, 29.0, 0.0, 44.0, 0.078]",4,B0044,255,5668,05668.csv,1.3153320403016997,104,2010-06-29 00:44:00.078,70622298.485,0.6576660201508499
5669,"[2010.0, 6.0, 29.0, 5.0, 14.0, 48.968]",4,B0044,257,5670,05670.csv,1.322963328110081,105,2010-06-29 05:14:48.968,70638547.375,0.6614816640550404
5671,"[2010.0, 6.0, 29.0, 9.0, 44.0, 58.609]",4,B0044,259,5672,05672.csv,1.3086991524155074,106,2010-06-29 09:44:58.609,70654757.016,0.6543495762077537
5673,"[2010.0, 6.0, 29.0, 14.0, 14.0, 43.546]",4,B0044,261,5674,05674.csv,1.2897499583900436,107,2010-06-29 14:14:43.546,70670941.953,0.6448749791950218
5675,"[2010.0, 6.0, 29.0, 18.0, 44.0, 1.531]",4,B0044,263,5676,05676.csv,1.2906172590904164,108,2010-06-29 18:44:01.531,70687099.938,0.6453086295452082
5679,"[2010.0, 6.0, 30.0, 0.0, 24.0, 32.875]",4,B0044,267,5680,05680.csv,1.2752011253442166,109,2010-06-30 00:24:32.875,70707531.282,0.6376005626721083
5681,"[2010.0, 6.0, 30.0, 4.0, 53.0, 18.5]",4,B0044,269,5682,05682.csv,1.268607265737458,110,2010-06-30 04:53:18.500,70723656.907,0.6343036328687289
5683,"[2010.0, 6.0, 30.0, 9.0, 21.0, 28.343]",4,B0044,271,5684,05684.csv,1.2565759973225976,111,2010-06-30 09:21:28.343,70739746.75,0.6282879986612989
5685,"[2010.0, 6.0, 30.0, 13.0, 49.0, 7.171]",4,B0044,273,5686,05686.csv,1.2486254509320869,112,2010-06-30 13:49:07.171,70755805.578,0.6243127254660434
5687,"[2010.0, 7.0, 21.0, 15.0, 0.0, 35.093]",4,B0045,0,5688,05688.csv,1.0819793880779518,1,2010-07-21 15:00:35.093,72574493.5,0.5409896940389759
5691,"[2010.0, 7.0, 21.0, 21.0, 2.0, 56.984]",4,B0045,4,5692,05692.csv,0.927952404748273,2,2010-07-21 21:02:56.984,72596235.391,0.4639762023741365
5693,"[2010.0, 7.0, 22.0, 1.0, 40.0, 6.218]",4,B0045,6,5694,05694.csv,0.885193608411576,3,2010-07-22 01:40:06.218,72612864.625,0.442596804205788
5695,"[2010.0, 7.0, 22.0, 6.0, 16.0, 21.781]",4,B0045,8,5696,05696.csv,0.8581010699478283,4,2010-07-22 06:16:21.781,72629440.188,0.42905053497391404
5697,"[2010.0, 7.0, 22.0, 10.0, 51.0, 48.203]",4,B0045,10,5698,05698.csv,0.8409352213456689,5,2010-07-22 10:51:48.203,72645966.61,0.4204676106728344
5699,"[2010.0, 7.0, 22.0, 15.0, 26.0, 29.359]",4,B0045,12,5700,05700.csv,0.8245471942901911,6,2010-07-22 15:26:29.359,72662447.766,0.41227359714509554
5703,"[2010.0, 7.0, 23.0, 9.0, 59.0, 8.718]",4,B0045,16,5704,05704.csv,0.7935960418803983,7,2010-07-23 09:59:08.718,72729207.125,0.39679802094019917
5707,"[2010.0, 7.0, 23.0, 15.0, 44.0, 51.671]",4,B0045,20,5708,05708.csv,0.8183676087159205,8,2010-07-23 15:44:51.671,72749950.078,0.40918380435796015
5709,"[2010.0, 7.0, 23.0, 20.0, 19.0, 2.359]",4,B0045,22,5710,05710.csv,0.7977644276409412,9,2010-07-23 20:19:02.359,72766400.766,0.39888221382047057
5711,"[2010.0, 7.0, 24.0, 0.0, 52.0, 14.625]",4,B0045,24,5712,05712.csv,0.7993777411831636,10,2010-07-24 00:52:14.625,72782793.032,0.39968887059158187
5713,"[2010.0, 7.0, 24.0, 5.0, 24.0, 46.453]",4,B0045,26,5714,05714.csv,0.7783107440628891,11,2010-07-24 05:24:46.453,72799144.86,0.3891553720314446
5715,"[2010.0, 7.0, 24.0, 9.0, 56.0, 39.0]",4,B0045,28,5716,05716.csv,0.7803738231239117,12,2010-07-24 09:56:39.000,72815457.407,0.39018691156195584
5719,"[2010.0, 7.0, 27.0, 16.0, 12.0, 5.718]",4,B0045,32,5720,05720.csv,0.7713058245640294,13,2010-07-27 16:12:05.718,73097184.125,0.38565291228201476
5723,"[2010.0, 7.0, 27.0, 21.0, 56.0, 24.312]",4,B0045,36,5724,05724.csv,0.795279016979026,14,2010-07-27 21:56:24.312,73117842.719,0.397639508489513
5725,"[2010.0, 7.0, 28.0, 2.0, 29.0, 37.343]",4,B0045,38,5726,05726.csv,0.7824128169919247,15,2010-07-28 02:29:37.343,73134235.75,0.39120640849596244
5727,"[2010.0, 7.0, 28.0, 7.0, 1.0, 57.687]",4,B0045,40,5728,05728.csv,0.7649414992231182,16,2010-07-28 07:01:57.687,73150576.094,0.3824707496115591
5729,"[2010.0, 7.0, 28.0, 11.0, 33.0, 1.828]",4,B0045,42,5730,05730.csv,0.7544899426779375,17,2010-07-28 11:33:01.828,73166840.235,0.37724497133896884
5731,"[2010.0, 7.0, 28.0, 16.0, 3.0, 39.015]",4,B0045,44,5732,05732.csv,0.7504048978314295,18,2010-07-28 16:03:39.015,73183077.422,0.37520244891571475
5735,"[2010.0, 7.0, 28.0, 21.0, 45.0, 15.5]",4,B0045,48,5736,05736.csv,0.7407258109620256,19,2010-07-28 21:45:15.500,73203573.907,0.37036290548101275
5737,"[2010.0, 7.0, 29.0, 2.0, 14.0, 29.703]",4,B0045,50,5738,05738.csv,0.0,20,2010-07-29 02:14:29.703,73219728.11,0.0
5739,"[2010.0, 7.0, 29.0, 5.0, 57.0, 18.515]",4,B0045,52,5740,05740.csv,0.7308525593793626,21,2010-07-29 05:57:18.515,73233096.922,0.3654262796896813
5741,"[2010.0, 7.0, 29.0, 10.0, 29.0, 29.765]",4,B0045,54,5742,05742.csv,0.7287255851177903,22,2010-07-29 10:29:29.765,73249428.172,0.36436279255889514
5743,"[2010.0, 7.0, 29.0, 14.0, 57.0, 39.921]",4,B0045,56,5744,05744.csv,0.7161023377036263,23,2010-07-29 14:57:39.921,73265518.328,0.35805116885181315
5747,"[2010.0, 7.0, 29.0, 20.0, 36.0, 49.093]",4,B0045,60,5748,05748.csv,0.7129204834988017,24,2010-07-29 20:36:49.093,73285867.5,0.35646024174940083
5749,"[2010.0, 7.0, 30.0, 1.0, 3.0, 48.203]",4,B0045,62,5750,05750.csv,0.7141991829499618,25,2010-07-30 01:03:48.203,73301886.61,0.3570995914749809
5751,"[2010.0, 7.0, 30.0, 5.0, 30.0, 13.453]",4,B0045,64,5752,05752.csv,0.7190570819844222,26,2010-07-30 05:30:13.453,73317871.86,0.35952854099221115
5753,"[2010.0, 7.0, 30.0, 9.0, 56.0, 7.796]",4,B0045,66,5754,05754.csv,0.7173975428775917,27,2010-07-30 09:56:07.796,73333826.203,0.35869877143879586
5755,"[2010.0, 7.0, 30.0, 14.0, 21.0, 3.875]",4,B0045,68,5756,05756.csv,0.7071027496463946,28,2010-07-30 14:21:03.875,73349722.282,0.3535513748231973
5759,"[2010.0, 7.0, 30.0, 19.0, 57.0, 28.859]",4,B0045,72,5760,05760.csv,0.703531206505542,29,2010-07-30 19:57:28.859,73369907.266,0.351765603252771
5761,"[2010.0, 7.0, 31.0, 0.0, 21.0, 41.812]",4,B0045,74,5762,05762.csv,0.6941108278958862,30,2010-07-31 00:21:41.812,73385760.219,0.3470554139479431
5763,"[2010.0, 7.0, 31.0, 4.0, 45.0, 24.171]",4,B0045,76,5764,05764.csv,0.6914114388869608,31,2010-07-31 04:45:24.171,73401582.578,0.3457057194434804
5765,"[2010.0, 7.0, 31.0, 9.0, 8.0, 38.406]",4,B0045,78,5766,05766.csv,0.6971551798505504,32,2010-07-31 09:08:38.406,73417376.813,0.3485775899252752
5767,"[2010.0, 7.0, 31.0, 13.0, 31.0, 7.296]",4,B0045,80,5768,05768.csv,0.6832460217432723,33,2010-07-31 13:31:07.296,73433125.703,0.3416230108716361
5771,"[2010.0, 8.0, 3.0, 15.0, 52.0, 53.046]",4,B0045,84,5772,05772.csv,0.6822029317493292,34,2010-08-03 15:52:53.046,73700831.453,0.3411014658746646
5775,"[2010.0, 8.0, 3.0, 21.0, 29.0, 43.953]",4,B0045,88,5776,05776.csv,0.7289529213213379,35,2010-08-03 21:29:43.953,73721042.36,0.36447646066066897
5777,"[2010.0, 8.0, 4.0, 1.0, 56.0, 12.734]",4,B0045,90,5778,05778.csv,0.7139321758287004,36,2010-08-04 01:56:12.734,73737031.141,0.3569660879143502
5779,"[2010.0, 8.0, 4.0, 6.0, 20.0, 57.078]",4,B0045,92,5780,05780.csv,0.6957731747455482,37,2010-08-04 06:20:57.078,73752915.485,0.3478865873727741
5781,"[2010.0, 8.0, 4.0, 10.0, 44.0, 49.39]",4,B0045,94,5782,05782.csv,0.7018312962317095,38,2010-08-04 10:44:49.390,73768747.797,0.3509156481158547
5783,"[2010.0, 8.0, 4.0, 15.0, 7.0, 58.828]",4,B0045,96,5784,05784.csv,0.6911808244378487,39,2010-08-04 15:07:58.828,73784537.235,0.34559041221892445
5787,"[2010.0, 8.0, 4.0, 20.0, 41.0, 59.5]",4,B0045,100,5788,05788.csv,0.6843279752855028,40,2010-08-04 20:41:59.500,73804577.907,0.3421639876427514
5789,"[2010.0, 8.0, 5.0, 1.0, 4.0, 3.312]",4,B0045,102,5790,05790.csv,0.6741394908812485,41,2010-08-05 01:04:03.312,73820301.719,0.33706974544062424
5791,"[2010.0, 8.0, 5.0, 5.0, 25.0, 7.906]",4,B0045,104,5792,05792.csv,0.6670070174301739,42,2010-08-05 05:25:07.906,73835966.313,0.33350350871508694
5793,"[2010.0, 8.0, 5.0, 9.0, 45.0, 36.39]",4,B0045,106,5794,05794.csv,0.6804085117374855,43,2010-08-05 09:45:36.390,73851594.797,0.34020425586874276
5795,"[2010.0, 8.0, 5.0, 14.0, 5.0, 44.828]",4,B0045,108,5796,05796.csv,0.6617864063235485,44,2010-08-05 14:05:44.828,73867203.235,0.33089320316177423
5799,"[2010.0, 8.0, 5.0, 19.0, 37.0, 8.125]",4,B0045,112,5800,05800.csv,0.6623168733492338,45,2010-08-05 19:37:08.125,73887086.532,0.3311584366746169
5801,"[2010.0, 8.0, 5.0, 23.0, 56.0, 22.437]",4,B0045,114,5802,05802.csv,0.6679358357181778,46,2010-08-05 23:56:22.437,73902640.844,0.33396791785908886
5803,"[2010.0, 8.0, 6.0, 4.0, 15.0, 3.234]",4,B0045,116,5804,05804.csv,0.6488990885270688,47,2010-08-06 04:15:03.234,73918161.641,0.3244495442635344
5805,"[2010.0, 8.0, 6.0, 8.0, 33.0, 24.75]",4,B0045,118,5806,05806.csv,0.6503639129625527,48,2010-08-06 08:33:24.750,73933663.157,0.32518195648127635
5807,"[2010.0, 8.0, 6.0, 12.0, 51.0, 21.0]",4,B0045,120,5808,05808.csv,0.6572077690202801,49,2010-08-06 12:51:21.000,73949139.407,0.32860388451014005
5811,"[2010.0, 8.0, 6.0, 18.0, 20.0, 37.375]",4,B0045,124,5812,05812.csv,0.6363517458476216,50,2010-08-06 18:20:37.375,73968895.782,0.31817587292381083
5813,"[2010.0, 8.0, 6.0, 22.0, 37.0, 51.968]",4,B0045,126,5814,05814.csv,0.6536449360948587,51,2010-08-06 22:37:51.968,73984330.375,0.32682246804742937
5815,"[2010.0, 8.0, 7.0, 2.0, 54.0, 46.296]",4,B0045,128,5816,05816.csv,0.6391428272150887,52,2010-08-07 02:54:46.296,73999744.703,0.31957141360754443
5817,"[2010.0, 8.0, 7.0, 7.0, 11.0, 8.671]",4,B0045,130,5818,05818.csv,0.6482206049496236,53,2010-08-07 07:11:08.671,74015127.078,0.32411030247481176
5819,"[2010.0, 8.0, 7.0, 11.0, 26.0, 50.984]",4,B0045,132,5820,05820.csv,0.6287957471922729,54,2010-08-07 11:26:50.984,74030469.391,0.31439787359613647
5823,"[2010.0, 8.0, 10.0, 15.0, 39.0, 28.921]",4,B0045,136,5824,05824.csv,0.6380571850193401,55,2010-08-10 15:39:28.921,74304827.328,0.31902859250967003
5827,"[2010.0, 8.0, 10.0, 21.0, 13.0, 49.64]",4,B0045,140,5828,05828.csv,0.6554825047832906,56,2010-08-10 21:13:49.640,74324888.047,0.3277412523916453
5829,"[2010.0, 8.0, 11.0, 1.0, 35.0, 2.781]",4,B0045,142,5830,05830.csv,0.6484934835397033,57,2010-08-11 01:35:02.781,74340561.188,0.32424674176985163
5831,"[2010.0, 8.0, 11.0, 5.0, 54.0, 59.281]",4,B0045,144,5832,05832.csv,0.6454071687844921,58,2010-08-11 05:54:59.281,74356157.688,0.3227035843922461
5833,"[2010.0, 8.0, 11.0, 10.0, 14.0, 4.421]",4,B0045,146,5834,05834.csv,0.6427008031845645,59,2010-08-11 10:14:04.421,74371702.828,0.32135040159228223
5835,"[2010.0, 8.0, 11.0, 14.0, 32.0, 46.656]",4,B0045,148,5836,05836.csv,0.6352454880802477,60,2010-08-11 14:32:46.656,74387225.063,0.31762274404012386
5839,"[2010.0, 8.0, 12.0, 12.0, 34.0, 22.109]",4,B0045,152,5840,05840.csv,0.6156760019587869,61,2010-08-12 12:34:22.109,74466520.516,0.30783800097939346
5843,"[2010.0, 8.0, 12.0, 18.0, 4.0, 47.218]",4,B0045,156,5844,05844.csv,0.6170833682807023,62,2010-08-12 18:04:47.218,74486345.625,0.30854168414035116
5845,"[2010.0, 8.0, 12.0, 22.0, 24.0, 12.484]",4,B0045,158,5846,05846.csv,0.6434227390858672,63,2010-08-12 22:24:12.484,74501910.891,0.3217113695429336
5847,"[2010.0, 8.0, 13.0, 2.0, 42.0, 32.031]",4,B0045,160,5848,05848.csv,0.6278124433742752,64,2010-08-13 02:42:32.031,74517410.438,0.3139062216871376
5849,"[2010.0, 8.0, 13.0, 6.0, 59.0, 39.343]",4,B0045,162,5850,05850.csv,0.6290078315253372,65,2010-08-13 06:59:39.343,74532837.75,0.3145039157626686
5851,"[2010.0, 8.0, 13.0, 11.0, 16.0, 29.328]",4,B0045,164,5852,05852.csv,0.0,66,2010-08-13 11:16:29.328,74548247.735,0.0
5855,"[2010.0, 8.0, 16.0, 10.0, 57.0, 7.937]",4,B0045,168,5856,05856.csv,0.6266355568292261,67,2010-08-16 10:57:07.937,74806286.344,0.31331777841461306
5859,"[2010.0, 8.0, 16.0, 16.0, 33.0, 48.968]",4,B0045,172,5860,05860.csv,0.6495813516716594,68,2010-08-16 16:33:48.968,74826487.375,0.32479067583582977
5861,"[2010.0, 8.0, 16.0, 20.0, 54.0, 56.609]",4,B0045,174,5862,05862.csv,0.6337485177966306,69,2010-08-16 20:54:56.609,74842155.016,0.3168742588983153
5863,"[2010.0, 8.0, 17.0, 1.0, 14.0, 42.109]",4,B0045,176,5864,05864.csv,0.6298550929085645,70,2010-08-17 01:14:42.109,74857740.516,0.3149275464542822
5865,"[2010.0, 8.0, 17.0, 5.0, 33.0, 53.718]",4,B0045,178,5866,05866.csv,0.6183063778386736,71,2010-08-17 05:33:53.718,74873292.125,0.3091531889193368
5867,"[2010.0, 8.0, 17.0, 9.0, 52.0, 5.375]",4,B0045,180,5868,05868.csv,0.6069476168507777,72,2010-08-17 09:52:05.375,74888783.782,0.3034738084253889
5871,"[2010.0, 7.0, 21.0, 15.0, 0.0, 35.093]",4,B0046,0,5872,05872.csv,1.7282392323598248,1,2010-07-21 15:00:35.093,72574493.5,0.8641196161799124
5875,"[2010.0, 7.0, 21.0, 21.0, 2.0, 56.984]",4,B0046,4,5876,05876.csv,1.5161488467923143,2,2010-07-21 21:02:56.984,72596235.391,0.7580744233961572
5877,"[2010.0, 7.0, 22.0, 1.0, 40.0, 6.218]",4,B0046,6,5878,05878.csv,1.503121190703977,3,2010-07-22 01:40:06.218,72612864.625,0.7515605953519885
5879,"[2010.0, 7.0, 22.0, 6.0, 16.0, 21.781]",4,B0046,8,5880,05880.csv,1.48586566102824,4,2010-07-22 06:16:21.781,72629440.188,0.7429328305141198
5881,"[2010.0, 7.0, 22.0, 10.0, 51.0, 48.203]",4,B0046,10,5882,05882.csv,1.4694562316392716,5,2010-07-22 10:51:48.203,72645966.61,0.7347281158196358
5883,"[2010.0, 7.0, 22.0, 15.0, 26.0, 29.359]",4,B0046,12,5884,05884.csv,1.458955459264481,6,2010-07-22 15:26:29.359,72662447.766,0.7294777296322404
5887,"[2010.0, 7.0, 23.0, 9.0, 59.0, 8.718]",4,B0046,16,5888,05888.csv,1.4556853555098297,7,2010-07-23 09:59:08.718,72729207.125,0.7278426777549148
5891,"[2010.0, 7.0, 23.0, 15.0, 44.0, 51.671]",4,B0046,20,5892,05892.csv,1.456232262380321,8,2010-07-23 15:44:51.671,72749950.078,0.7281161311901605
5893,"[2010.0, 7.0, 23.0, 20.0, 19.0, 2.359]",4,B0046,22,5894,05894.csv,1.4440592236675138,9,2010-07-23 20:19:02.359,72766400.766,0.7220296118337569
5895,"[2010.0, 7.0, 24.0, 0.0, 52.0, 14.625]",4,B0046,24,5896,05896.csv,1.428294264765868,10,2010-07-24 00:52:14.625,72782793.032,0.714147132382934
5897,"[2010.0, 7.0, 24.0, 5.0, 24.0, 46.453]",4,B0046,26,5898,05898.csv,1.4199848948034668,11,2010-07-24 05:24:46.453,72799144.86,0.7099924474017334
5899,"[2010.0, 7.0, 24.0, 9.0, 56.0, 39.0]",4,B0046,28,5900,05900.csv,1.4043226018516568,12,2010-07-24 09:56:39.000,72815457.407,0.7021613009258284
5903,"[2010.0, 7.0, 27.0, 16.0, 12.0, 5.718]",4,B0046,32,5904,05904.csv,1.4234351301615986,13,2010-07-27 16:12:05.718,73097184.125,0.7117175650807994
5907,"[2010.0, 7.0, 27.0, 21.0, 56.0, 24.312]",4,B0046,36,5908,05908.csv,1.4339948857967295,14,2010-07-27 21:56:24.312,73117842.719,0.7169974428983648
5909,"[2010.0, 7.0, 28.0, 2.0, 29.0, 37.343]",4,B0046,38,5910,05910.csv,1.4185177047756572,15,2010-07-28 02:29:37.343,73134235.75,0.7092588523878285
5911,"[2010.0, 7.0, 28.0, 7.0, 1.0, 57.687]",4,B0046,40,5912,05912.csv,1.4056313337829422,16,2010-07-28 07:01:57.687,73150576.094,0.7028156668914711
5913,"[2010.0, 7.0, 28.0, 11.0, 33.0, 1.828]",4,B0046,42,5914,05914.csv,1.3890214025155618,17,2010-07-28 11:33:01.828,73166840.235,0.6945107012577809
5915,"[2010.0, 7.0, 28.0, 16.0, 3.0, 39.015]",4,B0046,44,5916,05916.csv,1.3723339082737365,18,2010-07-28 16:03:39.015,73183077.422,0.6861669541368682
5919,"[2010.0, 7.0, 28.0, 21.0, 45.0, 15.5]",4,B0046,48,5920,05920.csv,1.3615778905990563,19,2010-07-28 21:45:15.500,73203573.907,0.6807889452995282
5921,"[2010.0, 7.0, 29.0, 2.0, 14.0, 29.703]",4,B0046,50,5922,05922.csv,0.0,20,2010-07-29 02:14:29.703,73219728.11,0.0
5923,"[2010.0, 7.0, 29.0, 5.0, 57.0, 18.515]",4,B0046,52,5924,05924.csv,1.4100282016237429,21,2010-07-29 05:57:18.515,73233096.922,0.7050141008118714
5925,"[2010.0, 7.0, 29.0, 10.0, 29.0, 29.765]",4,B0046,54,5926,05926.csv,1.3395671374926488,22,2010-07-29 10:29:29.765,73249428.172,0.6697835687463244
5927,"[2010.0, 7.0, 29.0, 14.0, 57.0, 39.921]",4,B0046,56,5928,05928.csv,1.3291515487117478,23,2010-07-29 14:57:39.921,73265518.328,0.664575774355874
5931,"[2010.0, 7.0, 29.0, 20.0, 36.0, 49.093]",4,B0046,60,5932,05932.csv,1.3181687033905718,24,2010-07-29 20:36:49.093,73285867.5,0.6590843516952859
5933,"[2010.0, 7.0, 30.0, 1.0, 3.0, 48.203]",4,B0046,62,5934,05934.csv,1.312423708466101,25,2010-07-30 01:03:48.203,73301886.61,0.6562118542330505
5935,"[2010.0, 7.0, 30.0, 5.0, 30.0, 13.453]",4,B0046,64,5936,05936.csv,1.2993237532162487,26,2010-07-30 05:30:13.453,73317871.86,0.6496618766081244
5937,"[2010.0, 7.0, 30.0, 9.0, 56.0, 7.796]",4,B0046,66,5938,05938.csv,1.2877483042174591,27,2010-07-30 09:56:07.796,73333826.203,0.6438741521087296
5939,"[2010.0, 7.0, 30.0, 14.0, 21.0, 3.875]",4,B0046,68,5940,05940.csv,1.2865282739749122,28,2010-07-30 14:21:03.875,73349722.282,0.6432641369874561
5943,"[2010.0, 7.0, 30.0, 19.0, 57.0, 28.859]",4,B0046,72,5944,05944.csv,1.2719636386987183,29,2010-07-30 19:57:28.859,73369907.266,0.6359818193493593
5945,"[2010.0, 7.0, 31.0, 0.0, 21.0, 41.812]",4,B0046,74,5946,05946.csv,1.2714495345417192,30,2010-07-31 00:21:41.812,73385760.219,0.6357247672708596
5947,"[2010.0, 7.0, 31.0, 4.0, 45.0, 24.171]",4,B0046,76,5948,05948.csv,1.2615423884659074,31,2010-07-31 04:45:24.171,73401582.578,0.6307711942329537
5949,"[2010.0, 7.0, 31.0, 9.0, 8.0, 38.406]",4,B0046,78,5950,05950.csv,1.2421201619204132,32,2010-07-31 09:08:38.406,73417376.813,0.6210600809602066
5951,"[2010.0, 7.0, 31.0, 13.0, 31.0, 7.296]",4,B0046,80,5952,05952.csv,1.2402537441669796,33,2010-07-31 13:31:07.296,73433125.703,0.6201268720834898
5955,"[2010.0, 8.0, 3.0, 15.0, 52.0, 53.046]",4,B0046,84,5956,05956.csv,1.2851130012242886,34,2010-08-03 15:52:53.046,73700831.453,0.6425565006121442
5959,"[2010.0, 8.0, 3.0, 21.0, 29.0, 43.953]",4,B0046,88,5960,05960.csv,1.3043327841699193,35,2010-08-03 21:29:43.953,73721042.36,0.6521663920849596
5961,"[2010.0, 8.0, 4.0, 1.0, 56.0, 12.734]",4,B0046,90,5962,05962.csv,1.2778639041619957,36,2010-08-04 01:56:12.734,73737031.141,0.6389319520809978
5963,"[2010.0, 8.0, 4.0, 6.0, 20.0, 57.078]",4,B0046,92,5964,05964.csv,1.272346459165154,37,2010-08-04 06:20:57.078,73752915.485,0.636173229582577
5965,"[2010.0, 8.0, 4.0, 10.0, 44.0, 49.39]",4,B0046,94,5966,05966.csv,1.2477883952768762,38,2010-08-04 10:44:49.390,73768747.797,0.6238941976384381
5967,"[2010.0, 8.0, 4.0, 15.0, 7.0, 58.828]",4,B0046,96,5968,05968.csv,1.2352499196655526,39,2010-08-04 15:07:58.828,73784537.235,0.6176249598327763
5971,"[2010.0, 8.0, 4.0, 20.0, 41.0, 59.5]",4,B0046,100,5972,05972.csv,1.229251291851949,40,2010-08-04 20:41:59.500,73804577.907,0.6146256459259745
5973,"[2010.0, 8.0, 5.0, 1.0, 4.0, 3.312]",4,B0046,102,5974,05974.csv,1.223890910501634,41,2010-08-05 01:04:03.312,73820301.719,0.611945455250817
5975,"[2010.0, 8.0, 5.0, 5.0, 25.0, 7.906]",4,B0046,104,5976,05976.csv,1.205423323571373,42,2010-08-05 05:25:07.906,73835966.313,0.6027116617856865
5977,"[2010.0, 8.0, 5.0, 9.0, 45.0, 36.39]",4,B0046,106,5978,05978.csv,1.1957824090008151,43,2010-08-05 09:45:36.390,73851594.797,0.5978912045004077
5979,"[2010.0, 8.0, 5.0, 14.0, 5.0, 44.828]",4,B0046,108,5980,05980.csv,1.190072949669846,44,2010-08-05 14:05:44.828,73867203.235,0.5950364748349228
5983,"[2010.0, 8.0, 5.0, 19.0, 37.0, 8.125]",4,B0046,112,5984,05984.csv,1.179201763233652,45,2010-08-05 19:37:08.125,73887086.532,0.589600881616826
5985,"[2010.0, 8.0, 5.0, 23.0, 56.0, 22.437]",4,B0046,114,5986,05986.csv,1.169504032514554,46,2010-08-05 23:56:22.437,73902640.844,0.584752016257277
5987,"[2010.0, 8.0, 6.0, 4.0, 15.0, 3.234]",4,B0046,116,5988,05988.csv,1.16772376849918,47,2010-08-06 04:15:03.234,73918161.641,0.5838618842495901
5989,"[2010.0, 8.0, 6.0, 8.0, 33.0, 24.75]",4,B0046,118,5990,05990.csv,1.1579256145829042,48,2010-08-06 08:33:24.750,73933663.157,0.5789628072914521
5991,"[2010.0, 8.0, 6.0, 12.0, 51.0, 21.0]",4,B0046,120,5992,05992.csv,1.1499812813376982,49,2010-08-06 12:51:21.000,73949139.407,0.5749906406688491
5995,"[2010.0, 8.0, 6.0, 18.0, 20.0, 37.375]",4,B0046,124,5996,05996.csv,1.150285902223034,50,2010-08-06 18:20:37.375,73968895.782,0.5751429511115169
5997,"[2010.0, 8.0, 6.0, 22.0, 37.0, 51.968]",4,B0046,126,5998,05998.csv,1.1349452274085248,51,2010-08-06 22:37:51.968,73984330.375,0.5674726137042624
5999,"[2010.0, 8.0, 7.0, 2.0, 54.0, 46.296]",4,B0046,128,6000,06000.csv,1.1380960963513609,52,2010-08-07 02:54:46.296,73999744.703,0.5690480481756804
6001,"[2010.0, 8.0, 7.0, 7.0, 11.0, 8.671]",4,B0046,130,6002,06002.csv,1.123711172150547,53,2010-08-07 07:11:08.671,74015127.078,0.5618555860752736
6003,"[2010.0, 8.0, 7.0, 11.0, 26.0, 50.984]",4,B0046,132,6004,06004.csv,0.0,54,2010-08-07 11:26:50.984,74030469.391,0.0
6007,"[2010.0, 8.0, 10.0, 15.0, 39.0, 28.921]",4,B0046,136,6008,06008.csv,1.214119211354098,55,2010-08-10 15:39:28.921,74304827.328,0.607059605677049
6011,"[2010.0, 8.0, 10.0, 21.0, 13.0, 49.64]",4,B0046,140,6012,06012.csv,1.211944797522819,56,2010-08-10 21:13:49.640,74324888.047,0.6059723987614096
6013,"[2010.0, 8.0, 11.0, 1.0, 35.0, 2.781]",4,B0046,142,6014,06014.csv,1.1971248679331925,57,2010-08-11 01:35:02.781,74340561.188,0.5985624339665963
6015,"[2010.0, 8.0, 11.0, 5.0, 54.0, 59.281]",4,B0046,144,6016,06016.csv,1.1822892151870987,58,2010-08-11 05:54:59.281,74356157.688,0.5911446075935493
6017,"[2010.0, 8.0, 11.0, 10.0, 14.0, 4.421]",4,B0046,146,6018,06018.csv,1.1645336676778395,59,2010-08-11 10:14:04.421,74371702.828,0.5822668338389196
6019,"[2010.0, 8.0, 11.0, 14.0, 32.0, 46.656]",4,B0046,148,6020,06020.csv,1.1535559567518647,60,2010-08-11 14:32:46.656,74387225.063,0.5767779783759324
6023,"[2010.0, 8.0, 12.0, 12.0, 34.0, 22.109]",4,B0046,152,6024,06024.csv,1.1601987101282063,61,2010-08-12 12:34:22.109,74466520.516,0.5800993550641033
6027,"[2010.0, 8.0, 12.0, 18.0, 4.0, 47.218]",4,B0046,156,6028,06028.csv,1.1711716308206082,62,2010-08-12 18:04:47.218,74486345.625,0.5855858154103041
6029,"[2010.0, 8.0, 12.0, 22.0, 24.0, 12.484]",4,B0046,158,6030,06030.csv,1.1563410270783216,63,2010-08-12 22:24:12.484,74501910.891,0.5781705135391608
6031,"[2010.0, 8.0, 13.0, 2.0, 42.0, 32.031]",4,B0046,160,6032,06032.csv,1.141082456193516,64,2010-08-13 02:42:32.031,74517410.438,0.570541228096758
6033,"[2010.0, 8.0, 13.0, 6.0, 59.0, 39.343]",4,B0046,162,6034,06034.csv,1.1352383596118123,65,2010-08-13 06:59:39.343,74532837.75,0.5676191798059061
6035,"[2010.0, 8.0, 13.0, 11.0, 16.0, 29.328]",4,B0046,164,6036,06036.csv,0.0,66,2010-08-13 11:16:29.328,74548247.735,0.0
6039,"[2010.0, 8.0, 16.0, 10.0, 57.0, 7.937]",4,B0046,168,6040,06040.csv,1.2530847858282803,67,2010-08-16 10:57:07.937,74806286.344,0.6265423929141402
6043,"[2010.0, 8.0, 16.0, 16.0, 33.0, 48.968]",4,B0046,172,6044,06044.csv,1.2050453590356518,68,2010-08-16 16:33:48.968,74826487.375,0.6025226795178259
6045,"[2010.0, 8.0, 16.0, 20.0, 54.0, 56.609]",4,B0046,174,6046,06046.csv,1.19119860196273,69,2010-08-16 20:54:56.609,74842155.016,0.595599300981365
6047,"[2010.0, 8.0, 17.0, 1.0, 14.0, 42.109]",4,B0046,176,6048,06048.csv,1.17463817374538,70,2010-08-17 01:14:42.109,74857740.516,0.58731908687269
6049,"[2010.0, 8.0, 17.0, 5.0, 33.0, 53.718]",4,B0046,178,6050,06050.csv,1.1555432048235512,71,2010-08-17 05:33:53.718,74873292.125,0.5777716024117756
6051,"[2010.0, 8.0, 17.0, 9.0, 52.0, 5.375]",4,B0046,180,6052,06052.csv,1.1538041170229467,72,2010-08-17 09:52:05.375,74888783.782,0.5769020585114734
6055,"[2010.0, 7.0, 21.0, 15.0, 0.0, 35.093]",4,B0047,0,6056,06056.csv,1.6743047446975208,1,2010-07-21 15:00:35.093,72574493.5,0.8371523723487604
6059,"[2010.0, 7.0, 21.0, 21.0, 2.0, 56.984]",4,B0047,4,6060,06060.csv,1.5243662105099025,2,2010-07-21 21:02:56.984,72596235.391,0.7621831052549513
6061,"[2010.0, 7.0, 22.0, 1.0, 40.0, 6.218]",4,B0047,6,6062,06062.csv,1.5080762969973425,3,2010-07-22 01:40:06.218,72612864.625,0.7540381484986711
6063,"[2010.0, 7.0, 22.0, 6.0, 16.0, 21.781]",4,B0047,8,6064,06064.csv,1.4835577960067696,4,2010-07-22 06:16:21.781,72629440.188,0.7417788980033848
6065,"[2010.0, 7.0, 22.0, 10.0, 51.0, 48.203]",4,B0047,10,6066,06066.csv,1.4671391666146525,5,2010-07-22 10:51:48.203,72645966.61,0.7335695833073262
6067,"[2010.0, 7.0, 22.0, 15.0, 26.0, 29.359]",4,B0047,12,6068,06068.csv,1.448858156982267,6,2010-07-22 15:26:29.359,72662447.766,0.7244290784911336
6071,"[2010.0, 7.0, 23.0, 9.0, 59.0, 8.718]",4,B0047,16,6072,06072.csv,1.4458534180949325,7,2010-07-23 09:59:08.718,72729207.125,0.7229267090474663
6075,"[2010.0, 7.0, 23.0, 15.0, 44.0, 51.671]",4,B0047,20,6076,06076.csv,1.431118266178283,8,2010-07-23 15:44:51.671,72749950.078,0.7155591330891415
6077,"[2010.0, 7.0, 23.0, 20.0, 19.0, 2.359]",4,B0047,22,6078,06078.csv,1.419274551657853,9,2010-07-23 20:19:02.359,72766400.766,0.7096372758289266
6079,"[2010.0, 7.0, 24.0, 0.0, 52.0, 14.625]",4,B0047,24,6080,06080.csv,1.3999974221808271,10,2010-07-24 00:52:14.625,72782793.032,0.6999987110904136
6081,"[2010.0, 7.0, 24.0, 5.0, 24.0, 46.453]",4,B0047,26,6082,06082.csv,1.3885156686114437,11,2010-07-24 05:24:46.453,72799144.86,0.6942578343057219
6083,"[2010.0, 7.0, 24.0, 9.0, 56.0, 39.0]",4,B0047,28,6084,06084.csv,1.3652234669528964,12,2010-07-24 09:56:39.000,72815457.407,0.6826117334764483
6087,"[2010.0, 7.0, 27.0, 16.0, 12.0, 5.718]",4,B0047,32,6088,06088.csv,1.4060442272970963,13,2010-07-27 16:12:05.718,73097184.125,0.7030221136485482
6091,"[2010.0, 7.0, 27.0, 21.0, 56.0, 24.312]",4,B0047,36,6092,06092.csv,1.405754161352578,14,2010-07-27 21:56:24.312,73117842.719,0.702877080676289
6093,"[2010.0, 7.0, 28.0, 2.0, 29.0, 37.343]",4,B0047,38,6094,06094.csv,1.3867662881727878,15,2010-07-28 02:29:37.343,73134235.75,0.6933831440863939
6095,"[2010.0, 7.0, 28.0, 7.0, 1.0, 57.687]",4,B0047,40,6096,06096.csv,1.3705053061420225,16,2010-07-28 07:01:57.687,73150576.094,0.6852526530710112
6097,"[2010.0, 7.0, 28.0, 11.0, 33.0, 1.828]",4,B0047,42,6098,06098.csv,1.34974311148236,17,2010-07-28 11:33:01.828,73166840.235,0.67487155574118
6099,"[2010.0, 7.0, 28.0, 16.0, 3.0, 39.015]",4,B0047,44,6100,06100.csv,1.3251533367939785,18,2010-07-28 16:03:39.015,73183077.422,0.6625766683969893
6103,"[2010.0, 7.0, 28.0, 21.0, 45.0, 15.5]",4,B0047,48,6104,06104.csv,1.3111943869635805,19,2010-07-28 21:45:15.500,73203573.907,0.6555971934817904
6105,"[2010.0, 7.0, 29.0, 2.0, 14.0, 29.703]",4,B0047,50,6106,06106.csv,0.0,20,2010-07-29 02:14:29.703,73219728.11,0.0
6107,"[2010.0, 7.0, 29.0, 5.0, 57.0, 18.515]",4,B0047,52,6108,06108.csv,1.3394234405932892,21,2010-07-29 05:57:18.515,73233096.922,0.6697117202966446
6109,"[2010.0, 7.0, 29.0, 10.0, 29.0, 29.765]",4,B0047,54,6110,06110.csv,1.2849157142560723,22,2010-07-29 10:29:29.765,73249428.172,0.642457857128036
6111,"[2010.0, 7.0, 29.0, 14.0, 57.0, 39.921]",4,B0047,56,6112,06112.csv,1.281719159327807,23,2010-07-29 14:57:39.921,73265518.328,0.6408595796639035
6115,"[2010.0, 7.0, 29.0, 20.0, 36.0, 49.093]",4,B0047,60,6116,06116.csv,1.2600051642942829,24,2010-07-29 20:36:49.093,73285867.5,0.6300025821471414
6117,"[2010.0, 7.0, 30.0, 1.0, 3.0, 48.203]",4,B0047,62,6118,06118.csv,1.266070385993126,25,2010-07-30 01:03:48.203,73301886.61,0.6330351929965629
6119,"[2010.0, 7.0, 30.0, 5.0, 30.0, 13.453]",4,B0047,64,6120,06120.csv,1.2413590294280803,26,2010-07-30 05:30:13.453,73317871.86,0.6206795147140401
6121,"[2010.0, 7.0, 30.0, 9.0, 56.0, 7.796]",4,B0047,66,6122,06122.csv,1.2298873703485311,27,2010-07-30 09:56:07.796,73333826.203,0.6149436851742656
6123,"[2010.0, 7.0, 30.0, 14.0, 21.0, 3.875]",4,B0047,68,6124,06124.csv,1.228088614506696,28,2010-07-30 14:21:03.875,73349722.282,0.614044307253348
6127,"[2010.0, 7.0, 30.0, 19.0, 57.0, 28.859]",4,B0047,72,6128,06128.csv,1.2139857189070042,29,2010-07-30 19:57:28.859,73369907.266,0.6069928594535021
6129,"[2010.0, 7.0, 31.0, 0.0, 21.0, 41.812]",4,B0047,74,6130,06130.csv,1.2173435064564189,30,2010-07-31 00:21:41.812,73385760.219,0.6086717532282094
6131,"[2010.0, 7.0, 31.0, 4.0, 45.0, 24.171]",4,B0047,76,6132,06132.csv,1.2073445944515917,31,2010-07-31 04:45:24.171,73401582.578,0.6036722972257959
6133,"[2010.0, 7.0, 31.0, 9.0, 8.0, 38.406]",4,B0047,78,6134,06134.csv,1.18804049227045,32,2010-07-31 09:08:38.406,73417376.813,0.594020246135225
6135,"[2010.0, 7.0, 31.0, 13.0, 31.0, 7.296]",4,B0047,80,6136,06136.csv,1.186304749886542,33,2010-07-31 13:31:07.296,73433125.703,0.593152374943271
6139,"[2010.0, 8.0, 3.0, 15.0, 52.0, 53.046]",4,B0047,84,6140,06140.csv,1.2613935471028506,34,2010-08-03 15:52:53.046,73700831.453,0.6306967735514253
6143,"[2010.0, 8.0, 3.0, 21.0, 29.0, 43.953]",4,B0047,88,6144,06144.csv,1.2648246158850651,35,2010-08-03 21:29:43.953,73721042.36,0.6324123079425326
6145,"[2010.0, 8.0, 4.0, 1.0, 56.0, 12.734]",4,B0047,90,6146,06146.csv,1.24664945489822,36,2010-08-04 01:56:12.734,73737031.141,0.62332472744911
6147,"[2010.0, 8.0, 4.0, 6.0, 20.0, 57.078]",4,B0047,92,6148,06148.csv,1.2333924152795082,37,2010-08-04 06:20:57.078,73752915.485,0.6166962076397541
6149,"[2010.0, 8.0, 4.0, 10.0, 44.0, 49.39]",4,B0047,94,6150,06150.csv,1.2129250072037692,38,2010-08-04 10:44:49.390,73768747.797,0.6064625036018846
6151,"[2010.0, 8.0, 4.0, 15.0, 7.0, 58.828]",4,B0047,96,6152,06152.csv,1.1999106597943647,39,2010-08-04 15:07:58.828,73784537.235,0.5999553298971825
6155,"[2010.0, 8.0, 4.0, 20.0, 41.0, 59.5]",4,B0047,100,6156,06156.csv,1.1902559038393383,40,2010-08-04 20:41:59.500,73804577.907,0.5951279519196693
6157,"[2010.0, 8.0, 5.0, 1.0, 4.0, 3.312]",4,B0047,102,6158,06158.csv,1.1892563795455853,41,2010-08-05 01:04:03.312,73820301.719,0.5946281897727926
6159,"[2010.0, 8.0, 5.0, 5.0, 25.0, 7.906]",4,B0047,104,6160,06160.csv,1.167069685125939,42,2010-08-05 05:25:07.906,73835966.313,0.5835348425629695
6161,"[2010.0, 8.0, 5.0, 9.0, 45.0, 36.39]",4,B0047,106,6162,06162.csv,1.1615348403090369,43,2010-08-05 09:45:36.390,73851594.797,0.5807674201545184
6163,"[2010.0, 8.0, 5.0, 14.0, 5.0, 44.828]",4,B0047,108,6164,06164.csv,1.1555563844349988,44,2010-08-05 14:05:44.828,73867203.235,0.5777781922174994
6167,"[2010.0, 8.0, 5.0, 19.0, 37.0, 8.125]",4,B0047,112,6168,06168.csv,1.1488524666097713,45,2010-08-05 19:37:08.125,73887086.532,0.5744262333048856
6169,"[2010.0, 8.0, 5.0, 23.0, 56.0, 22.437]",4,B0047,114,6170,06170.csv,1.143572986788779,46,2010-08-05 23:56:22.437,73902640.844,0.5717864933943895
6171,"[2010.0, 8.0, 6.0, 4.0, 15.0, 3.234]",4,B0047,116,6172,06172.csv,1.1418015379428537,47,2010-08-06 04:15:03.234,73918161.641,0.5709007689714268
6173,"[2010.0, 8.0, 6.0, 8.0, 33.0, 24.75]",4,B0047,118,6174,06174.csv,1.136058647502255,48,2010-08-06 08:33:24.750,73933663.157,0.5680293237511275
6175,"[2010.0, 8.0, 6.0, 12.0, 51.0, 21.0]",4,B0047,120,6176,06176.csv,1.1236364680969286,49,2010-08-06 12:51:21.000,73949139.407,0.5618182340484643
6179,"[2010.0, 8.0, 6.0, 18.0, 20.0, 37.375]",4,B0047,124,6180,06180.csv,1.1320498900328944,50,2010-08-06 18:20:37.375,73968895.782,0.5660249450164472
6181,"[2010.0, 8.0, 6.0, 22.0, 37.0, 51.968]",4,B0047,126,6182,06182.csv,1.117010176215815,51,2010-08-06 22:37:51.968,73984330.375,0.5585050881079076
6183,"[2010.0, 8.0, 7.0, 2.0, 54.0, 46.296]",4,B0047,128,6184,06184.csv,1.120043039721982,52,2010-08-07 02:54:46.296,73999744.703,0.560021519860991
6185,"[2010.0, 8.0, 7.0, 7.0, 11.0, 8.671]",4,B0047,130,6186,06186.csv,1.1059773445917065,53,2010-08-07 07:11:08.671,74015127.078,0.5529886722958532
6187,"[2010.0, 8.0, 7.0, 11.0, 26.0, 50.984]",4,B0047,132,6188,06188.csv,0.0,54,2010-08-07 11:26:50.984,74030469.391,0.0
6191,"[2010.0, 8.0, 10.0, 15.0, 39.0, 28.921]",4,B0047,136,6192,06192.csv,1.1907902374762016,55,2010-08-10 15:39:28.921,74304827.328,0.5953951187381008
6195,"[2010.0, 8.0, 10.0, 21.0, 13.0, 49.64]",4,B0047,140,6196,06196.csv,1.2012387088454022,56,2010-08-10 21:13:49.640,74324888.047,0.6006193544227011
6197,"[2010.0, 8.0, 11.0, 1.0, 35.0, 2.781]",4,B0047,142,6198,06198.csv,1.1906909549024802,57,2010-08-11 01:35:02.781,74340561.188,0.5953454774512401
6199,"[2010.0, 8.0, 11.0, 5.0, 54.0, 59.281]",4,B0047,144,6200,06200.csv,1.1764375730308343,58,2010-08-11 05:54:59.281,74356157.688,0.5882187865154171
6201,"[2010.0, 8.0, 11.0, 10.0, 14.0, 4.421]",4,B0047,146,6202,06202.csv,1.1628110372792353,59,2010-08-11 10:14:04.421,74371702.828,0.5814055186396176
6203,"[2010.0, 8.0, 11.0, 14.0, 32.0, 46.656]",4,B0047,148,6204,06204.csv,1.1516152840582583,60,2010-08-11 14:32:46.656,74387225.063,0.5758076420291292
6207,"[2010.0, 8.0, 12.0, 12.0, 34.0, 22.109]",4,B0047,152,6208,06208.csv,1.1583673498348623,61,2010-08-12 12:34:22.109,74466520.516,0.5791836749174312
6211,"[2010.0, 8.0, 12.0, 18.0, 4.0, 47.218]",4,B0047,156,6212,06212.csv,1.1692285288386206,62,2010-08-12 18:04:47.218,74486345.625,0.5846142644193103
6213,"[2010.0, 8.0, 12.0, 22.0, 24.0, 12.484]",4,B0047,158,6214,06214.csv,1.1588148476218465,63,2010-08-12 22:24:12.484,74501910.891,0.5794074238109232
6215,"[2010.0, 8.0, 13.0, 2.0, 42.0, 32.031]",4,B0047,160,6216,06216.csv,1.1439588147705455,64,2010-08-13 02:42:32.031,74517410.438,0.5719794073852728
6217,"[2010.0, 8.0, 13.0, 6.0, 59.0, 39.343]",4,B0047,162,6218,06218.csv,1.1383941068159398,65,2010-08-13 06:59:39.343,74532837.75,0.5691970534079699
6219,"[2010.0, 8.0, 13.0, 11.0, 16.0, 29.328]",4,B0047,164,6220,06220.csv,0.0,66,2010-08-13 11:16:29.328,74548247.735,0.0
6223,"[2010.0, 8.0, 16.0, 10.0, 57.0, 7.937]",4,B0047,168,6224,06224.csv,1.2213102850395667,67,2010-08-16 10:57:07.937,74806286.344,0.6106551425197834
6227,"[2010.0, 8.0, 16.0, 16.0, 33.0, 48.968]",4,B0047,172,6228,06228.csv,1.2031062978889062,68,2010-08-16 16:33:48.968,74826487.375,0.6015531489444531
6229,"[2010.0, 8.0, 16.0, 20.0, 54.0, 56.609]",4,B0047,174,6230,06230.csv,1.1897147112197684,69,2010-08-16 20:54:56.609,74842155.016,0.5948573556098842
6231,"[2010.0, 8.0, 17.0, 1.0, 14.0, 42.109]",4,B0047,176,6232,06232.csv,1.177422568842014,70,2010-08-17 01:14:42.109,74857740.516,0.588711284421007
6233,"[2010.0, 8.0, 17.0, 5.0, 33.0, 53.718]",4,B0047,178,6234,06234.csv,1.158443027293818,71,2010-08-17 05:33:53.718,74873292.125,0.579221513646909
6235,"[2010.0, 8.0, 17.0, 9.0, 52.0, 5.375]",4,B0047,180,6236,06236.csv,1.1567087516841796,72,2010-08-17 09:52:05.375,74888783.782,0.5783543758420898
6239,"[2010.0, 7.0, 21.0, 15.0, 0.0, 35.093]",4,B0048,0,6240,06240.csv,1.6579955793677608,1,2010-07-21 15:00:35.093,72574493.5,0.8289977896838804
6243,"[2010.0, 7.0, 21.0, 21.0, 2.0, 56.984]",4,B0048,4,6244,06244.csv,1.5076933476098775,2,2010-07-21 21:02:56.984,72596235.391,0.7538466738049387
6245,"[2010.0, 7.0, 22.0, 1.0, 40.0, 6.218]",4,B0048,6,6246,06246.csv,1.4989223343608031,3,2010-07-22 01:40:06.218,72612864.625,0.7494611671804016
6247,"[2010.0, 7.0, 22.0, 6.0, 16.0, 21.781]",4,B0048,8,6248,06248.csv,1.4782919502497789,4,2010-07-22 06:16:21.781,72629440.188,0.7391459751248894
6249,"[2010.0, 7.0, 22.0, 10.0, 51.0, 48.203]",4,B0048,10,6250,06250.csv,1.461856891390611,5,2010-07-22 10:51:48.203,72645966.61,0.7309284456953055
6251,"[2010.0, 7.0, 22.0, 15.0, 26.0, 29.359]",4,B0048,12,6252,06252.csv,1.4509592706473475,6,2010-07-22 15:26:29.359,72662447.766,0.7254796353236738
6255,"[2010.0, 7.0, 23.0, 9.0, 59.0, 8.718]",4,B0048,16,6256,06256.csv,1.451746997147108,7,2010-07-23 09:59:08.718,72729207.125,0.7258734985735541
6259,"[2010.0, 7.0, 23.0, 15.0, 44.0, 51.671]",4,B0048,20,6260,06260.csv,1.444392866287476,8,2010-07-23 15:44:51.671,72749950.078,0.7221964331437379
6261,"[2010.0, 7.0, 23.0, 20.0, 19.0, 2.359]",4,B0048,22,6262,06262.csv,1.432738323965376,9,2010-07-23 20:19:02.359,72766400.766,0.716369161982688
6263,"[2010.0, 7.0, 24.0, 0.0, 52.0, 14.625]",4,B0048,24,6264,06264.csv,1.417241201438662,10,2010-07-24 00:52:14.625,72782793.032,0.708620600719331
6265,"[2010.0, 7.0, 24.0, 5.0, 24.0, 46.453]",4,B0048,26,6266,06266.csv,1.4057559944573452,11,2010-07-24 05:24:46.453,72799144.86,0.7028779972286726
6267,"[2010.0, 7.0, 24.0, 9.0, 56.0, 39.0]",4,B0048,28,6268,06268.csv,1.3902706269897065,12,2010-07-24 09:56:39.000,72815457.407,0.6951353134948532
6271,"[2010.0, 7.0, 27.0, 16.0, 12.0, 5.718]",4,B0048,32,6272,06272.csv,1.4196659307880326,13,2010-07-27 16:12:05.718,73097184.125,0.7098329653940163
6275,"[2010.0, 7.0, 27.0, 21.0, 56.0, 24.312]",4,B0048,36,6276,06276.csv,1.4190563985232272,14,2010-07-27 21:56:24.312,73117842.719,0.7095281992616136
6277,"[2010.0, 7.0, 28.0, 2.0, 29.0, 37.343]",4,B0048,38,6278,06278.csv,1.404272356704056,15,2010-07-28 02:29:37.343,73134235.75,0.702136178352028
6279,"[2010.0, 7.0, 28.0, 7.0, 1.0, 57.687]",4,B0048,40,6280,06280.csv,1.3916140490958342,16,2010-07-28 07:01:57.687,73150576.094,0.6958070245479171
6281,"[2010.0, 7.0, 28.0, 11.0, 33.0, 1.828]",4,B0048,42,6282,06282.csv,1.3749618350294734,17,2010-07-28 11:33:01.828,73166840.235,0.6874809175147366
6283,"[2010.0, 7.0, 28.0, 16.0, 3.0, 39.015]",4,B0048,44,6284,06284.csv,1.3545155713071164,18,2010-07-28 16:03:39.015,73183077.422,0.6772577856535582
6287,"[2010.0, 7.0, 28.0, 21.0, 45.0, 15.5]",4,B0048,48,6288,06288.csv,1.3440223073315984,19,2010-07-28 21:45:15.500,73203573.907,0.6720111536657992
6289,"[2010.0, 7.0, 29.0, 2.0, 14.0, 29.703]",4,B0048,50,6290,06290.csv,0.0,20,2010-07-29 02:14:29.703,73219728.11,0.0
6291,"[2010.0, 7.0, 29.0, 5.0, 57.0, 18.515]",4,B0048,52,6292,06292.csv,1.372384475860572,21,2010-07-29 05:57:18.515,73233096.922,0.686192237930286
6293,"[2010.0, 7.0, 29.0, 10.0, 29.0, 29.765]",4,B0048,54,6294,06294.csv,1.318410575267441,22,2010-07-29 10:29:29.765,73249428.172,0.6592052876337207
6295,"[2010.0, 7.0, 29.0, 14.0, 57.0, 39.921]",4,B0048,56,6296,06296.csv,1.3112727599578604,23,2010-07-29 14:57:39.921,73265518.328,0.6556363799789302
6299,"[2010.0, 7.0, 29.0, 20.0, 36.0, 49.093]",4,B0048,60,6300,06300.csv,1.2970172419001187,24,2010-07-29 20:36:49.093,73285867.5,0.6485086209500593
6301,"[2010.0, 7.0, 30.0, 1.0, 3.0, 48.203]",4,B0048,62,6302,06302.csv,1.2995219526631718,25,2010-07-30 01:03:48.203,73301886.61,0.6497609763315859
6303,"[2010.0, 7.0, 30.0, 5.0, 30.0, 13.453]",4,B0048,64,6304,06304.csv,1.2826154066729571,26,2010-07-30 05:30:13.453,73317871.86,0.6413077033364786
6305,"[2010.0, 7.0, 30.0, 9.0, 56.0, 7.796]",4,B0048,66,6306,06306.csv,1.2752890152407,27,2010-07-30 09:56:07.796,73333826.203,0.63764450762035
6307,"[2010.0, 7.0, 30.0, 14.0, 21.0, 3.875]",4,B0048,68,6308,06308.csv,1.2735572473264072,28,2010-07-30 14:21:03.875,73349722.282,0.6367786236632036
6311,"[2010.0, 7.0, 30.0, 19.0, 57.0, 28.859]",4,B0048,72,6312,06312.csv,1.2594114333938535,29,2010-07-30 19:57:28.859,73369907.266,0.6297057166969268
6313,"[2010.0, 7.0, 31.0, 0.0, 21.0, 41.812]",4,B0048,74,6314,06314.csv,1.2631632585495876,30,2010-07-31 00:21:41.812,73385760.219,0.6315816292747938
6315,"[2010.0, 7.0, 31.0, 4.0, 45.0, 24.171]",4,B0048,76,6316,06316.csv,1.2491717310136363,31,2010-07-31 04:45:24.171,73401582.578,0.6245858655068182
6317,"[2010.0, 7.0, 31.0, 9.0, 8.0, 38.406]",4,B0048,78,6318,06318.csv,1.233984347835307,32,2010-07-31 09:08:38.406,73417376.813,0.6169921739176535
6319,"[2010.0, 7.0, 31.0, 13.0, 31.0, 7.296]",4,B0048,80,6320,06320.csv,1.240031992028868,33,2010-07-31 13:31:07.296,73433125.703,0.620015996014434
6323,"[2010.0, 8.0, 3.0, 15.0, 52.0, 53.046]",4,B0048,84,6324,06324.csv,1.30370857198071,34,2010-08-03 15:52:53.046,73700831.453,0.651854285990355
6327,"[2010.0, 8.0, 3.0, 21.0, 29.0, 43.953]",4,B0048,88,6328,06328.csv,1.315055963470538,35,2010-08-03 21:29:43.953,73721042.36,0.6575279817352692
6329,"[2010.0, 8.0, 4.0, 1.0, 56.0, 12.734]",4,B0048,90,6330,06330.csv,1.2888738300982074,36,2010-08-04 01:56:12.734,73737031.141,0.6444369150491037
6331,"[2010.0, 8.0, 4.0, 6.0, 20.0, 57.078]",4,B0048,92,6332,06332.csv,1.2877137595885193,37,2010-08-04 06:20:57.078,73752915.485,0.6438568797942597
6333,"[2010.0, 8.0, 4.0, 10.0, 44.0, 49.39]",4,B0048,94,6334,06334.csv,1.2673379985315465,38,2010-08-04 10:44:49.390,73768747.797,0.6336689992657732
6335,"[2010.0, 8.0, 4.0, 15.0, 7.0, 58.828]",4,B0048,96,6336,06336.csv,1.250594345697306,39,2010-08-04 15:07:58.828,73784537.235,0.625297172848653
6339,"[2010.0, 8.0, 4.0, 20.0, 41.0, 59.5]",4,B0048,100,6340,06340.csv,1.2487131179395878,40,2010-08-04 20:41:59.500,73804577.907,0.6243565589697939
6341,"[2010.0, 8.0, 5.0, 1.0, 4.0, 3.312]",4,B0048,102,6342,06342.csv,1.248002326082933,41,2010-08-05 01:04:03.312,73820301.719,0.6240011630414665
6343,"[2010.0, 8.0, 5.0, 5.0, 25.0, 7.906]",4,B0048,104,6344,06344.csv,1.2300895244599586,42,2010-08-05 05:25:07.906,73835966.313,0.6150447622299793
6345,"[2010.0, 8.0, 5.0, 9.0, 45.0, 36.39]",4,B0048,106,6346,06346.csv,1.2244197121500937,43,2010-08-05 09:45:36.390,73851594.797,0.6122098560750469
6347,"[2010.0, 8.0, 5.0, 14.0, 5.0, 44.828]",4,B0048,108,6348,06348.csv,1.2186682845116386,44,2010-08-05 14:05:44.828,73867203.235,0.6093341422558193
6351,"[2010.0, 8.0, 5.0, 19.0, 37.0, 8.125]",4,B0048,112,6352,06352.csv,1.2037865236033616,45,2010-08-05 19:37:08.125,73887086.532,0.6018932618016808
6353,"[2010.0, 8.0, 5.0, 23.0, 56.0, 22.437]",4,B0048,114,6354,06354.csv,1.1947642300832226,46,2010-08-05 23:56:22.437,73902640.844,0.5973821150416113
6355,"[2010.0, 8.0, 6.0, 4.0, 15.0, 3.234]",4,B0048,116,6356,06356.csv,1.2052091893871495,47,2010-08-06 04:15:03.234,73918161.641,0.6026045946935747
6357,"[2010.0, 8.0, 6.0, 8.0, 33.0, 24.75]",4,B0048,118,6358,06358.csv,1.1955746593628465,48,2010-08-06 08:33:24.750,73933663.157,0.5977873296814232
6359,"[2010.0, 8.0, 6.0, 12.0, 51.0, 21.0]",4,B0048,120,6360,06360.csv,1.1888497102149884,49,2010-08-06 12:51:21.000,73949139.407,0.5944248551074942
6363,"[2010.0, 8.0, 6.0, 18.0, 20.0, 37.375]",4,B0048,124,6364,06364.csv,1.1915605250807406,50,2010-08-06 18:20:37.375,73968895.782,0.5957802625403703
6365,"[2010.0, 8.0, 6.0, 22.0, 37.0, 51.968]",4,B0048,126,6366,06366.csv,1.1726587153109655,51,2010-08-06 22:37:51.968,73984330.375,0.5863293576554828
6367,"[2010.0, 8.0, 7.0, 2.0, 54.0, 46.296]",4,B0048,128,6368,06368.csv,1.1841133872494156,52,2010-08-07 02:54:46.296,73999744.703,0.5920566936247078
6369,"[2010.0, 8.0, 7.0, 7.0, 11.0, 8.671]",4,B0048,130,6370,06370.csv,1.1576825122317769,53,2010-08-07 07:11:08.671,74015127.078,0.5788412561158884
6371,"[2010.0, 8.0, 7.0, 11.0, 26.0, 50.984]",4,B0048,132,6372,06372.csv,0.0,54,2010-08-07 11:26:50.984,74030469.391,0.0
6375,"[2010.0, 8.0, 10.0, 15.0, 39.0, 28.921]",4,B0048,136,6376,06376.csv,1.259355851168598,55,2010-08-10 15:39:28.921,74304827.328,0.6296779255842991
6379,"[2010.0, 8.0, 10.0, 21.0, 13.0, 49.64]",4,B0048,140,6380,06380.csv,1.265883375278026,56,2010-08-10 21:13:49.640,74324888.047,0.6329416876390129
6381,"[2010.0, 8.0, 11.0, 1.0, 35.0, 2.781]",4,B0048,142,6382,06382.csv,1.247259867318412,57,2010-08-11 01:35:02.781,74340561.188,0.623629933659206
6383,"[2010.0, 8.0, 11.0, 5.0, 54.0, 59.281]",4,B0048,144,6384,06384.csv,1.232808747256218,58,2010-08-11 05:54:59.281,74356157.688,0.616404373628109
6385,"[2010.0, 8.0, 11.0, 10.0, 14.0, 4.421]",4,B0048,146,6386,06386.csv,1.2319592783041904,59,2010-08-11 10:14:04.421,74371702.828,0.6159796391520952
6387,"[2010.0, 8.0, 11.0, 14.0, 32.0, 46.656]",4,B0048,148,6388,06388.csv,1.220785786262778,60,2010-08-11 14:32:46.656,74387225.063,0.610392893131389
6391,"[2010.0, 8.0, 12.0, 12.0, 34.0, 22.109]",4,B0048,152,6392,06392.csv,1.2275441303266783,61,2010-08-12 12:34:22.109,74466520.516,0.6137720651633392
6395,"[2010.0, 8.0, 12.0, 18.0, 4.0, 47.218]",4,B0048,156,6396,06396.csv,1.2386788414290355,62,2010-08-12 18:04:47.218,74486345.625,0.6193394207145178
6397,"[2010.0, 8.0, 12.0, 22.0, 24.0, 12.484]",4,B0048,158,6398,06398.csv,1.2283577755407058,63,2010-08-12 22:24:12.484,74501910.891,0.6141788877703529
6399,"[2010.0, 8.0, 13.0, 2.0, 42.0, 32.031]",4,B0048,160,6400,06400.csv,1.2095481507570451,64,2010-08-13 02:42:32.031,74517410.438,0.6047740753785226
6401,"[2010.0, 8.0, 13.0, 6.0, 59.0, 39.343]",4,B0048,162,6402,06402.csv,1.2082142070681048,65,2010-08-13 06:59:39.343,74532837.75,0.6041071035340524
6403,"[2010.0, 8.0, 13.0, 11.0, 16.0, 29.328]",4,B0048,164,6404,06404.csv,0.0,66,2010-08-13 11:16:29.328,74548247.735,0.0
6407,"[2010.0, 8.0, 16.0, 10.0, 57.0, 7.937]",4,B0048,168,6408,06408.csv,1.2998734542832149,67,2010-08-16 10:57:07.937,74806286.344,0.6499367271416073
6411,"[2010.0, 8.0, 16.0, 16.0, 33.0, 48.968]",4,B0048,172,6412,06412.csv,1.2691220651743778,68,2010-08-16 16:33:48.968,74826487.375,0.6345610325871889
6413,"[2010.0, 8.0, 16.0, 20.0, 54.0, 56.609]",4,B0048,174,6414,06414.csv,1.2555144634690785,69,2010-08-16 20:54:56.609,74842155.016,0.6277572317345392
6415,"[2010.0, 8.0, 17.0, 1.0, 14.0, 42.109]",4,B0048,176,6416,06416.csv,1.2519876926897655,70,2010-08-17 01:14:42.109,74857740.516,0.6259938463448828
6417,"[2010.0, 8.0, 17.0, 5.0, 33.0, 53.718]",4,B0048,178,6418,06418.csv,1.2374982003019996,71,2010-08-17 05:33:53.718,74873292.125,0.6187491001509999
6419,"[2010.0, 8.0, 17.0, 9.0, 52.0, 5.375]",4,B0048,180,6420,06420.csv,1.2231273969878986,72,2010-08-17 09:52:05.375,74888783.782,0.6115636984939493
6423,"[2010.0, 9.0, 17.0, 15.0, 17.0, 48.765]",4,B0053,0,6424,06424.csv,1.06914178861943,1,2010-09-17 15:17:48.765,77586727.172,0.534570894309715
6427,"[2010.0, 9.0, 17.0, 20.0, 11.0, 19.796]",4,B0053,4,6428,06428.csv,1.1540727934432229,2,2010-09-17 20:11:19.796,77604338.203,0.5770363967216114
6429,"[2010.0, 9.0, 17.0, 23.0, 56.0, 44.39]",4,B0053,6,6430,06430.csv,1.1501525413826983,3,2010-09-17 23:56:44.390,77617862.797,0.5750762706913491
6431,"[2010.0, 9.0, 18.0, 3.0, 41.0, 26.687]",4,B0053,8,6432,06432.csv,1.1305863853936766,4,2010-09-18 03:41:26.687,77631345.094,0.5652931926968383
6433,"[2010.0, 9.0, 18.0, 7.0, 25.0, 38.64]",4,B0053,10,6434,06434.csv,1.121790272357562,5,2010-09-18 07:25:38.640,77644797.047,0.560895136178781
6435,"[2010.0, 9.0, 18.0, 11.0, 9.0, 35.656]",4,B0053,12,6436,06436.csv,1.1135982401443856,6,2010-09-18 11:09:35.656,77658234.063,0.5567991200721928
6439,"[2010.0, 9.0, 18.0, 16.0, 5.0, 6.281]",4,B0053,16,6440,06440.csv,1.0864654057095062,7,2010-09-18 16:05:06.281,77675964.688,0.5432327028547531
6441,"[2010.0, 9.0, 18.0, 19.0, 49.0, 23.328]",4,B0053,18,6442,06442.csv,1.0647493568993147,8,2010-09-18 19:49:23.328,77689421.735,0.5323746784496574
6443,"[2010.0, 9.0, 18.0, 23.0, 33.0, 26.125]",4,B0053,20,6444,06444.csv,1.0809288094959644,9,2010-09-18 23:33:26.125,77702864.532,0.5404644047479822
6445,"[2010.0, 9.0, 19.0, 3.0, 17.0, 11.312]",4,B0053,22,6446,06446.csv,1.0852752041846463,10,2010-09-19 03:17:11.312,77716289.719,0.5426376020923233
6447,"[2010.0, 9.0, 19.0, 7.0, 0.0, 37.453]",4,B0053,24,6448,06448.csv,1.0504799933740894,11,2010-09-19 07:00:37.453,77729695.86,0.5252399966870447
6451,"[2010.0, 9.0, 19.0, 11.0, 55.0, 48.484]",4,B0053,28,6452,06452.csv,1.0853550177054303,12,2010-09-19 11:55:48.484,77747406.891,0.5426775088527152
6453,"[2010.0, 9.0, 19.0, 15.0, 38.0, 44.765]",4,B0053,30,6454,06454.csv,1.0508395690790722,13,2010-09-19 15:38:44.765,77760783.172,0.5254197845395361
6455,"[2010.0, 9.0, 19.0, 19.0, 22.0, 11.656]",4,B0053,32,6456,06456.csv,1.060906788333118,14,2010-09-19 19:22:11.656,77774190.063,0.530453394166559
6457,"[2010.0, 9.0, 19.0, 23.0, 5.0, 17.437]",4,B0053,34,6458,06458.csv,1.070582461063814,15,2010-09-19 23:05:17.437,77787575.844,0.535291230531907
6459,"[2010.0, 9.0, 20.0, 2.0, 48.0, 11.609]",4,B0053,36,6460,06460.csv,1.024036665663697,16,2010-09-20 02:48:11.609,77800950.016,0.5120183328318485
6463,"[2010.0, 9.0, 20.0, 7.0, 42.0, 50.203]",4,B0053,40,6464,06464.csv,1.0670957253433857,17,2010-09-20 07:42:50.203,77818628.61,0.5335478626716929
6465,"[2010.0, 9.0, 20.0, 11.0, 25.0, 31.156]",4,B0053,42,6466,06466.csv,1.0279237850447498,18,2010-09-20 11:25:31.156,77831989.563,0.5139618925223749
6467,"[2010.0, 9.0, 20.0, 15.0, 8.0, 29.703]",4,B0053,44,6468,06468.csv,1.0325426399701008,19,2010-09-20 15:08:29.703,77845368.11,0.5162713199850504
6469,"[2010.0, 9.0, 20.0, 18.0, 51.0, 21.781]",4,B0053,46,6470,06470.csv,1.055948784653705,20,2010-09-20 18:51:21.781,77858740.188,0.5279743923268525
6471,"[2010.0, 9.0, 20.0, 22.0, 33.0, 25.109]",4,B0053,48,6472,06472.csv,1.0445313831308718,21,2010-09-20 22:33:25.109,77872063.516,0.5222656915654359
6475,"[2010.0, 9.0, 21.0, 16.0, 21.0, 5.187]",4,B0053,52,6476,06476.csv,1.035313906812183,22,2010-09-21 16:21:05.187,77936123.594,0.5176569534060916
6479,"[2010.0, 9.0, 21.0, 21.0, 16.0, 13.531]",4,B0053,56,6480,06480.csv,1.076341053101982,23,2010-09-21 21:16:13.531,77953831.938,0.538170526550991
6481,"[2010.0, 9.0, 22.0, 0.0, 59.0, 48.89]",4,B0053,58,6482,06482.csv,1.0352223140423542,24,2010-09-22 00:59:48.890,77967247.297,0.5176111570211771
6483,"[2010.0, 9.0, 22.0, 4.0, 42.0, 50.281]",4,B0053,60,6484,06484.csv,1.0514287056908256,25,2010-09-22 04:42:50.281,77980628.688,0.5257143528454128
6485,"[2010.0, 9.0, 22.0, 8.0, 25.0, 42.578]",4,B0053,62,6486,06486.csv,1.060332934638968,26,2010-09-22 08:25:42.578,77994000.985,0.530166467319484
6487,"[2010.0, 9.0, 22.0, 12.0, 7.0, 52.0]",4,B0053,64,6488,06488.csv,1.0236966462748538,27,2010-09-22 12:07:52.000,78007330.407,0.5118483231374269
6491,"[2010.0, 9.0, 22.0, 17.0, 2.0, 11.859]",4,B0053,68,6492,06492.csv,1.0465884668750889,28,2010-09-22 17:02:11.859,78024990.266,0.5232942334375444
6493,"[2010.0, 9.0, 22.0, 20.0, 44.0, 38.687]",4,B0053,70,6494,06494.csv,1.0031121684812232,29,2010-09-22 20:44:38.687,78038337.094,0.5015560842406116
6495,"[2010.0, 9.0, 23.0, 0.0, 27.0, 12.937]",4,B0053,72,6496,06496.csv,1.0461578935615607,30,2010-09-23 00:27:12.937,78051691.344,0.5230789467807804
6497,"[2010.0, 9.0, 23.0, 4.0, 9.0, 8.968]",4,B0053,74,6498,06498.csv,1.0156263513525603,31,2010-09-23 04:09:08.968,78065007.375,0.5078131756762801
6499,"[2010.0, 9.0, 23.0, 7.0, 51.0, 17.218]",4,B0053,76,6500,06500.csv,1.0250054893129452,32,2010-09-23 07:51:17.218,78078335.625,0.5125027446564726
6503,"[2010.0, 9.0, 23.0, 12.0, 44.0, 52.046]",4,B0053,80,6504,06504.csv,0.9801331625592912,33,2010-09-23 12:44:52.046,78095950.453,0.49006658127964564
6505,"[2010.0, 9.0, 23.0, 16.0, 27.0, 6.734]",4,B0053,82,6506,06506.csv,1.036777776420363,34,2010-09-23 16:27:06.734,78109285.141,0.5183888882101815
6507,"[2010.0, 9.0, 23.0, 20.0, 8.0, 35.109]",4,B0053,84,6508,06508.csv,1.026830062058722,35,2010-09-23 20:08:35.109,78122573.516,0.513415031029361
6509,"[2010.0, 9.0, 23.0, 23.0, 50.0, 11.265]",4,B0053,86,6510,06510.csv,1.0150379662805102,36,2010-09-23 23:50:11.265,78135869.672,0.5075189831402551
6511,"[2010.0, 9.0, 24.0, 3.0, 31.0, 49.968]",4,B0053,88,6512,06512.csv,0.9904614739486176,37,2010-09-24 03:31:49.968,78149168.375,0.4952307369743088
6515,"[2010.0, 9.0, 24.0, 8.0, 25.0, 18.515]",4,B0053,92,6516,06516.csv,1.0145765174582757,38,2010-09-24 08:25:18.515,78166776.922,0.5072882587291379
6517,"[2010.0, 9.0, 24.0, 12.0, 7.0, 3.171]",4,B0053,94,6518,06518.csv,0.9811308944080388,39,2010-09-24 12:07:03.171,78180081.578,0.4905654472040194
6519,"[2010.0, 9.0, 24.0, 15.0, 48.0, 49.406]",4,B0053,96,6520,06520.csv,1.0041687429386437,40,2010-09-24 15:48:49.406,78193387.813,0.5020843714693217
6521,"[2010.0, 9.0, 24.0, 19.0, 30.0, 22.281]",4,B0053,98,6522,06522.csv,1.007820487960787,41,2010-09-24 19:30:22.281,78206680.688,0.5039102439803935
6523,"[2010.0, 9.0, 24.0, 23.0, 11.0, 34.281]",4,B0053,100,6524,06524.csv,0.982454133084564,42,2010-09-24 23:11:34.281,78219952.688,0.49122706654228204
6527,"[2010.0, 9.0, 28.0, 11.0, 41.0, 33.437]",4,B0053,104,6528,06528.csv,1.1096775355538029,43,2010-09-28 11:41:33.437,78524151.844,0.5548387677769014
6531,"[2010.0, 9.0, 28.0, 16.0, 37.0, 32.109]",4,B0053,108,6532,06532.csv,1.1136801589914762,44,2010-09-28 16:37:32.109,78541910.516,0.5568400794957381
6533,"[2010.0, 9.0, 28.0, 20.0, 21.0, 33.968]",4,B0053,110,6534,06534.csv,1.0385009100572404,45,2010-09-28 20:21:33.968,78555352.375,0.5192504550286202
6535,"[2010.0, 9.0, 29.0, 0.0, 5.0, 26.906]",4,B0053,112,6536,06536.csv,1.0768815902180078,46,2010-09-29 00:05:26.906,78568785.313,0.5384407951090039
6537,"[2010.0, 9.0, 29.0, 3.0, 48.0, 21.015]",4,B0053,114,6538,06538.csv,1.0721705505837382,47,2010-09-29 03:48:21.015,78582159.422,0.5360852752918691
6539,"[2010.0, 9.0, 29.0, 7.0, 31.0, 12.015]",4,B0053,116,6540,06540.csv,1.0124588999851116,48,2010-09-29 07:31:12.015,78595530.422,0.5062294499925558
6543,"[2010.0, 9.0, 29.0, 12.0, 25.0, 41.906]",4,B0053,120,6544,06544.csv,1.0279944857549583,49,2010-09-29 12:25:41.906,78613200.313,0.5139972428774793
6545,"[2010.0, 9.0, 29.0, 16.0, 8.0, 13.421]",4,B0053,122,6546,06546.csv,1.0304147279049998,50,2010-09-29 16:08:13.421,78626551.828,0.5152073639524999
6547,"[2010.0, 9.0, 29.0, 19.0, 50.0, 59.781]",4,B0053,124,6548,06548.csv,1.0556163273995052,51,2010-09-29 19:50:59.781,78639918.188,0.5278081636997526
6549,"[2010.0, 9.0, 29.0, 23.0, 33.0, 0.89]",4,B0053,126,6550,06550.csv,1.0011115418162628,52,2010-09-29 23:33:00.890,78653239.297,0.5005557709081314
6551,"[2010.0, 9.0, 30.0, 3.0, 15.0, 20.437]",4,B0053,128,6552,06552.csv,1.0466839215498662,53,2010-09-30 03:15:20.437,78666578.844,0.5233419607749331
6555,"[2010.0, 9.0, 30.0, 8.0, 8.0, 36.328]",4,B0053,132,6556,06556.csv,1.047181656018543,54,2010-09-30 08:08:36.328,78684174.735,0.5235908280092715
6557,"[2010.0, 9.0, 30.0, 11.0, 50.0, 17.687]",4,B0053,134,6558,06558.csv,1.0102740078425778,55,2010-09-30 11:50:17.687,78697476.094,0.5051370039212889
6559,"[2010.0, 9.0, 30.0, 15.0, 32.0, 33.078]",4,B0053,136,6560,06560.csv,0.0,56,2010-09-30 15:32:33.078,78710811.485,0.0
6560,"[2010.0, 9.0, 3.0, 12.0, 10.0, 27.156]",4,B0054,0,6561,06561.csv,0.7399351039859233,1,2010-09-03 12:10:27.156,76365885.563,0.36996755199296166
6564,"[2010.0, 9.0, 3.0, 17.0, 8.0, 51.656]",4,B0054,4,6565,06565.csv,1.1665440238116096,2,2010-09-03 17:08:51.656,76383790.063,0.5832720119058048
6566,"[2010.0, 9.0, 3.0, 20.0, 58.0, 26.281]",4,B0054,6,6567,06567.csv,1.1052521456138635,3,2010-09-03 20:58:26.281,76397564.688,0.5526260728069318
6568,"[2010.0, 9.0, 4.0, 0.0, 47.0, 52.687]",4,B0054,8,6569,06569.csv,1.0960302257185877,4,2010-09-04 00:47:52.687,76411331.094,0.5480151128592938
6570,"[2010.0, 9.0, 4.0, 4.0, 35.0, 34.64]",4,B0054,10,6571,06571.csv,1.0754450685609742,5,2010-09-04 04:35:34.640,76424993.047,0.5377225342804872
6572,"[2010.0, 9.0, 4.0, 8.0, 24.0, 28.609]",4,B0054,12,6573,06573.csv,1.0655493528023796,6,2010-09-04 08:24:28.609,76438727.016,0.5327746764011898
6576,"[2010.0, 9.0, 4.0, 13.0, 22.0, 53.125]",4,B0054,16,6577,06577.csv,1.0568368579972396,7,2010-09-04 13:22:53.125,76456631.532,0.5284184289986198
6578,"[2010.0, 9.0, 4.0, 17.0, 7.0, 33.062]",4,B0054,18,6579,06579.csv,1.0449064445364842,8,2010-09-04 17:07:33.062,76470111.469,0.5224532222682421
6580,"[2010.0, 9.0, 4.0, 20.0, 50.0, 47.984]",4,B0054,20,6581,06581.csv,1.0458363976936966,9,2010-09-04 20:50:47.984,76483506.391,0.5229181988468483
6582,"[2010.0, 9.0, 5.0, 0.0, 38.0, 30.421]",4,B0054,22,6583,06583.csv,1.018187920878015,10,2010-09-05 00:38:30.421,76497168.828,0.5090939604390075
6584,"[2010.0, 9.0, 5.0, 4.0, 25.0, 36.515]",4,B0054,24,6585,06585.csv,1.0226409233672231,11,2010-09-05 04:25:36.515,76510794.922,0.5113204616836116
6588,"[2010.0, 9.0, 5.0, 9.0, 19.0, 29.796]",4,B0054,28,6589,06589.csv,1.03890961861509,12,2010-09-05 09:19:29.796,76528428.203,0.519454809307545
6590,"[2010.0, 9.0, 5.0, 13.0, 6.0, 35.671]",4,B0054,30,6591,06591.csv,1.0173250354350074,13,2010-09-05 13:06:35.671,76542054.078,0.5086625177175037
6592,"[2010.0, 9.0, 5.0, 16.0, 52.0, 47.406]",4,B0054,32,6593,06593.csv,1.033183911994548,14,2010-09-05 16:52:47.406,76555625.813,0.5165919559972741
6594,"[2010.0, 9.0, 5.0, 20.0, 39.0, 20.328]",4,B0054,34,6595,06595.csv,1.0095232119739597,15,2010-09-05 20:39:20.328,76569218.735,0.5047616059869798
6596,"[2010.0, 9.0, 6.0, 0.0, 25.0, 33.421]",4,B0054,36,6597,06597.csv,0.9862483259626476,16,2010-09-06 00:25:33.421,76582791.828,0.4931241629813238
6600,"[2010.0, 9.0, 6.0, 5.0, 23.0, 13.75]",4,B0054,40,6601,06601.csv,1.0080048320000436,17,2010-09-06 05:23:13.750,76600652.157,0.5040024160000218
6602,"[2010.0, 9.0, 6.0, 9.0, 8.0, 34.203]",4,B0054,42,6603,06603.csv,1.0153387761254196,18,2010-09-06 09:08:34.203,76614172.61,0.5076693880627098
6604,"[2010.0, 9.0, 6.0, 12.0, 53.0, 22.312]",4,B0054,44,6605,06605.csv,1.0106786853355956,19,2010-09-06 12:53:22.312,76627660.719,0.5053393426677978
6606,"[2010.0, 9.0, 6.0, 16.0, 38.0, 35.375]",4,B0054,46,6607,06607.csv,1.010409656585336,20,2010-09-06 16:38:35.375,76641173.782,0.505204828292668
6608,"[2010.0, 9.0, 6.0, 20.0, 24.0, 10.25]",4,B0054,48,6609,06609.csv,0.9801433323963482,21,2010-09-06 20:24:10.250,76654708.657,0.4900716661981741
6612,"[2010.0, 9.0, 9.0, 16.0, 2.0, 55.593]",4,B0054,52,6613,06613.csv,1.1016641723624383,22,2010-09-09 16:02:55.593,76898234.0,0.5508320861812193
6616,"[2010.0, 9.0, 9.0, 21.0, 2.0, 0.109]",4,B0054,56,6617,06617.csv,1.0826512239001271,23,2010-09-09 21:02:00.109,76916178.516,0.5413256119500636
6618,"[2010.0, 9.0, 10.0, 0.0, 49.0, 20.093]",4,B0054,58,6619,06619.csv,1.0575008387868343,24,2010-09-10 00:49:20.093,76929818.5,0.5287504193934172
6620,"[2010.0, 9.0, 10.0, 4.0, 36.0, 5.546]",4,B0054,60,6621,06621.csv,1.0385517331615322,25,2010-09-10 04:36:05.546,76943423.953,0.5192758665807661
6622,"[2010.0, 9.0, 10.0, 8.0, 21.0, 56.953]",4,B0054,62,6623,06623.csv,1.0073294901291132,26,2010-09-10 08:21:56.953,76956975.36,0.5036647450645566
6624,"[2010.0, 9.0, 10.0, 12.0, 7.0, 58.578]",4,B0054,64,6625,06625.csv,1.0160400308540347,27,2010-09-10 12:07:58.578,76970536.985,0.5080200154270174
6628,"[2010.0, 9.0, 10.0, 17.0, 5.0, 18.031]",4,B0054,68,6629,06629.csv,1.0158319636440951,28,2010-09-10 17:05:18.031,76988376.438,0.5079159818220476
6630,"[2010.0, 9.0, 10.0, 20.0, 50.0, 57.921]",4,B0054,70,6631,06631.csv,1.0015383803216271,29,2010-09-10 20:50:57.921,77001916.328,0.5007691901608137
6632,"[2010.0, 9.0, 11.0, 0.0, 36.0, 11.406]",4,B0054,72,6633,06633.csv,0.981248861591824,30,2010-09-11 00:36:11.406,77015429.813,0.490624430795912
6634,"[2010.0, 9.0, 11.0, 4.0, 20.0, 54.625]",4,B0054,74,6635,06635.csv,0.9987416030110134,31,2010-09-11 04:20:54.625,77028913.032,0.4993708015055067
6636,"[2010.0, 9.0, 11.0, 8.0, 5.0, 50.875]",4,B0054,76,6637,06637.csv,0.9584014230949642,32,2010-09-11 08:05:50.875,77042409.282,0.47920071154748206
6640,"[2010.0, 9.0, 11.0, 13.0, 2.0, 19.546]",4,B0054,80,6641,06641.csv,0.9800846133894624,33,2010-09-11 13:02:19.546,77060197.953,0.49004230669473114
6642,"[2010.0, 9.0, 11.0, 16.0, 46.0, 28.437]",4,B0054,82,6643,06643.csv,0.9720372198962766,34,2010-09-11 16:46:28.437,77073646.844,0.48601860994813834
6644,"[2010.0, 9.0, 11.0, 20.0, 31.0, 10.015]",4,B0054,84,6645,06645.csv,0.9693202807518412,35,2010-09-11 20:31:10.015,77087128.422,0.4846601403759206
6646,"[2010.0, 9.0, 12.0, 0.0, 15.0, 17.875]",4,B0054,86,6647,06647.csv,0.9479786388506264,36,2010-09-12 00:15:17.875,77100576.282,0.4739893194253132
6648,"[2010.0, 9.0, 12.0, 3.0, 59.0, 48.265]",4,B0054,88,6649,06649.csv,0.9638519569071228,37,2010-09-12 03:59:48.265,77114046.672,0.4819259784535614
6652,"[2010.0, 9.0, 12.0, 8.0, 55.0, 6.671]",4,B0054,92,6653,06653.csv,0.9682336695484696,38,2010-09-12 08:55:06.671,77131765.078,0.4841168347742348
6654,"[2010.0, 9.0, 12.0, 12.0, 39.0, 18.218]",4,B0054,94,6655,06655.csv,0.9407020864603765,39,2010-09-12 12:39:18.218,77145216.625,0.4703510432301882
6656,"[2010.0, 9.0, 12.0, 16.0, 23.0, 34.703]",4,B0054,96,6657,06657.csv,0.9618442077038964,40,2010-09-12 16:23:34.703,77158673.11,0.4809221038519482
6658,"[2010.0, 9.0, 12.0, 20.0, 7.0, 24.765]",4,B0054,98,6659,06659.csv,0.9332340144199704,41,2010-09-12 20:07:24.765,77172103.172,0.4666170072099852
6660,"[2010.0, 9.0, 12.0, 23.0, 51.0, 17.062]",4,B0054,100,6661,06661.csv,0.9313454737145216,42,2010-09-12 23:51:17.062,77185535.469,0.4656727368572608
6664,"[2010.0, 9.0, 14.0, 12.0, 6.0, 5.296]",4,B0054,104,6665,06665.csv,0.9976429099116704,43,2010-09-14 12:06:05.296,77316023.703,0.49882145495583524
6668,"[2010.0, 9.0, 14.0, 17.0, 3.0, 4.921]",4,B0054,108,6669,06669.csv,0.9833315262972036,44,2010-09-14 17:03:04.921,77333843.328,0.4916657631486018
6670,"[2010.0, 9.0, 14.0, 20.0, 48.0, 6.968]",4,B0054,110,6671,06671.csv,0.9904370062777442,45,2010-09-14 20:48:06.968,77347345.375,0.4952185031388721
6672,"[2010.0, 9.0, 15.0, 0.0, 32.0, 54.453]",4,B0054,112,6673,06673.csv,0.9499871340436294,46,2010-09-15 00:32:54.453,77360832.86,0.4749935670218147
6674,"[2010.0, 9.0, 15.0, 4.0, 17.0, 21.781]",4,B0054,114,6675,06675.csv,0.9526027840900876,47,2010-09-15 04:17:21.781,77374300.188,0.4763013920450438
6676,"[2010.0, 9.0, 17.0, 15.0, 17.0, 48.765]",4,B0054,116,6677,06677.csv,0.8850175175465715,48,2010-09-17 15:17:48.765,77586727.172,0.44250875877328577
6680,"[2010.0, 9.0, 17.0, 20.0, 11.0, 19.796]",4,B0054,120,6681,06681.csv,0.9937402750241768,49,2010-09-17 20:11:19.796,77604338.203,0.49687013751208847
6682,"[2010.0, 9.0, 17.0, 23.0, 56.0, 44.39]",4,B0054,122,6683,06683.csv,0.995507330519279,50,2010-09-17 23:56:44.390,77617862.797,0.4977536652596395
6684,"[2010.0, 9.0, 18.0, 3.0, 41.0, 26.687]",4,B0054,124,6685,06685.csv,0.975407870968116,51,2010-09-18 03:41:26.687,77631345.094,0.487703935484058
6686,"[2010.0, 9.0, 18.0, 7.0, 25.0, 38.64]",4,B0054,126,6687,06687.csv,0.965960558373922,52,2010-09-18 07:25:38.640,77644797.047,0.482980279186961
6688,"[2010.0, 9.0, 18.0, 11.0, 9.0, 35.656]",4,B0054,128,6689,06689.csv,0.9573702621688754,53,2010-09-18 11:09:35.656,77658234.063,0.4786851310844377
6692,"[2010.0, 9.0, 18.0, 16.0, 5.0, 6.281]",4,B0054,132,6693,06693.csv,0.9294756591964932,54,2010-09-18 16:05:06.281,77675964.688,0.4647378295982466
6694,"[2010.0, 9.0, 18.0, 19.0, 49.0, 23.328]",4,B0054,134,6695,06695.csv,0.9323553879823946,55,2010-09-18 19:49:23.328,77689421.735,0.4661776939911973
6696,"[2010.0, 9.0, 18.0, 23.0, 33.0, 26.125]",4,B0054,136,6697,06697.csv,0.954568378404969,56,2010-09-18 23:33:26.125,77702864.532,0.4772841892024845
6698,"[2010.0, 9.0, 19.0, 3.0, 17.0, 11.312]",4,B0054,138,6699,06699.csv,0.9330242104372936,57,2010-09-19 03:17:11.312,77716289.719,0.4665121052186468
6700,"[2010.0, 9.0, 19.0, 7.0, 0.0, 37.453]",4,B0054,140,6701,06701.csv,0.923294184000959,58,2010-09-19 07:00:37.453,77729695.86,0.46164709200047954
6704,"[2010.0, 9.0, 19.0, 11.0, 55.0, 48.484]",4,B0054,144,6705,06705.csv,0.9257799164262976,59,2010-09-19 11:55:48.484,77747406.891,0.46288995821314877
6706,"[2010.0, 9.0, 19.0, 15.0, 38.0, 44.765]",4,B0054,146,6707,06707.csv,0.9162765793280084,60,2010-09-19 15:38:44.765,77760783.172,0.4581382896640042
6708,"[2010.0, 9.0, 19.0, 19.0, 22.0, 11.656]",4,B0054,148,6709,06709.csv,0.9387011679112468,61,2010-09-19 19:22:11.656,77774190.063,0.46935058395562346
6710,"[2010.0, 9.0, 19.0, 23.0, 5.0, 17.437]",4,B0054,150,6711,06711.csv,0.9158990586877171,62,2010-09-19 23:05:17.437,77787575.844,0.4579495293438585
6712,"[2010.0, 9.0, 20.0, 2.0, 48.0, 11.609]",4,B0054,152,6713,06713.csv,0.9202608990433788,63,2010-09-20 02:48:11.609,77800950.016,0.4601304495216894
6716,"[2010.0, 9.0, 20.0, 7.0, 42.0, 50.203]",4,B0054,156,6717,06717.csv,0.9111253917360888,64,2010-09-20 07:42:50.203,77818628.61,0.4555626958680444
6718,"[2010.0, 9.0, 20.0, 11.0, 25.0, 31.156]",4,B0054,158,6719,06719.csv,0.8980507043695345,65,2010-09-20 11:25:31.156,77831989.563,0.4490253521847672
6720,"[2010.0, 9.0, 20.0, 15.0, 8.0, 29.703]",4,B0054,160,6721,06721.csv,0.9278864624016372,66,2010-09-20 15:08:29.703,77845368.11,0.4639432312008186
6722,"[2010.0, 9.0, 20.0, 18.0, 51.0, 21.781]",4,B0054,162,6723,06723.csv,0.9118415396987224,67,2010-09-20 18:51:21.781,77858740.188,0.4559207698493612
6724,"[2010.0, 9.0, 20.0, 22.0, 33.0, 25.109]",4,B0054,164,6725,06725.csv,0.8936491649329469,68,2010-09-20 22:33:25.109,77872063.516,0.44682458246647344
6728,"[2010.0, 9.0, 21.0, 16.0, 21.0, 5.187]",4,B0054,168,6729,06729.csv,0.9100864492604256,69,2010-09-21 16:21:05.187,77936123.594,0.4550432246302128
6732,"[2010.0, 9.0, 21.0, 21.0, 16.0, 13.531]",4,B0054,172,6733,06733.csv,0.911490473146094,70,2010-09-21 21:16:13.531,77953831.938,0.455745236573047
6734,"[2010.0, 9.0, 22.0, 0.0, 59.0, 48.89]",4,B0054,174,6735,06735.csv,0.9337172811638196,71,2010-09-22 00:59:48.890,77967247.297,0.4668586405819098
6736,"[2010.0, 9.0, 22.0, 4.0, 42.0, 50.281]",4,B0054,176,6737,06737.csv,0.8981517756068776,72,2010-09-22 04:42:50.281,77980628.688,0.44907588780343877
6738,"[2010.0, 9.0, 22.0, 8.0, 25.0, 42.578]",4,B0054,178,6739,06739.csv,0.9139367135371254,73,2010-09-22 08:25:42.578,77994000.985,0.4569683567685627
6740,"[2010.0, 9.0, 22.0, 12.0, 7.0, 52.0]",4,B0054,180,6741,06741.csv,0.8764848617154279,74,2010-09-22 12:07:52.000,78007330.407,0.43824243085771397
6744,"[2010.0, 9.0, 22.0, 17.0, 2.0, 11.859]",4,B0054,184,6745,06745.csv,0.8854917958581964,75,2010-09-22 17:02:11.859,78024990.266,0.44274589792909824
6746,"[2010.0, 9.0, 22.0, 20.0, 44.0, 38.687]",4,B0054,186,6747,06747.csv,0.8819074622846708,76,2010-09-22 20:44:38.687,78038337.094,0.4409537311423354
6748,"[2010.0, 9.0, 23.0, 0.0, 27.0, 12.937]",4,B0054,188,6749,06749.csv,0.9045809105944796,77,2010-09-23 00:27:12.937,78051691.344,0.4522904552972398
6750,"[2010.0, 9.0, 23.0, 4.0, 9.0, 8.968]",4,B0054,190,6751,06751.csv,0.8734606349455996,78,2010-09-23 04:09:08.968,78065007.375,0.4367303174727998
6752,"[2010.0, 9.0, 23.0, 7.0, 51.0, 17.218]",4,B0054,192,6753,06753.csv,0.903131190986828,79,2010-09-23 07:51:17.218,78078335.625,0.451565595493414
6756,"[2010.0, 9.0, 23.0, 12.0, 44.0, 52.046]",4,B0054,196,6757,06757.csv,0.8712217754060124,80,2010-09-23 12:44:52.046,78095950.453,0.4356108877030062
6758,"[2010.0, 9.0, 23.0, 16.0, 27.0, 6.734]",4,B0054,198,6759,06759.csv,0.8936499043476617,81,2010-09-23 16:27:06.734,78109285.141,0.44682495217383084
6760,"[2010.0, 9.0, 23.0, 20.0, 8.0, 35.109]",4,B0054,200,6761,06761.csv,0.8835064014687892,82,2010-09-23 20:08:35.109,78122573.516,0.44175320073439456
6762,"[2010.0, 9.0, 23.0, 23.0, 50.0, 11.265]",4,B0054,202,6763,06763.csv,0.8779403705367915,83,2010-09-23 23:50:11.265,78135869.672,0.43897018526839565
6764,"[2010.0, 9.0, 24.0, 3.0, 31.0, 49.968]",4,B0054,204,6765,06765.csv,0.8599389109365094,84,2010-09-24 03:31:49.968,78149168.375,0.4299694554682547
6768,"[2010.0, 9.0, 24.0, 8.0, 25.0, 18.515]",4,B0054,208,6769,06769.csv,0.8697358119609565,85,2010-09-24 08:25:18.515,78166776.922,0.4348679059804783
6770,"[2010.0, 9.0, 24.0, 12.0, 7.0, 3.171]",4,B0054,210,6771,06771.csv,0.8638271814812677,86,2010-09-24 12:07:03.171,78180081.578,0.43191359074063385
6772,"[2010.0, 9.0, 24.0, 15.0, 48.0, 49.406]",4,B0054,212,6773,06773.csv,0.8865694537789144,87,2010-09-24 15:48:49.406,78193387.813,0.44328472688945725
6774,"[2010.0, 9.0, 24.0, 19.0, 30.0, 22.281]",4,B0054,214,6775,06775.csv,0.8690078572313327,88,2010-09-24 19:30:22.281,78206680.688,0.4345039286156664
6776,"[2010.0, 9.0, 24.0, 23.0, 11.0, 34.281]",4,B0054,216,6777,06777.csv,0.8474446088377652,89,2010-09-24 23:11:34.281,78219952.688,0.42372230441888253
6780,"[2010.0, 9.0, 28.0, 11.0, 41.0, 33.437]",4,B0054,220,6781,06781.csv,0.8799727721580702,90,2010-09-28 11:41:33.437,78524151.844,0.43998638607903506
6784,"[2010.0, 9.0, 28.0, 16.0, 37.0, 32.109]",4,B0054,224,6785,06785.csv,0.9110444582768508,91,2010-09-28 16:37:32.109,78541910.516,0.45552222913842544
6786,"[2010.0, 9.0, 28.0, 20.0, 21.0, 33.968]",4,B0054,226,6787,06787.csv,0.912172429335506,92,2010-09-28 20:21:33.968,78555352.375,0.45608621466775295
6788,"[2010.0, 9.0, 29.0, 0.0, 5.0, 26.906]",4,B0054,228,6789,06789.csv,0.8872043975884799,93,2010-09-29 00:05:26.906,78568785.313,0.44360219879424
6790,"[2010.0, 9.0, 29.0, 3.0, 48.0, 21.015]",4,B0054,230,6791,06791.csv,0.8961236767959215,94,2010-09-29 03:48:21.015,78582159.422,0.44806183839796077
6792,"[2010.0, 9.0, 29.0, 7.0, 31.0, 12.015]",4,B0054,232,6793,06793.csv,0.8851334001128452,95,2010-09-29 07:31:12.015,78595530.422,0.4425667000564226
6796,"[2010.0, 9.0, 29.0, 12.0, 25.0, 41.906]",4,B0054,236,6797,06797.csv,0.8793386645436118,96,2010-09-29 12:25:41.906,78613200.313,0.4396693322718059
6798,"[2010.0, 9.0, 29.0, 16.0, 8.0, 13.421]",4,B0054,238,6799,06799.csv,0.8461224238450626,97,2010-09-29 16:08:13.421,78626551.828,0.4230612119225313
6800,"[2010.0, 9.0, 29.0, 19.0, 50.0, 59.781]",4,B0054,240,6801,06801.csv,0.8705933152969343,98,2010-09-29 19:50:59.781,78639918.188,0.43529665764846714
6802,"[2010.0, 9.0, 29.0, 23.0, 33.0, 0.89]",4,B0054,242,6803,06803.csv,0.8440520909609104,99,2010-09-29 23:33:00.890,78653239.297,0.4220260454804552
6804,"[2010.0, 9.0, 30.0, 3.0, 15.0, 20.437]",4,B0054,244,6805,06805.csv,0.8536244678403578,100,2010-09-30 03:15:20.437,78666578.844,0.4268122339201789
6808,"[2010.0, 9.0, 30.0, 8.0, 8.0, 36.328]",4,B0054,248,6809,06809.csv,0.8524519337958137,101,2010-09-30 08:08:36.328,78684174.735,0.4262259668979069
6810,"[2010.0, 9.0, 30.0, 11.0, 50.0, 17.687]",4,B0054,250,6811,06811.csv,0.8373919001793014,102,2010-09-30 11:50:17.687,78697476.094,0.4186959500896507
6812,"[2010.0, 9.0, 30.0, 15.0, 32.0, 33.078]",4,B0054,252,6813,06813.csv,0.0,103,2010-09-30 15:32:33.078,78710811.485,0.0
6813,"[2010.0, 9.0, 3.0, 12.0, 10.0, 27.156]",4,B0055,0,6814,06814.csv,0.7989997927037011,1,2010-09-03 12:10:27.156,76365885.563,0.39949989635185057
6817,"[2010.0, 9.0, 3.0, 17.0, 8.0, 51.656]",4,B0055,4,6818,06818.csv,1.319892156462878,2,2010-09-03 17:08:51.656,76383790.063,0.6599460782314391
6819,"[2010.0, 9.0, 3.0, 20.0, 58.0, 26.281]",4,B0055,6,6820,06820.csv,1.2769832801132015,3,2010-09-03 20:58:26.281,76397564.688,0.6384916400566008
6821,"[2010.0, 9.0, 4.0, 0.0, 47.0, 52.687]",4,B0055,8,6822,06822.csv,1.2572591312230863,4,2010-09-04 00:47:52.687,76411331.094,0.6286295656115432
6823,"[2010.0, 9.0, 4.0, 4.0, 35.0, 34.64]",4,B0055,10,6824,06824.csv,1.206763751299412,5,2010-09-04 04:35:34.640,76424993.047,0.603381875649706
6825,"[2010.0, 9.0, 4.0, 8.0, 24.0, 28.609]",4,B0055,12,6826,06826.csv,1.2077322536103197,6,2010-09-04 08:24:28.609,76438727.016,0.6038661268051598
6829,"[2010.0, 9.0, 4.0, 13.0, 22.0, 53.125]",4,B0055,16,6830,06830.csv,1.2009614290093835,7,2010-09-04 13:22:53.125,76456631.532,0.6004807145046918
6831,"[2010.0, 9.0, 4.0, 17.0, 7.0, 33.062]",4,B0055,18,6832,06832.csv,1.189059086549973,8,2010-09-04 17:07:33.062,76470111.469,0.5945295432749865
6833,"[2010.0, 9.0, 4.0, 20.0, 50.0, 47.984]",4,B0055,20,6834,06834.csv,1.169708782604433,9,2010-09-04 20:50:47.984,76483506.391,0.5848543913022165
6835,"[2010.0, 9.0, 5.0, 0.0, 38.0, 30.421]",4,B0055,22,6836,06836.csv,1.1483647194613424,10,2010-09-05 00:38:30.421,76497168.828,0.5741823597306712
6837,"[2010.0, 9.0, 5.0, 4.0, 25.0, 36.515]",4,B0055,24,6838,06838.csv,1.1527726060972296,11,2010-09-05 04:25:36.515,76510794.922,0.5763863030486148
6841,"[2010.0, 9.0, 5.0, 9.0, 19.0, 29.796]",4,B0055,28,6842,06842.csv,1.1318370471727228,12,2010-09-05 09:19:29.796,76528428.203,0.5659185235863614
6843,"[2010.0, 9.0, 5.0, 13.0, 6.0, 35.671]",4,B0055,30,6844,06844.csv,1.1326525803383347,13,2010-09-05 13:06:35.671,76542054.078,0.5663262901691674
6845,"[2010.0, 9.0, 5.0, 16.0, 52.0, 47.406]",4,B0055,32,6846,06846.csv,1.1160565716574584,14,2010-09-05 16:52:47.406,76555625.813,0.5580282858287292
6847,"[2010.0, 9.0, 5.0, 20.0, 39.0, 20.328]",4,B0055,34,6848,06848.csv,1.0984641825068853,15,2010-09-05 20:39:20.328,76569218.735,0.5492320912534426
6849,"[2010.0, 9.0, 6.0, 0.0, 25.0, 33.421]",4,B0055,36,6850,06850.csv,1.092569410309668,16,2010-09-06 00:25:33.421,76582791.828,0.546284705154834
6853,"[2010.0, 9.0, 6.0, 5.0, 23.0, 13.75]",4,B0055,40,6854,06854.csv,1.109167680712031,17,2010-09-06 05:23:13.750,76600652.157,0.5545838403560155
6855,"[2010.0, 9.0, 6.0, 9.0, 8.0, 34.203]",4,B0055,42,6856,06856.csv,1.107503502890571,18,2010-09-06 09:08:34.203,76614172.61,0.5537517514452857
6857,"[2010.0, 9.0, 6.0, 12.0, 53.0, 22.312]",4,B0055,44,6858,06858.csv,1.106751675424531,19,2010-09-06 12:53:22.312,76627660.719,0.5533758377122655
6859,"[2010.0, 9.0, 6.0, 16.0, 38.0, 35.375]",4,B0055,46,6860,06860.csv,1.0726694124582823,20,2010-09-06 16:38:35.375,76641173.782,0.5363347062291411
6861,"[2010.0, 9.0, 6.0, 20.0, 24.0, 10.25]",4,B0055,48,6862,06862.csv,1.0776844021506693,21,2010-09-06 20:24:10.250,76654708.657,0.5388422010753346
6865,"[2010.0, 9.0, 9.0, 16.0, 2.0, 55.593]",4,B0055,52,6866,06866.csv,1.1981714734535909,22,2010-09-09 16:02:55.593,76898234.0,0.5990857367267954
6869,"[2010.0, 9.0, 9.0, 21.0, 2.0, 0.109]",4,B0055,56,6870,06870.csv,1.162538155268093,23,2010-09-09 21:02:00.109,76916178.516,0.5812690776340464
6871,"[2010.0, 9.0, 10.0, 0.0, 49.0, 20.093]",4,B0055,58,6872,06872.csv,1.1556827465844224,24,2010-09-10 00:49:20.093,76929818.5,0.5778413732922112
6873,"[2010.0, 9.0, 10.0, 4.0, 36.0, 5.546]",4,B0055,60,6874,06874.csv,1.137444098422356,25,2010-09-10 04:36:05.546,76943423.953,0.568722049211178
6875,"[2010.0, 9.0, 10.0, 8.0, 21.0, 56.953]",4,B0055,62,6876,06876.csv,1.1126375352125493,26,2010-09-10 08:21:56.953,76956975.36,0.5563187676062746
6877,"[2010.0, 9.0, 10.0, 12.0, 7.0, 58.578]",4,B0055,64,6878,06878.csv,1.098656067845981,27,2010-09-10 12:07:58.578,76970536.985,0.5493280339229905
6881,"[2010.0, 9.0, 10.0, 17.0, 5.0, 18.031]",4,B0055,68,6882,06882.csv,1.098530275888464,28,2010-09-10 17:05:18.031,76988376.438,0.549265137944232
6883,"[2010.0, 9.0, 10.0, 20.0, 50.0, 57.921]",4,B0055,70,6884,06884.csv,1.1029370400968537,29,2010-09-10 20:50:57.921,77001916.328,0.5514685200484268
6885,"[2010.0, 9.0, 11.0, 0.0, 36.0, 11.406]",4,B0055,72,6886,06886.csv,1.0949644922735318,30,2010-09-11 00:36:11.406,77015429.813,0.5474822461367659
6887,"[2010.0, 9.0, 11.0, 4.0, 20.0, 54.625]",4,B0055,74,6888,06888.csv,1.0890679714830998,31,2010-09-11 04:20:54.625,77028913.032,0.5445339857415499
6889,"[2010.0, 9.0, 11.0, 8.0, 5.0, 50.875]",4,B0055,76,6890,06890.csv,1.073323391636053,32,2010-09-11 08:05:50.875,77042409.282,0.5366616958180265
6893,"[2010.0, 9.0, 11.0, 13.0, 2.0, 19.546]",4,B0055,80,6894,06894.csv,1.095373856745309,33,2010-09-11 13:02:19.546,77060197.953,0.5476869283726545
6895,"[2010.0, 9.0, 11.0, 16.0, 46.0, 28.437]",4,B0055,82,6896,06896.csv,1.0639517466243125,34,2010-09-11 16:46:28.437,77073646.844,0.5319758733121562
6897,"[2010.0, 9.0, 11.0, 20.0, 31.0, 10.015]",4,B0055,84,6898,06898.csv,1.085798072407703,35,2010-09-11 20:31:10.015,77087128.422,0.5428990362038515
6899,"[2010.0, 9.0, 12.0, 0.0, 15.0, 17.875]",4,B0055,86,6900,06900.csv,1.0588748965507555,36,2010-09-12 00:15:17.875,77100576.282,0.5294374482753778
6901,"[2010.0, 9.0, 12.0, 3.0, 59.0, 48.265]",4,B0055,88,6902,06902.csv,1.0813260035191288,37,2010-09-12 03:59:48.265,77114046.672,0.5406630017595644
6905,"[2010.0, 9.0, 12.0, 8.0, 55.0, 6.671]",4,B0055,92,6906,06906.csv,1.061601862588323,38,2010-09-12 08:55:06.671,77131765.078,0.5308009312941615
6907,"[2010.0, 9.0, 12.0, 12.0, 39.0, 18.218]",4,B0055,94,6908,06908.csv,1.0593920670581127,39,2010-09-12 12:39:18.218,77145216.625,0.5296960335290564
6909,"[2010.0, 9.0, 12.0, 16.0, 23.0, 34.703]",4,B0055,96,6910,06910.csv,1.0742513141424723,40,2010-09-12 16:23:34.703,77158673.11,0.5371256570712362
6911,"[2010.0, 9.0, 12.0, 20.0, 7.0, 24.765]",4,B0055,98,6912,06912.csv,1.04056147341315,41,2010-09-12 20:07:24.765,77172103.172,0.5202807367065752
6913,"[2010.0, 9.0, 12.0, 23.0, 51.0, 17.062]",4,B0055,100,6914,06914.csv,1.0575656535324895,42,2010-09-12 23:51:17.062,77185535.469,0.5287828267662448
6917,"[2010.0, 9.0, 14.0, 12.0, 6.0, 5.296]",4,B0055,104,6918,06918.csv,1.0983528970914622,43,2010-09-14 12:06:05.296,77316023.703,0.5491764485457311
6921,"[2010.0, 9.0, 14.0, 17.0, 3.0, 4.921]",4,B0055,108,6922,06922.csv,1.109758993739737,44,2010-09-14 17:03:04.921,77333843.328,0.5548794968698685
6923,"[2010.0, 9.0, 14.0, 20.0, 48.0, 6.968]",4,B0055,110,6924,06924.csv,1.0793315779206871,45,2010-09-14 20:48:06.968,77347345.375,0.5396657889603437
6925,"[2010.0, 9.0, 15.0, 0.0, 32.0, 54.453]",4,B0055,112,6926,06926.csv,1.0716159094756148,46,2010-09-15 00:32:54.453,77360832.86,0.5358079547378074
6927,"[2010.0, 9.0, 15.0, 4.0, 17.0, 21.781]",4,B0055,114,6928,06928.csv,1.0746464211019795,47,2010-09-15 04:17:21.781,77374300.188,0.5373232105509897
6929,"[2010.0, 9.0, 17.0, 15.0, 17.0, 48.765]",4,B0055,116,6930,06930.csv,1.08643683065179,48,2010-09-17 15:17:48.765,77586727.172,0.543218415325895
6933,"[2010.0, 9.0, 17.0, 20.0, 11.0, 19.796]",4,B0055,120,6934,06934.csv,1.1340138347387958,49,2010-09-17 20:11:19.796,77604338.203,0.5670069173693979
6935,"[2010.0, 9.0, 17.0, 23.0, 56.0, 44.39]",4,B0055,122,6936,06936.csv,1.1176964717951587,50,2010-09-17 23:56:44.390,77617862.797,0.5588482358975794
6937,"[2010.0, 9.0, 18.0, 3.0, 41.0, 26.687]",4,B0055,124,6938,06938.csv,1.1046468529644289,51,2010-09-18 03:41:26.687,77631345.094,0.5523234264822144
6939,"[2010.0, 9.0, 18.0, 7.0, 25.0, 38.64]",4,B0055,126,6940,06940.csv,1.089700148407426,52,2010-09-18 07:25:38.640,77644797.047,0.544850074203713
6941,"[2010.0, 9.0, 18.0, 11.0, 9.0, 35.656]",4,B0055,128,6942,06942.csv,1.075533547538172,53,2010-09-18 11:09:35.656,77658234.063,0.537766773769086
6945,"[2010.0, 9.0, 18.0, 16.0, 5.0, 6.281]",4,B0055,132,6946,06946.csv,1.0609866776144368,54,2010-09-18 16:05:06.281,77675964.688,0.5304933388072184
6947,"[2010.0, 9.0, 18.0, 19.0, 49.0, 23.328]",4,B0055,134,6948,06948.csv,1.0518218041615568,55,2010-09-18 19:49:23.328,77689421.735,0.5259109020807784
6949,"[2010.0, 9.0, 18.0, 23.0, 33.0, 26.125]",4,B0055,136,6950,06950.csv,1.0553857898132757,56,2010-09-18 23:33:26.125,77702864.532,0.5276928949066378
6951,"[2010.0, 9.0, 19.0, 3.0, 17.0, 11.312]",4,B0055,138,6952,06952.csv,1.0533102333691788,57,2010-09-19 03:17:11.312,77716289.719,0.5266551166845894
6953,"[2010.0, 9.0, 19.0, 7.0, 0.0, 37.453]",4,B0055,140,6954,06954.csv,1.0315365260084348,58,2010-09-19 07:00:37.453,77729695.86,0.5157682630042174
6957,"[2010.0, 9.0, 19.0, 11.0, 55.0, 48.484]",4,B0055,144,6958,06958.csv,1.0533401053259417,59,2010-09-19 11:55:48.484,77747406.891,0.5266700526629708
6959,"[2010.0, 9.0, 19.0, 15.0, 38.0, 44.765]",4,B0055,146,6960,06960.csv,1.0317876798810788,60,2010-09-19 15:38:44.765,77760783.172,0.5158938399405394
6961,"[2010.0, 9.0, 19.0, 19.0, 22.0, 11.656]",4,B0055,148,6962,06962.csv,1.0354207912157296,61,2010-09-19 19:22:11.656,77774190.063,0.5177103956078648
6963,"[2010.0, 9.0, 19.0, 23.0, 5.0, 17.437]",4,B0055,150,6964,06964.csv,1.0322251791310608,62,2010-09-19 23:05:17.437,77787575.844,0.5161125895655304
6965,"[2010.0, 9.0, 20.0, 2.0, 48.0, 11.609]",4,B0055,152,6966,06966.csv,1.011543397303472,63,2010-09-20 02:48:11.609,77800950.016,0.505771698651736
6969,"[2010.0, 9.0, 20.0, 7.0, 42.0, 50.203]",4,B0055,156,6970,06970.csv,1.0413760568150228,64,2010-09-20 07:42:50.203,77818628.61,0.5206880284075114
6971,"[2010.0, 9.0, 20.0, 11.0, 25.0, 31.156]",4,B0055,158,6972,06972.csv,1.02174193386881,65,2010-09-20 11:25:31.156,77831989.563,0.510870966934405
6973,"[2010.0, 9.0, 20.0, 15.0, 8.0, 29.703]",4,B0055,160,6974,06974.csv,1.0133135547969283,66,2010-09-20 15:08:29.703,77845368.11,0.5066567773984642
6975,"[2010.0, 9.0, 20.0, 18.0, 51.0, 21.781]",4,B0055,162,6976,06976.csv,1.029994255962691,67,2010-09-20 18:51:21.781,77858740.188,0.5149971279813456
6977,"[2010.0, 9.0, 20.0, 22.0, 33.0, 25.109]",4,B0055,164,6978,06978.csv,1.0189349807814327,68,2010-09-20 22:33:25.109,77872063.516,0.5094674903907164
6981,"[2010.0, 9.0, 21.0, 16.0, 21.0, 5.187]",4,B0055,168,6982,06982.csv,1.0290879520854015,69,2010-09-21 16:21:05.187,77936123.594,0.5145439760427007
6985,"[2010.0, 9.0, 21.0, 21.0, 16.0, 13.531]",4,B0055,172,6986,06986.csv,1.0567629241900045,70,2010-09-21 21:16:13.531,77953831.938,0.5283814620950023
6987,"[2010.0, 9.0, 22.0, 0.0, 59.0, 48.89]",4,B0055,174,6988,06988.csv,1.0291668536316647,71,2010-09-22 00:59:48.890,77967247.297,0.5145834268158324
6989,"[2010.0, 9.0, 22.0, 4.0, 42.0, 50.281]",4,B0055,176,6990,06990.csv,1.032129844490102,72,2010-09-22 04:42:50.281,77980628.688,0.516064922245051
6991,"[2010.0, 9.0, 22.0, 8.0, 25.0, 42.578]",4,B0055,178,6992,06992.csv,1.0409230283951276,73,2010-09-22 08:25:42.578,77994000.985,0.5204615141975638
6993,"[2010.0, 9.0, 22.0, 12.0, 7.0, 52.0]",4,B0055,180,6994,06994.csv,1.011161098766987,74,2010-09-22 12:07:52.000,78007330.407,0.5055805493834935
6997,"[2010.0, 9.0, 22.0, 17.0, 2.0, 11.859]",4,B0055,184,6998,06998.csv,1.0337876112911784,75,2010-09-22 17:02:11.859,78024990.266,0.5168938056455892
6999,"[2010.0, 9.0, 22.0, 20.0, 44.0, 38.687]",4,B0055,186,7000,07000.csv,1.003994224020383,76,2010-09-22 20:44:38.687,78038337.094,0.5019971120101915
7001,"[2010.0, 9.0, 23.0, 0.0, 27.0, 12.937]",4,B0055,188,7002,07002.csv,1.0334195479955004,77,2010-09-23 00:27:12.937,78051691.344,0.5167097739977502
7003,"[2010.0, 9.0, 23.0, 4.0, 9.0, 8.968]",4,B0055,190,7004,07004.csv,1.009893656411646,78,2010-09-23 04:09:08.968,78065007.375,0.5049468282058232
7005,"[2010.0, 9.0, 23.0, 7.0, 51.0, 17.218]",4,B0055,192,7006,07006.csv,1.0126262447940628,79,2010-09-23 07:51:17.218,78078335.625,0.5063131223970314
7009,"[2010.0, 9.0, 23.0, 12.0, 44.0, 52.046]",4,B0055,196,7010,07010.csv,0.9948742055727694,80,2010-09-23 12:44:52.046,78095950.453,0.49743710278638464
7011,"[2010.0, 9.0, 23.0, 16.0, 27.0, 6.734]",4,B0055,198,7012,07012.csv,1.0240799556179332,81,2010-09-23 16:27:06.734,78109285.141,0.5120399778089666
7013,"[2010.0, 9.0, 23.0, 20.0, 8.0, 35.109]",4,B0055,200,7014,07014.csv,1.0208889510043029,82,2010-09-23 20:08:35.109,78122573.516,0.5104444755021514
7015,"[2010.0, 9.0, 23.0, 23.0, 50.0, 11.265]",4,B0055,202,7016,07016.csv,1.016100815944114,83,2010-09-23 23:50:11.265,78135869.672,0.508050407972057
7017,"[2010.0, 9.0, 24.0, 3.0, 31.0, 49.968]",4,B0055,204,7018,07018.csv,0.9987875345106276,84,2010-09-24 03:31:49.968,78149168.375,0.4993937672553138
7021,"[2010.0, 9.0, 24.0, 8.0, 25.0, 18.515]",4,B0055,208,7022,07022.csv,1.0158868294923784,85,2010-09-24 08:25:18.515,78166776.922,0.5079434147461892
7023,"[2010.0, 9.0, 24.0, 12.0, 7.0, 3.171]",4,B0055,210,7024,07024.csv,0.9963437517762594,86,2010-09-24 12:07:03.171,78180081.578,0.4981718758881297
7025,"[2010.0, 9.0, 24.0, 15.0, 48.0, 49.406]",4,B0055,212,7026,07026.csv,1.0053777381419529,87,2010-09-24 15:48:49.406,78193387.813,0.5026888690709764
7027,"[2010.0, 9.0, 24.0, 19.0, 30.0, 22.281]",4,B0055,214,7028,07028.csv,1.009132291002791,88,2010-09-24 19:30:22.281,78206680.688,0.5045661455013954
7029,"[2010.0, 9.0, 24.0, 23.0, 11.0, 34.281]",4,B0055,216,7030,07030.csv,0.9984581240784204,89,2010-09-24 23:11:34.281,78219952.688,0.49922906203921014
7033,"[2010.0, 9.0, 28.0, 11.0, 41.0, 33.437]",4,B0055,220,7034,07034.csv,1.0892389324114138,90,2010-09-28 11:41:33.437,78524151.844,0.5446194662057069
7037,"[2010.0, 9.0, 28.0, 16.0, 37.0, 32.109]",4,B0055,224,7038,07038.csv,1.0793936031703524,91,2010-09-28 16:37:32.109,78541910.516,0.5396968015851762
7039,"[2010.0, 9.0, 28.0, 20.0, 21.0, 33.968]",4,B0055,226,7040,07040.csv,1.032614295314224,92,2010-09-28 20:21:33.968,78555352.375,0.5163071476571119
7041,"[2010.0, 9.0, 29.0, 0.0, 5.0, 26.906]",4,B0055,228,7042,07042.csv,1.0498572649026638,93,2010-09-29 00:05:26.906,78568785.313,0.524928632451332
7043,"[2010.0, 9.0, 29.0, 3.0, 48.0, 21.015]",4,B0055,230,7044,07044.csv,1.0453902697248565,94,2010-09-29 03:48:21.015,78582159.422,0.5226951348624282
7045,"[2010.0, 9.0, 29.0, 7.0, 31.0, 12.015]",4,B0055,232,7046,07046.csv,1.0001607736713514,95,2010-09-29 07:31:12.015,78595530.422,0.5000803868356757
7049,"[2010.0, 9.0, 29.0, 12.0, 25.0, 41.906]",4,B0055,236,7050,07050.csv,1.0084094786878155,96,2010-09-29 12:25:41.906,78613200.313,0.5042047393439077
7051,"[2010.0, 9.0, 29.0, 16.0, 8.0, 13.421]",4,B0055,238,7052,07052.csv,1.003655158082039,97,2010-09-29 16:08:13.421,78626551.828,0.5018275790410195
7053,"[2010.0, 9.0, 29.0, 19.0, 50.0, 59.781]",4,B0055,240,7054,07054.csv,1.028526967659532,98,2010-09-29 19:50:59.781,78639918.188,0.514263483829766
7055,"[2010.0, 9.0, 29.0, 23.0, 33.0, 0.89]",4,B0055,242,7056,07056.csv,0.9816844358987022,99,2010-09-29 23:33:00.890,78653239.297,0.4908422179493511
7057,"[2010.0, 9.0, 30.0, 3.0, 15.0, 20.437]",4,B0055,244,7058,07058.csv,1.0127121434171131,100,2010-09-30 03:15:20.437,78666578.844,0.5063560717085566
7061,"[2010.0, 9.0, 30.0, 8.0, 8.0, 36.328]",4,B0055,248,7062,07062.csv,1.0201379996149256,101,2010-09-30 08:08:36.328,78684174.735,0.5100689998074628
7063,"[2010.0, 9.0, 30.0, 11.0, 50.0, 17.687]",4,B0055,250,7064,07064.csv,0.9907591663373164,102,2010-09-30 11:50:17.687,78697476.094,0.4953795831686582
7065,"[2010.0, 9.0, 3.0, 12.0, 10.0, 27.156]",4,B0056,0,7066,07066.csv,0.7852781208785192,1,2010-09-03 12:10:27.156,76365885.563,0.3926390604392597
7069,"[2010.0, 9.0, 3.0, 17.0, 8.0, 51.656]",4,B0056,4,7070,07070.csv,1.3443555553017368,2,2010-09-03 17:08:51.656,76383790.063,0.6721777776508684
7071,"[2010.0, 9.0, 3.0, 20.0, 58.0, 26.281]",4,B0056,6,7072,07072.csv,1.317502710734752,3,2010-09-03 20:58:26.281,76397564.688,0.6587513553673758
7073,"[2010.0, 9.0, 4.0, 0.0, 47.0, 52.687]",4,B0056,8,7074,07074.csv,1.2973654679476911,4,2010-09-04 00:47:52.687,76411331.094,0.6486827339738456
7075,"[2010.0, 9.0, 4.0, 4.0, 35.0, 34.64]",4,B0056,10,7076,07076.csv,1.263960414854898,5,2010-09-04 04:35:34.640,76424993.047,0.631980207427449
7077,"[2010.0, 9.0, 4.0, 8.0, 24.0, 28.609]",4,B0056,12,7078,07078.csv,1.2589496187032136,6,2010-09-04 08:24:28.609,76438727.016,0.6294748093516069
7081,"[2010.0, 9.0, 4.0, 13.0, 22.0, 53.125]",4,B0056,16,7082,07082.csv,1.28061976902026,7,2010-09-04 13:22:53.125,76456631.532,0.64030988451013
7083,"[2010.0, 9.0, 4.0, 17.0, 7.0, 33.062]",4,B0056,18,7084,07084.csv,1.2572786868607095,8,2010-09-04 17:07:33.062,76470111.469,0.6286393434303548
7085,"[2010.0, 9.0, 4.0, 20.0, 50.0, 47.984]",4,B0056,20,7086,07086.csv,1.2226260041048898,9,2010-09-04 20:50:47.984,76483506.391,0.6113130020524449
7087,"[2010.0, 9.0, 5.0, 0.0, 38.0, 30.421]",4,B0056,22,7088,07088.csv,1.2292772249257495,10,2010-09-05 00:38:30.421,76497168.828,0.6146386124628748
7089,"[2010.0, 9.0, 5.0, 4.0, 25.0, 36.515]",4,B0056,24,7090,07090.csv,1.2275780135689456,11,2010-09-05 04:25:36.515,76510794.922,0.6137890067844728
7093,"[2010.0, 9.0, 5.0, 9.0, 19.0, 29.796]",4,B0056,28,7094,07094.csv,1.2133872888296768,12,2010-09-05 09:19:29.796,76528428.203,0.6066936444148384
7095,"[2010.0, 9.0, 5.0, 13.0, 6.0, 35.671]",4,B0056,30,7096,07096.csv,1.230223614493081,13,2010-09-05 13:06:35.671,76542054.078,0.6151118072465405
7097,"[2010.0, 9.0, 5.0, 16.0, 52.0, 47.406]",4,B0056,32,7098,07098.csv,1.1927530108462678,14,2010-09-05 16:52:47.406,76555625.813,0.596376505423134
7099,"[2010.0, 9.0, 5.0, 20.0, 39.0, 20.328]",4,B0056,34,7100,07100.csv,1.18671066359878,15,2010-09-05 20:39:20.328,76569218.735,0.59335533179939
7101,"[2010.0, 9.0, 6.0, 0.0, 25.0, 33.421]",4,B0056,36,7102,07102.csv,1.1914875140242167,16,2010-09-06 00:25:33.421,76582791.828,0.5957437570121084
7105,"[2010.0, 9.0, 6.0, 5.0, 23.0, 13.75]",4,B0056,40,7106,07106.csv,1.214178606017816,17,2010-09-06 05:23:13.750,76600652.157,0.607089303008908
7107,"[2010.0, 9.0, 6.0, 9.0, 8.0, 34.203]",4,B0056,42,7108,07108.csv,1.2094387558721402,18,2010-09-06 09:08:34.203,76614172.61,0.6047193779360701
7109,"[2010.0, 9.0, 6.0, 12.0, 53.0, 22.312]",4,B0056,44,7110,07110.csv,1.207072299940321,19,2010-09-06 12:53:22.312,76627660.719,0.6035361499701605
7111,"[2010.0, 9.0, 6.0, 16.0, 38.0, 35.375]",4,B0056,46,7112,07112.csv,1.162961249391913,20,2010-09-06 16:38:35.375,76641173.782,0.5814806246959565
7113,"[2010.0, 9.0, 6.0, 20.0, 24.0, 10.25]",4,B0056,48,7114,07114.csv,1.17887968705904,21,2010-09-06 20:24:10.250,76654708.657,0.58943984352952
7117,"[2010.0, 9.0, 9.0, 16.0, 2.0, 55.593]",4,B0056,52,7118,07118.csv,1.2945104146044433,22,2010-09-09 16:02:55.593,76898234.0,0.6472552073022215
7121,"[2010.0, 9.0, 9.0, 21.0, 2.0, 0.109]",4,B0056,56,7122,07122.csv,1.2602567563003473,23,2010-09-09 21:02:00.109,76916178.516,0.6301283781501736
7123,"[2010.0, 9.0, 10.0, 0.0, 49.0, 20.093]",4,B0056,58,7124,07124.csv,1.2408721291565108,24,2010-09-10 00:49:20.093,76929818.5,0.6204360645782554
7125,"[2010.0, 9.0, 10.0, 4.0, 36.0, 5.546]",4,B0056,60,7126,07126.csv,1.252197340273113,25,2010-09-10 04:36:05.546,76943423.953,0.6260986701365565
7127,"[2010.0, 9.0, 10.0, 8.0, 21.0, 56.953]",4,B0056,62,7128,07128.csv,1.2279025700477384,26,2010-09-10 08:21:56.953,76956975.36,0.6139512850238692
7129,"[2010.0, 9.0, 10.0, 12.0, 7.0, 58.578]",4,B0056,64,7130,07130.csv,1.1917170308946994,27,2010-09-10 12:07:58.578,76970536.985,0.5958585154473497
7133,"[2010.0, 9.0, 10.0, 17.0, 5.0, 18.031]",4,B0056,68,7134,07134.csv,1.1858570240011006,28,2010-09-10 17:05:18.031,76988376.438,0.5929285120005503
7135,"[2010.0, 9.0, 10.0, 20.0, 50.0, 57.921]",4,B0056,70,7136,07136.csv,1.1840938286611429,29,2010-09-10 20:50:57.921,77001916.328,0.5920469143305714
7137,"[2010.0, 9.0, 11.0, 0.0, 36.0, 11.406]",4,B0056,72,7138,07138.csv,1.2059829135917657,30,2010-09-11 00:36:11.406,77015429.813,0.6029914567958828
7139,"[2010.0, 9.0, 11.0, 4.0, 20.0, 54.625]",4,B0056,74,7140,07140.csv,1.165428493679393,31,2010-09-11 04:20:54.625,77028913.032,0.5827142468396965
7141,"[2010.0, 9.0, 11.0, 8.0, 5.0, 50.875]",4,B0056,76,7142,07142.csv,1.1790060613193858,32,2010-09-11 08:05:50.875,77042409.282,0.5895030306596929
7145,"[2010.0, 9.0, 11.0, 13.0, 2.0, 19.546]",4,B0056,80,7146,07146.csv,1.2013113747183153,33,2010-09-11 13:02:19.546,77060197.953,0.6006556873591576
7147,"[2010.0, 9.0, 11.0, 16.0, 46.0, 28.437]",4,B0056,82,7148,07148.csv,1.165597803317432,34,2010-09-11 16:46:28.437,77073646.844,0.582798901658716
7149,"[2010.0, 9.0, 11.0, 20.0, 31.0, 10.015]",4,B0056,84,7150,07150.csv,1.180303335055002,35,2010-09-11 20:31:10.015,77087128.422,0.590151667527501
7151,"[2010.0, 9.0, 12.0, 0.0, 15.0, 17.875]",4,B0056,86,7152,07152.csv,1.1658134189695046,36,2010-09-12 00:15:17.875,77100576.282,0.5829067094847523
7153,"[2010.0, 9.0, 12.0, 3.0, 59.0, 48.265]",4,B0056,88,7154,07154.csv,1.176396051577376,37,2010-09-12 03:59:48.265,77114046.672,0.5881980257886881
7157,"[2010.0, 9.0, 12.0, 8.0, 55.0, 6.671]",4,B0056,92,7158,07158.csv,1.1458325512940766,38,2010-09-12 08:55:06.671,77131765.078,0.5729162756470383
7159,"[2010.0, 9.0, 12.0, 12.0, 39.0, 18.218]",4,B0056,94,7160,07160.csv,1.167557759980296,39,2010-09-12 12:39:18.218,77145216.625,0.583778879990148
7161,"[2010.0, 9.0, 12.0, 16.0, 23.0, 34.703]",4,B0056,96,7162,07162.csv,1.145636654711916,40,2010-09-12 16:23:34.703,77158673.11,0.572818327355958
7163,"[2010.0, 9.0, 12.0, 20.0, 7.0, 24.765]",4,B0056,98,7164,07164.csv,1.1443667002824445,41,2010-09-12 20:07:24.765,77172103.172,0.5721833501412223
7165,"[2010.0, 9.0, 12.0, 23.0, 51.0, 17.062]",4,B0056,100,7166,07166.csv,1.1605177686388095,42,2010-09-12 23:51:17.062,77185535.469,0.5802588843194048
7169,"[2010.0, 9.0, 14.0, 12.0, 6.0, 5.296]",4,B0056,104,7170,07170.csv,1.227201304260248,43,2010-09-14 12:06:05.296,77316023.703,0.613600652130124
7173,"[2010.0, 9.0, 14.0, 17.0, 3.0, 4.921]",4,B0056,108,7174,07174.csv,1.2454797202045476,44,2010-09-14 17:03:04.921,77333843.328,0.6227398601022738
7175,"[2010.0, 9.0, 14.0, 20.0, 48.0, 6.968]",4,B0056,110,7176,07176.csv,1.1722288849037228,45,2010-09-14 20:48:06.968,77347345.375,0.5861144424518614
7177,"[2010.0, 9.0, 15.0, 0.0, 32.0, 54.453]",4,B0056,112,7178,07178.csv,1.1953514999944956,46,2010-09-15 00:32:54.453,77360832.86,0.5976757499972478
7179,"[2010.0, 9.0, 15.0, 4.0, 17.0, 21.781]",4,B0056,114,7180,07180.csv,1.1919514716203925,47,2010-09-15 04:17:21.781,77374300.188,0.5959757358101961
7181,"[2010.0, 9.0, 17.0, 15.0, 17.0, 48.765]",4,B0056,116,7182,07182.csv,1.2296223665252586,48,2010-09-17 15:17:48.765,77586727.172,0.6148111832626293
7185,"[2010.0, 9.0, 17.0, 20.0, 11.0, 19.796]",4,B0056,120,7186,07186.csv,1.2774519419396988,49,2010-09-17 20:11:19.796,77604338.203,0.6387259709698494
7187,"[2010.0, 9.0, 17.0, 23.0, 56.0, 44.39]",4,B0056,122,7188,07188.csv,1.2433879751668584,50,2010-09-17 23:56:44.390,77617862.797,0.6216939875834292
7189,"[2010.0, 9.0, 18.0, 3.0, 41.0, 26.687]",4,B0056,124,7190,07190.csv,1.230802542912592,51,2010-09-18 03:41:26.687,77631345.094,0.615401271456296
7191,"[2010.0, 9.0, 18.0, 7.0, 25.0, 38.64]",4,B0056,126,7192,07192.csv,1.2162358534094664,52,2010-09-18 07:25:38.640,77644797.047,0.6081179267047332
7193,"[2010.0, 9.0, 18.0, 11.0, 9.0, 35.656]",4,B0056,128,7194,07194.csv,1.2088335726499548,53,2010-09-18 11:09:35.656,77658234.063,0.6044167863249774
7197,"[2010.0, 9.0, 18.0, 16.0, 5.0, 6.281]",4,B0056,132,7198,07198.csv,1.1946181162240357,54,2010-09-18 16:05:06.281,77675964.688,0.5973090581120178
7199,"[2010.0, 9.0, 18.0, 19.0, 49.0, 23.328]",4,B0056,134,7200,07200.csv,1.1734248134794991,55,2010-09-18 19:49:23.328,77689421.735,0.5867124067397496
7201,"[2010.0, 9.0, 18.0, 23.0, 33.0, 26.125]",4,B0056,136,7202,07202.csv,1.1404596305913128,56,2010-09-18 23:33:26.125,77702864.532,0.5702298152956564
7203,"[2010.0, 9.0, 19.0, 3.0, 17.0, 11.312]",4,B0056,138,7204,07204.csv,1.1821716406845988,57,2010-09-19 03:17:11.312,77716289.719,0.5910858203422994
7205,"[2010.0, 9.0, 19.0, 7.0, 0.0, 37.453]",4,B0056,140,7206,07206.csv,1.1480663382055174,58,2010-09-19 07:00:37.453,77729695.86,0.5740331691027587
7209,"[2010.0, 9.0, 19.0, 11.0, 55.0, 48.484]",4,B0056,144,7210,07210.csv,1.1825381935034152,59,2010-09-19 11:55:48.484,77747406.891,0.5912690967517076
7211,"[2010.0, 9.0, 19.0, 15.0, 38.0, 44.765]",4,B0056,146,7212,07212.csv,1.15520928628466,60,2010-09-19 15:38:44.765,77760783.172,0.57760464314233
7213,"[2010.0, 9.0, 19.0, 19.0, 22.0, 11.656]",4,B0056,148,7214,07214.csv,1.1216816712671696,61,2010-09-19 19:22:11.656,77774190.063,0.5608408356335848
7215,"[2010.0, 9.0, 19.0, 23.0, 5.0, 17.437]",4,B0056,150,7216,07216.csv,1.162666262561457,62,2010-09-19 23:05:17.437,77787575.844,0.5813331312807285
7217,"[2010.0, 9.0, 20.0, 2.0, 48.0, 11.609]",4,B0056,152,7218,07218.csv,1.124695615744926,63,2010-09-20 02:48:11.609,77800950.016,0.5623478078724629
7221,"[2010.0, 9.0, 20.0, 7.0, 42.0, 50.203]",4,B0056,156,7222,07222.csv,1.1664177948797931,64,2010-09-20 07:42:50.203,77818628.61,0.5832088974398966
7223,"[2010.0, 9.0, 20.0, 11.0, 25.0, 31.156]",4,B0056,158,7224,07224.csv,1.1346745156379463,65,2010-09-20 11:25:31.156,77831989.563,0.5673372578189732
7225,"[2010.0, 9.0, 20.0, 15.0, 8.0, 29.703]",4,B0056,160,7226,07226.csv,1.1012231317092755,66,2010-09-20 15:08:29.703,77845368.11,0.5506115658546378
7227,"[2010.0, 9.0, 20.0, 18.0, 51.0, 21.781]",4,B0056,162,7228,07228.csv,1.1560733948472832,67,2010-09-20 18:51:21.781,77858740.188,0.5780366974236416
7229,"[2010.0, 9.0, 20.0, 22.0, 33.0, 25.109]",4,B0056,164,7230,07230.csv,1.1385609898764002,68,2010-09-20 22:33:25.109,77872063.516,0.5692804949382001
7233,"[2010.0, 9.0, 21.0, 16.0, 21.0, 5.187]",4,B0056,168,7234,07234.csv,1.1757265448773706,69,2010-09-21 16:21:05.187,77936123.594,0.5878632724386853
7237,"[2010.0, 9.0, 21.0, 21.0, 16.0, 13.531]",4,B0056,172,7238,07238.csv,1.1969385632452556,70,2010-09-21 21:16:13.531,77953831.938,0.5984692816226278
7239,"[2010.0, 9.0, 22.0, 0.0, 59.0, 48.89]",4,B0056,174,7240,07240.csv,1.1267457988726266,71,2010-09-22 00:59:48.890,77967247.297,0.5633728994363133
7241,"[2010.0, 9.0, 22.0, 4.0, 42.0, 50.281]",4,B0056,176,7242,07242.csv,1.1601031368559531,72,2010-09-22 04:42:50.281,77980628.688,0.5800515684279766
7243,"[2010.0, 9.0, 22.0, 8.0, 25.0, 42.578]",4,B0056,178,7244,07244.csv,1.1361458729690277,73,2010-09-22 08:25:42.578,77994000.985,0.5680729364845138
7245,"[2010.0, 9.0, 22.0, 12.0, 7.0, 52.0]",4,B0056,180,7246,07246.csv,1.1397253894261876,74,2010-09-22 12:07:52.000,78007330.407,0.5698626947130938
7249,"[2010.0, 9.0, 22.0, 17.0, 2.0, 11.859]",4,B0056,184,7250,07250.csv,1.1560010024767575,75,2010-09-22 17:02:11.859,78024990.266,0.5780005012383788
7251,"[2010.0, 9.0, 22.0, 20.0, 44.0, 38.687]",4,B0056,186,7252,07252.csv,1.126818619026835,76,2010-09-22 20:44:38.687,78038337.094,0.5634093095134175
7253,"[2010.0, 9.0, 23.0, 0.0, 27.0, 12.937]",4,B0056,188,7254,07254.csv,1.116688355680394,77,2010-09-23 00:27:12.937,78051691.344,0.558344177840197
7255,"[2010.0, 9.0, 23.0, 4.0, 9.0, 8.968]",4,B0056,190,7256,07256.csv,1.1330613197666846,78,2010-09-23 04:09:08.968,78065007.375,0.5665306598833423
7257,"[2010.0, 9.0, 23.0, 7.0, 51.0, 17.218]",4,B0056,192,7258,07258.csv,1.0893839897995972,79,2010-09-23 07:51:17.218,78078335.625,0.5446919948997986
7261,"[2010.0, 9.0, 23.0, 12.0, 44.0, 52.046]",4,B0056,196,7262,07262.csv,1.112083645925937,80,2010-09-23 12:44:52.046,78095950.453,0.5560418229629684
7263,"[2010.0, 9.0, 23.0, 16.0, 27.0, 6.734]",4,B0056,198,7264,07264.csv,1.1279950254648337,81,2010-09-23 16:27:06.734,78109285.141,0.5639975127324167
7265,"[2010.0, 9.0, 23.0, 20.0, 8.0, 35.109]",4,B0056,200,7266,07266.csv,1.1386774565024178,82,2010-09-23 20:08:35.109,78122573.516,0.5693387282512089
7267,"[2010.0, 9.0, 23.0, 23.0, 50.0, 11.265]",4,B0056,202,7268,07268.csv,1.1271136962200643,83,2010-09-23 23:50:11.265,78135869.672,0.5635568481100321
7269,"[2010.0, 9.0, 24.0, 3.0, 31.0, 49.968]",4,B0056,204,7270,07270.csv,1.110150886965375,84,2010-09-24 03:31:49.968,78149168.375,0.5550754434826874
7273,"[2010.0, 9.0, 24.0, 8.0, 25.0, 18.515]",4,B0056,208,7274,07274.csv,1.1344632260422465,85,2010-09-24 08:25:18.515,78166776.922,0.5672316130211231
7275,"[2010.0, 9.0, 24.0, 12.0, 7.0, 3.171]",4,B0056,210,7276,07276.csv,1.108458756302863,86,2010-09-24 12:07:03.171,78180081.578,0.5542293781514315
7277,"[2010.0, 9.0, 24.0, 15.0, 48.0, 49.406]",4,B0056,212,7278,07278.csv,1.0768220870214844,87,2010-09-24 15:48:49.406,78193387.813,0.5384110435107422
7279,"[2010.0, 9.0, 24.0, 19.0, 30.0, 22.281]",4,B0056,214,7280,07280.csv,1.128398212919817,88,2010-09-24 19:30:22.281,78206680.688,0.5641991064599085
7281,"[2010.0, 9.0, 24.0, 23.0, 11.0, 34.281]",4,B0056,216,7282,07282.csv,1.1066350346531368,89,2010-09-24 23:11:34.281,78219952.688,0.5533175173265684
7285,"[2010.0, 9.0, 28.0, 11.0, 41.0, 33.437]",4,B0056,220,7286,07286.csv,1.271609072217319,90,2010-09-28 11:41:33.437,78524151.844,0.6358045361086595
7289,"[2010.0, 9.0, 28.0, 16.0, 37.0, 32.109]",4,B0056,224,7290,07290.csv,1.2415767175377967,91,2010-09-28 16:37:32.109,78541910.516,0.6207883587688984
7291,"[2010.0, 9.0, 28.0, 20.0, 21.0, 33.968]",4,B0056,226,7292,07292.csv,1.174652904422814,92,2010-09-28 20:21:33.968,78555352.375,0.587326452211407
7293,"[2010.0, 9.0, 29.0, 0.0, 5.0, 26.906]",4,B0056,228,7294,07294.csv,1.1989389885187762,93,2010-09-29 00:05:26.906,78568785.313,0.5994694942593881
7295,"[2010.0, 9.0, 29.0, 3.0, 48.0, 21.015]",4,B0056,230,7296,07296.csv,1.1461398965188565,94,2010-09-29 03:48:21.015,78582159.422,0.5730699482594283
7297,"[2010.0, 9.0, 29.0, 7.0, 31.0, 12.015]",4,B0056,232,7298,07298.csv,1.129224378671885,95,2010-09-29 07:31:12.015,78595530.422,0.5646121893359425
7301,"[2010.0, 9.0, 29.0, 12.0, 25.0, 41.906]",4,B0056,236,7302,07302.csv,1.1103432888019913,96,2010-09-29 12:25:41.906,78613200.313,0.5551716444009956
7303,"[2010.0, 9.0, 29.0, 16.0, 8.0, 13.421]",4,B0056,238,7304,07304.csv,1.153909472897475,97,2010-09-29 16:08:13.421,78626551.828,0.5769547364487375
7305,"[2010.0, 9.0, 29.0, 19.0, 50.0, 59.781]",4,B0056,240,7306,07306.csv,1.1302191455340138,98,2010-09-29 19:50:59.781,78639918.188,0.5651095727670069
7307,"[2010.0, 9.0, 29.0, 23.0, 33.0, 0.89]",4,B0056,242,7308,07308.csv,1.1258719408034097,99,2010-09-29 23:33:00.890,78653239.297,0.5629359704017048
7309,"[2010.0, 9.0, 30.0, 3.0, 15.0, 20.437]",4,B0056,244,7310,07310.csv,1.1430108283920968,100,2010-09-30 03:15:20.437,78666578.844,0.5715054141960484
7313,"[2010.0, 9.0, 30.0, 8.0, 8.0, 36.328]",4,B0056,248,7314,07314.csv,1.1372731775310292,101,2010-09-30 08:08:36.328,78684174.735,0.5686365887655146
7315,"[2010.0, 9.0, 30.0, 11.0, 50.0, 17.687]",4,B0056,250,7316,07316.csv,1.1290590137779504,102,2010-09-30 11:50:17.687,78697476.094,0.5645295068889752
